time_s,wall_K,payload_K,air_K,radiative_sink_K,h_W_m2_K,absorbed_W,convection_W,radiation_W,wall_to_payload_W
0.0,285.0,285.0,270.0,258.0,8.0,8.0,-18.0,-13.821970551756316,0.0
10.0,284.8034446628053,285.0342034282964,269.93055555555554,257.93055555555554,7.979472967410894,8.0,-17.80167248678991,-13.736406585578132,-0.1846070123928712
20.0,284.61073996326786,285.06626334494445,269.8611111111111,257.8611111111111,7.959002875236235,8.0,-17.608850766447464,-13.653323121924924,-0.36441870534126797
30.0,284.42178093011273,285.0962354059812,269.7916666666667,257.7916666666667,7.938589565527682,8.0,-17.421370865140574,-13.572644420121472,-0.5395635806947666
40.0,284.23646561338285,285.124173776996,269.72222222222223,257.72222222222223,7.918232880775025,8.0,-17.239073888918945,-13.49429730365611,-0.7101665308905013
50.0,284.05469499221437,285.1501311749597,269.65277777777777,257.65277777777777,7.897932663904981,8.0,-17.06180585861313,-13.418211061892219,-0.8763489461962763
60.0,283.8763728856436,285.17415890881296,269.5833333333333,257.5833333333333,7.8776887582799695,8.0,-16.88941755043286,-13.3443173560917,-1.038228818535481
70.0,283.70140586633727,285.196306918852,269.5138888888889,257.5138888888889,7.857501007696918,8.0,-16.721764342052634,-13.27255012953514,-1.1959208420117649
80.0,283.52970317713954,285.2166238149509,269.44444444444446,257.44444444444446,7.837369256386044,8.0,-16.55870606398012,-13.20284552153514,-1.3495365102490724
90.0,283.36117665033623,285.2351569136568,269.375,257.375,7.817293349009661,8.0,-16.400106856012147,-13.135141785150761,-1.4991842106564492
100.0,283.19574062953825,285.2519522741939,269.30555555555554,257.30555555555554,7.797273130660978,8.0,-16.245835028591028,-13.069379208421743,-1.6449693157245293
110.0,283.03331189409187,285.2670547334099,269.2361111111111,257.2361111111111,7.777308446862901,8.0,-16.09576292888098,-13.005500038950991,-1.7869942714544322
120.0,282.8738095859265,285.2805079396989,269.1666666666667,257.1666666666667,7.757399143566843,8.0,-15.949766811392154,-12.943448411673295,-1.9253586830179303
130.0,282.71715513875375,285.2923543859321,269.09722222222223,257.09722222222223,7.737545067151542,8.0,-15.80772671298651,-12.883170279656948,-2.060159397742655
140.0,282.56327220953597,285.3026354414276,269.02777777777777,257.02777777777777,7.717746064421862,8.0,-15.669526332105875,-12.824613347793271,-2.191490585513293
150.0,282.4120866121443,285.3113913829892,268.9583333333333,256.9583333333333,7.6980019826076225,8.0,-15.535052912070139,-12.767727009236852,-2.319443816675903
160.0,282.2635262531312,285.31866142504265,268.8888888888889,256.8888888888889,7.678312669362416,8.0,-15.404197128298428,-12.712462284466836,-2.444108137529156
170.0,282.11752106954276,285.32448374889776,268.81944444444446,256.81944444444446,7.658677972762432,8.0,-15.276852979312103,-12.65877176284589,-2.5655701434840013
180.0,281.97400296870205,285.3288955311632,268.75,256.75,7.639097741305283,8.0,-15.152917681383933,-12.606609546560616,-2.6839140499689167
190.0,281.8329057698946,285.3319329713398,268.68055555555554,256.68055555555554,7.619571823908841,8.0,-15.03229156670387,-12.555931196833049,-2.7992217611561956
200.0,281.6941651478912,285.333631318618,268.6111111111111,256.6111111111111,7.600100069910064,8.0,-14.914877984935481,-12.506693682298412,-2.9115729365814333
210.0,281.5577185782462,285.33402489790336,268.5416666666667,256.5416666666667,7.580682329063842,8.0,-14.800583208043248,-12.45885532945018,-3.021045055725745
220.0,281.42350528430904,285.3331471350941,268.47222222222223,256.47222222222223,7.56131845154183,8.0,-14.68931633827473,-12.41237577505818,-3.127713480628063
230.0,281.2914661858937,285.3310305816334,268.40277777777777,256.40277777777777,7.542008287931297,8.0,-14.580989219186135,-12.367215920470402,-3.2316515165917736
240.0,281.1615438495474,285.327706938358,268.3333333333333,256.3333333333333,7.522751689233972,8.0,-14.475516349604774,-12.32333788771405,-3.332930471048485
250.0,281.03368244036716,285.3232070786653,268.2638888888889,256.2638888888889,7.503548506864891,8.0,-14.372814800425122,-12.280704977315278,-3.4316197106385062
260.0,280.9078276753105,285.3175610710187,268.19444444444446,256.19444444444446,7.4843985926512575,8.0,-14.272804134139486,-12.239281627761187,-3.5277867165665615
270.0,280.7839267779517,285.31079820081203,268.125,256.125,7.465301798831291,8.0,-14.175406327007469,-12.199033376531421,-3.6214971382882597
280.0,280.66192843463466,285.30294699161146,268.05555555555554,256.05555555555554,7.446257978053095,8.0,-14.080545693773256,-12.159926822630723,-3.712814845581443
290.0,280.5417827519767,285.29403522579446,267.9861111111111,255.9861111111111,7.42726698337351,8.0,-13.988148814842054,-12.12192959055674,-3.801801979054199
300.0,280.42344121567834,285.28408996460314,267.9166666666667,255.91666666666669,7.408328668256992,8.0,-13.898144465830491,-12.08501029564074,-3.8885189991398423
310.0,280.30685665059553,285.27313756763016,267.84722222222223,255.84722222222223,7.3894428865744715,8.0,-13.810463549409226,-12.049138510702049,-3.973024733627699
320.0,280.1919831820341,285.26120371175347,267.77777777777777,255.77777777777777,7.370609492602229,8.0,-13.725039029358847,-12.014284733959757,-4.0553764237754875
330.0,280.078776198225,285.24831340953716,267.7083333333333,255.70833333333331,7.351828341020775,8.0,-13.641805866763338,-11.980420358148182,-4.135629769049729
340.0,279.9671923139428,285.2344910271134,267.6388888888889,255.6388888888889,7.333099286913725,8.0,-13.560700958267805,-11.947517640784909,-4.213838970536472
350.0,279.8571893352297,285.21976030156134,267.56944444444446,255.56944444444446,7.3144221857666745,8.0,-13.481663076330092,-11.915549675542898,-4.2900567730653165
360.0,279.7487262251893,285.204144357798,267.5,255.5,7.2957968934661,8.0,-13.404632811397898,-11.884490364680037,-4.364334506086971
370.0,279.64176307081556,285.1876657249952,267.43055555555554,255.43055555555554,7.277223266298234,8.0,-13.329552515946904,-11.854314392482515,-4.436722123343725
380.0,279.53626105082355,285.1703463525369,267.3611111111111,255.3611111111111,7.258701160947958,8.0,-13.256366250315955,-11.824997199679517,-4.507268241370684
390.0,279.43218240444963,285.1522076255299,267.2916666666667,255.29166666666669,7.240230434497702,8.0,-13.185019730279164,-11.7965149587895,-4.576020176864222
400.0,279.32949040118996,285.1332703798818,267.22222222222223,255.22222222222223,7.221810944426337,8.0,-13.11546027629608,-11.768844550359573,-4.643023982953491
410.0,279.2281493114474,285.1135549169584,267.15277777777777,255.15277777777777,7.203442548608074,8.0,-13.047636764382977,-11.741963540061592,-4.708324484408786
420.0,279.1281243780579,285.09308101783273,267.0833333333333,255.08333333333331,7.185125105311376,8.0,-12.981499578552057,-11.715850156610426,-4.77196531181985
430.0,279.029381788668,285.07186795713835,267.0138888888889,255.0138888888889,7.166858473197854,8.0,-12.917000564764548,-11.690483270470807,-4.83398893477629
440.0,278.9318886489366,285.04993451653763,266.94444444444446,254.94444444444446,7.148642511321181,8.0,-12.854092986348478,-11.66584237332158,-4.894436694080833
450.0,278.8356129565353,285.0272989978167,266.875,254.875,7.130477079126006,8.0,-12.792731480830842,-11.6419075582465,-4.953348833025121
460.0,278.7405235759212,285.0039792356177,266.80555555555554,254.80555555555554,7.112362036446867,8.0,-12.73287201813842,-11.618659500623384,-5.010764527757193
470.0,278.64659021385893,284.97999260981953,266.7361111111111,254.7361111111111,7.09429724350711,8.0,-12.674471860120956,-11.596079439683512,-5.066721916768484
480.0,278.5537833956669,284.95535605757584,266.6666666666667,254.66666666666669,7.076282560917812,8.0,-12.617489521352816,-11.57414916071502,-5.121258129527132
490.0,278.4620744421669,284.93008608502186,266.59722222222223,254.59722222222223,7.058317849676701,8.0,-12.561884731171766,-11.552850977885493,-5.174409314283958
500.0,278.371435447313,284.9041987786583,266.52777777777777,254.52777777777777,7.040402971167089,8.0,-12.507618396912244,-11.53216771765885,-5.22621066507627
510.0,278.2818392564804,284.87770981642257,266.4583333333333,254.45833333333331,7.0225377871568035,8.0,-12.454652568295899,-11.512082702784422,-5.276696447953737
520.0,278.19325944539236,284.8506344784555,266.3888888888889,254.3888888888889,7.00472215979711,8.0,-12.402950402939432,-11.492579736835474,-5.325900026450518
530.0,278.1056702996662,284.82298765757315,266.31944444444446,254.31944444444446,6.986955951621661,8.0,-12.3524761329448,-11.473643089276717,-5.37385388632556
540.0,278.0190467949584,284.7947838694513,266.25,254.25,6.969239025545428,8.0,-12.30319503253416,-11.45525748103978,-5.420589659594317
550.0,277.93336457769124,284.7660372625317,266.18055555555554,254.18055555555554,6.951571244863647,8.0,-12.255073386697878,-11.437408070588441,-5.46613814787238
560.0,277.84859994634206,284.7367616276575,266.1111111111111,254.1111111111111,6.933952473250763,8.0,-12.208078460820456,-11.420080440454191,-5.510529345052328
570.0,277.7647298332784,284.7069704074452,266.0416666666667,254.04166666666669,6.916382574759376,8.0,-12.162178471253517,-11.403260584224904,-5.5537924593334544
580.0,277.6817317871222,284.6766767054024,265.97222222222223,253.97222222222223,6.898861413819193,8.0,-12.117342556805282,-11.38693489396977,-5.595955934624135
590.0,277.59958395562643,284.64589329479566,265.90277777777777,253.90277777777777,6.881388855235987,8.0,-12.073540751115479,-11.37109014808366,-5.637047471335382
600.0,277.51826506904905,284.6146326272788,265.8333333333333,253.83333333333331,6.863964764190545,8.0,-12.030743955888703,-11.35571349953619,-5.677094046583807
610.0,277.4377544240085,284.5829068412859,265.7638888888889,253.7638888888889,6.846589006237632,8.0,-11.98892391495694,-11.340792464509772,-5.716121933821888
620.0,277.3580318678068,284.550727770197,265.69444444444446,253.69444444444446,6.829261447304957,8.0,-11.948053189145913,-11.32631491141319,-5.754156721912159
630.0,277.2790777832048,284.5181069502827,265.625,253.625,6.811981953692134,8.0,-11.908105131917328,-11.312269050255864,-5.791223333662311
640.0,277.20087307363747,284.4850556284334,265.55555555555554,253.55555555555554,6.794750392069651,8.0,-11.86905386576441,-11.298643422370974,-5.827346043836724
650.0,277.12339914885456,284.45158476968,265.4861111111111,253.4861111111111,6.777566629477842,8.0,-11.830874259334776,-11.285426890473833,-5.862548496660338
660.0,277.04663791097425,284.4177050645116,265.4166666666667,253.41666666666669,6.76043053332586,8.0,-11.793541905257795,-11.27260862904374,-5.896853722829883
670.0,276.97057174093754,284.38342693599554,265.34722222222223,253.34722222222223,6.743341971390657,8.0,-11.757033098654455,-11.260178115017908,-5.930284156046401
680.0,276.89518348535086,284.3487605467061,265.27777777777777,253.27777777777777,6.7263008118159595,8.0,-11.72132481630663,-11.24812511878588,-5.962861649084198
690.0,276.82045644370555,284.3137158054665,265.2083333333333,253.20833333333331,6.709306923111255,8.0,-11.686394696466097,-11.236439695474129,-5.994607489408736
700.0,276.7463743559628,284.2783023739098,265.1388888888889,253.1388888888889,6.6923601741507746,8.0,-11.652221019281889,-11.225112176510322,-6.025542414357597
710.0,276.672921390493,284.24252967286407,265.06944444444446,253.06944444444446,6.675460434172482,8.0,-11.618782687826942,-11.214133161457548,-6.055686625896851
720.0,276.6000821323591,284.2064068885658,265.0,253.0,6.658607572777066,8.0,-11.586059209704326,-11.203493510108803,-6.085059804965386
730.0,276.5278415719333,284.16994297870747,264.93055555555554,252.93055555555554,6.64180145992693,8.0,-11.554030679215217,-11.193184334832772,-6.113681125419316
740.0,276.45618509383803,284.1331466783228,264.8611111111111,252.8611111111111,6.625041965945197,8.0,-11.522677760070797,-11.183196993162264,-6.14156926758783
750.0,276.3850984662,284.09602650551545,264.7916666666667,252.79166666666669,6.608328961514698,8.0,-11.49198166863024,-11.173523080616503,-6.168742431452348
760.0,276.31456783020997,284.05859076703405,264.72222222222223,252.72222222222223,6.5916623176769855,8.0,-11.461924157649161,-11.164154423749645,-6.195218349459265
770.0,276.2445796899774,284.0208475636993,264.65277777777777,252.65277777777777,6.575041905831326,8.0,-11.432487500521237,-11.155083073417343,-6.221014298977526
780.0,276.1751209026726,283.98280479568615,264.5833333333333,252.58333333333331,6.558467597733722,8.0,-11.403654475998612,-11.146301298254109,-6.24614711441086
790.0,276.10617866894665,283.94447016766543,264.5138888888889,252.5138888888889,6.54193926549591,8.0,-11.375408353375,-11.137801578354129,-6.27063319897502
800.0,276.0377405236224,283.9058511938091,264.44444444444446,252.44444444444446,6.52545678158438,8.0,-11.3477328781181,-11.12957659914892,-6.294488536149356
810.0,275.9697943266468,283.86695520266255,264.375,252.375,6.50902001881939,8.0,-11.320612257935647,-11.121619245474506,-6.317728700812586
820.0,275.9023282542985,283.8277893418875,264.30555555555554,252.30555555555554,6.492628850373987,8.0,-11.294031149263171,-11.113922595822455,-6.340368870071234
830.0,275.8353307906419,283.7883605828797,264.2361111111111,252.2361111111111,6.476283149773023,8.0,-11.267974644159134,-11.106479916768091,-6.362423833790263
840.0,275.76879071922144,283.74867572526387,264.1666666666667,252.16666666666669,6.459982790892184,8.0,-11.242428257595002,-11.099284657570058,-6.3839080048339385
850.0,275.70269711498867,283.7087414012704,264.09722222222223,252.09722222222223,6.443727647957016,8.0,-11.217377915128512,-11.09233044493574,-6.404835429025389
860.0,275.6370393364549,283.6685640799962,264.02777777777777,252.02777777777777,6.427517595541952,8.0,-11.192809940946908,-11.085611077946547,-6.425219794833038
870.0,275.5718070180636,283.6281500715531,263.9583333333333,251.95833333333331,6.411352508569347,8.0,-11.168711046269964,-11.079120523138183,-6.445074442791565
880.0,275.5069900627758,283.587505531107,263.8888888888889,251.8888888888889,6.395232262308511,8.0,-11.145068318100869,-11.072852909730647,-6.464412374664971
890.0,275.4425786348619,283.546636462811,263.81944444444446,251.81944444444446,6.379156732374748,8.0,-11.12186920831447,-11.066802525002998,-6.483246262359308
900.0,275.3785631528946,283.50554872363466,263.75,251.75,6.363125794728396,8.0,-11.099101523071795,-11.060963809807934,-6.501588456592026
910.0,275.31493428293686,283.4642480270927,263.68055555555554,251.68055555555554,6.347139325673868,8.0,-11.076753412551817,-11.055331354222096,-6.519450995324679
920.0,275.2516829319186,283.4227399468764,263.6111111111111,251.6111111111111,6.331197201858701,8.0,-11.05481336098976,-11.049899893327218,-6.536845611966237
930.0,275.18880024119795,283.38102992038904,263.5416666666667,251.54166666666669,6.315299300272599,8.0,-11.03327017701282,-11.044664303118108,-6.55378374335287
940.0,275.1262775803005,283.3391232521893,263.47222222222223,251.47222222222223,6.299445498246493,8.0,-11.012112984264233,-11.03961959653325,-6.570276537511063
950.0,275.06410654083203,283.2970251173445,263.40277777777777,251.40277777777777,6.283635673451582,8.0,-10.99133121230621,-11.034760919604013,-6.586334861209981
960.0,275.0022789305596,283.2547405646958,263.3333333333333,251.33333333333331,6.2678697038984,8.0,-10.970914587793999,-11.03008354771884,-6.601969307308946
970.0,274.9407867676564,283.21227452003865,263.2638888888889,251.2638888888889,6.2521474679358695,8.0,-10.95085312591227,-11.025582881998588,-6.617190201905806
980.0,274.87962227510485,283.1696317892199,263.19444444444446,251.19444444444446,6.236468844250362,8.0,-10.931137122065786,-11.021254445779519,-6.632007611292057
990.0,274.81877787525457,283.12681706115467,263.125,251.125,6.220833711864767,8.0,-10.911757143816294,-11.017093881200244,-6.64643134872008
1000.0,274.7582461845298,283.0838349107639,263.05555555555554,251.05555555555554,6.205241950137552,8.0,-10.89270402305891,-11.01309694588992,-6.660470980987293
1010.0,274.6980200082825,283.04068980183644,262.9861111111111,250.9861111111111,6.189693438761835,8.0,-10.873968848429763,-11.009259509753779,-6.674135834843128
1020.0,274.6380923357869,282.9973860898159,262.9166666666667,250.91666666666669,6.17418805776446,8.0,-10.855542957938367,-11.005577551853435,-6.687435003223209
1030.0,274.5784563353711,282.95392802451585,262.84722222222223,250.84722222222223,6.158725687505064,8.0,-10.83741793181782,-11.002047157378776,-6.70037735131582
1040.0,274.51910534968243,282.9103197527641,262.77777777777777,250.77777777777777,6.143306208675156,8.0,-10.819585585585607,-10.998664514708388,-6.712971522465342
1050.0,274.4600328910826,282.8665653209789,262.7083333333333,250.70833333333331,6.127929502297201,8.0,-10.80203796330974,-10.995425912556227,-6.725225943917031
1060.0,274.40123263716805,282.82266867767805,262.6388888888889,250.6388888888889,6.112595449723696,8.0,-10.784767331072551,-10.992327737201197,-6.737148832408002
1070.0,274.3426984264135,282.77863367592346,262.56944444444446,250.56944444444446,6.097303932636259,8.0,-10.767766170627805,-10.989366469797842,-6.748748199607963
1080.0,274.2844242539339,282.73446407570225,262.5,250.5,6.082054833044713,8.0,-10.75102717324318,-10.986538683764557,-6.760031857414697
1090.0,274.226404267362,282.69016354624677,262.43055555555554,250.43055555555554,6.066848033286175,8.0,-10.734543233724638,-10.98384104224813,-6.771007423107813
1100.0,274.1686327628385,282.6457356682944,262.3611111111111,250.3611111111111,6.051683416024154,8.0,-10.71830744461575,-10.981270295661332,-6.781682324364692
1110.0,274.11110418111076,282.6011839362894,262.2916666666667,250.29166666666669,6.0365608642476385,8.0,-10.702313090567023,-10.978823279291682,-6.792063804142891
1120.0,274.0538131037378,282.55651176052794,262.22222222222223,250.22222222222223,6.021480261270196,8.0,-10.686553642870576,-10.976496910979227,-6.802158925432105
1130.0,273.9967542493985,282.5117224692483,262.15277777777777,250.15277777777777,6.006441490729077,8.0,-10.671022754154276,-10.97428818886104,-6.811974575879822
1140.0,273.9399224702996,282.46681931066666,262.0833333333333,250.08333333333331,5.991444436584308,8.0,-10.655714253231407,-10.972194189180549,-6.821517472293635
1150.0,273.8833127486811,282.4218054549615,262.0138888888889,250.0138888888889,5.976488983117805,8.0,-10.640622140100522,-10.970212064159591,-6.830794165024327
1160.0,273.8269201934162,282.37668399620645,261.94444444444446,249.94444444444446,5.961575014932476,8.0,-10.625740581091637,-10.968339039931523,-6.839811042232213
1170.0,273.77074003670344,282.331457954254,261.875,249.875,5.946702416951334,8.0,-10.611063904153369,-10.9665724145331,-6.84857433404045
1180.0,273.71476763084775,282.2861302765708,261.80555555555554,249.80555555555554,5.931871074416603,8.0,-10.596586594277811,-10.964909555953763,-6.857090116578457
1190.0,273.6589984451286,282.24070384002624,261.7361111111111,249.7361111111111,5.917080872888838,8.0,-10.582303289058533,-10.963347900240493,-6.865364315918123
1200.0,273.6034280627525,282.19518145263487,261.6666666666667,249.66666666666669,5.902331698246041,8.0,-10.56820877437757,-10.961884949656334,-6.873402711905874
1210.0,273.5480521778877,282.149565855255,261.59722222222223,249.59722222222223,5.8876234366827775,8.0,-10.554297980218005,-10.960518270891306,-6.881210941893824
1220.0,273.49286659277817,282.10385972324343,261.52777777777777,249.52777777777777,5.872955974709304,8.0,-10.540565976597607,-10.959245493323738,-6.888794504372209
1230.0,273.43786721493575,282.0580656680684,261.4583333333333,249.45833333333331,5.858329199150685,8.0,-10.527007969620973,-10.958064307330991,-6.896158762506139
1240.0,273.38305005440736,282.0121862388811,261.3888888888889,249.3888888888889,5.8437429971459265,8.0,-10.51361929764571,-10.95697246264767,-6.9033089475789895
1250.0,273.3284112211154,281.9662239240475,261.31944444444446,249.31944444444446,5.8291972561471,8.0,-10.500395427559793,-10.9559677667702,-6.910250162345665
1260.0,273.2739469222698,281.9201811526412,261.25,249.25,5.81469186391848,8.0,-10.487331951166453,-10.955048083406151,-6.916987384297136
1270.0,273.21965345984864,281.8740602958983,261.18055555555554,249.18055555555554,5.800226708535668,8.0,-10.474424581673494,-10.9542113309671,-6.923525468839717
1280.0,273.1655272281471,281.82786366863536,261.1111111111111,249.1111111111111,5.785801678384742,8.0,-10.461669150284246,-10.953455481103855,-6.92986915239062
1290.0,273.11156471139094,281.7815935306316,261.0416666666667,249.04166666666669,5.771416662161386,8.0,-10.449061602886603,-10.952778557282562,-6.936023055392525
1300.0,273.05776248141433,281.73525208797577,260.97222222222223,248.97222222222223,5.75707154887003,8.0,-10.436597996837724,-10.952178633400687,-6.94199168524915
1310.0,273.0041171953992,281.6888414943793,260.90277777777777,248.90277777777777,5.742766227823002,8.0,-10.424274497840944,-10.951653832441421,-6.947779439184069
1320.0,272.9506255936751,281.6423638524559,260.8333333333333,248.83333333333331,5.728500588639667,8.0,-10.41208737691303,-10.951202325165829,-6.95339060702463
1330.0,272.89728449757746,281.5958212149693,260.7638888888889,248.7638888888889,5.714274521245578,8.0,-10.40003300743829,-10.950822328841173,-6.958829373913478
1340.0,272.84409080736265,281.54921558604894,260.69444444444446,248.69444444444446,5.700087915871627,8.0,-10.388107862307546,-10.950512106004677,-6.964099822949038
1350.0,272.79104150017884,281.5025489223755,260.625,248.625,5.685940663053194,8.0,-10.376308511138928,-10.950269963261448,-6.969205937757351
1360.0,272.73813362809017,281.4558231343363,260.55555555555554,248.55555555555554,5.671832653629308,8.0,-10.364631617578542,-10.950094250115752,-6.974151604996905
1370.0,272.68536431615377,281.40904008715154,260.4861111111111,248.4861111111111,5.657763778741803,8.0,-10.353073936678548,-10.949983357834638,-6.978940616798218
1380.0,272.6327307605474,281.3622016019727,260.4166666666667,248.41666666666669,5.643733929834474,8.0,-10.341632312350098,-10.94993571834283,-6.983576673140215
1390.0,272.5802302267469,281.3153094569526,260.34722222222223,248.34722222222223,5.629742998652246,8.0,-10.33030367488944,-10.949949803148264,-6.988063384164571
1400.0,272.52786004775146,281.2683653882893,260.27777777777777,248.27777777777777,5.6157908772403315,8.0,-10.319085038574265,-10.950024122296949,-6.992404272430258
1410.0,272.4756176223562,281.2213710912433,260.2083333333333,248.20833333333331,5.601877457943407,8.0,-10.307973499329089,-10.95015722335676,-6.996602775109705
1420.0,272.42350041347004,281.17432822112966,260.1388888888889,248.1388888888889,5.588002633404769,8.0,-10.296966232457082,-10.950347690429082,-7.000662246127695
1430.0,272.371505946478,281.1272383942848,260.06944444444446,248.06944444444446,5.574166296565519,8.0,-10.286060490436741,-10.950594143187578,-7.004585958245435
1440.0,272.31963180764666,281.08010318900966,260.0,248.0,5.5603683406637305,8.0,-10.275253600780855,-10.950895235943115,-7.008377105090403
1450.0,272.26787564257154,281.03292414648877,259.93055555555554,247.93055555555554,5.546608659233626,8.0,-10.26454296395698,-10.951249656734461,-7.012038803133783
1460.0,272.2162351546654,280.98570277168676,259.8611111111111,247.8611111111111,5.5328871461047555,8.0,-10.253926051366731,-10.951656126443723,-7.015574093617079
1470.0,272.1647081036862,280.9384405342222,259.7916666666667,247.79166666666669,5.5192036954011785,8.0,-10.24340040338252,-10.952113397935877,-7.018985944428778
1480.0,272.1132923043035,280.8911388692198,259.72222222222223,247.72222222222223,5.505558201540644,8.0,-10.232963627440128,-10.952620255221781,-7.022277251933019
1490.0,272.0619856247029,280.84379917814147,259.65277777777777,247.65277777777777,5.491950559233782,8.0,-10.222613396185315,-10.953175512643949,-7.025450842750843
1500.0,272.01078598522656,280.7964228295964,259.5833333333333,247.58333333333331,5.478380663483284,8.0,-10.212347445672902,-10.953778014084332,-7.028509475495866
1510.0,271.9596913570497,280.74901116013126,259.5138888888889,247.5138888888889,5.464848409583096,8.0,-10.202163573617058,-10.954426632193828,-7.031455842465267
1520.0,271.9086997608914,280.7015654750006,259.44444444444446,247.44444444444446,5.451353693117613,8.0,-10.19205963769109,-10.955120267642487,-7.03429257128737
1530.0,271.8578092657594,280.6540870489183,259.375,247.375,5.43789640996087,8.0,-10.182033553874886,-10.955857848389948,-7.037022226527142
1540.0,271.8070179877273,280.60657712679006,259.30555555555554,247.30555555555554,5.424476456275737,8.0,-10.1720832948497,-10.956638328975805,-7.039647311250201
1550.0,271.75632408874407,280.5590369244281,259.2361111111111,247.2361111111111,5.411093728513122,8.0,-10.162206888437762,-10.957460689828968,-7.042170268547216
1560.0,271.7057257754742,280.5114676292478,259.1666666666667,247.16666666666669,5.397748123411172,8.0,-10.152402416086133,-10.95832393659569,-7.04459348301889
1570.0,271.6552212981683,280.4638704009475,259.09722222222223,247.09722222222223,5.384439537994472,8.0,-10.142668011393333,-10.95922709948576,-7.0469192822233255
1580.0,271.6048089495631,280.416246372171,259.02777777777777,247.02777777777777,5.371167869573253,8.0,-10.133001858677195,-10.96016923263609,-7.049149938086294
1590.0,271.5544870638098,280.36859664915403,258.9583333333333,246.95833333333331,5.357933015742601,8.0,-10.123402191583395,-10.961149413491672,-7.051287668275382
1600.0,271.5042540154305,280.32092231235487,258.8888888888889,246.8888888888889,5.344734874381664,8.0,-10.113867291732753,-10.962166742202848,-7.053334637539502
1610.0,271.45410821830154,280.27322441706883,258.81944444444446,246.81944444444446,5.331573343652867,8.0,-10.104395487406945,-10.963220341039028,-7.0552929590138325
1620.0,271.4040481246635,280.2255039940283,258.75,246.75,5.318448322001123,8.0,-10.094985152270722,-10.964309353817876,-7.057164695491839
1630.0,271.3540722241565,280.1777620499875,258.68055555555554,246.68055555555554,5.30535970815305,8.0,-10.085634704130225,-10.965432945349905,-7.05895186066482
1640.0,271.3041790428804,280.1299995682931,258.6111111111111,246.6111111111111,5.292307401116196,8.0,-10.07634260372599,-10.96659030089778,-7.060656420330179
1650.0,271.2543671424798,280.0822175094406,258.5416666666667,246.54166666666669,5.279291300178248,8.0,-10.067107353559802,-10.967780625650134,-7.062280293568666
1660.0,271.2046351192523,280.03441681161735,258.47222222222223,246.47222222222223,5.266311304906265,8.0,-10.05792749675458,-10.969003144209495,-7.0638253538920255
1670.0,271.1549816032799,279.98659839123184,258.40277777777777,246.40277777777777,5.253367315145896,8.0,-10.048801615945706,-10.970257100093601,-7.065293430361544
1680.0,271.1054052575826,279.93876314343044,258.3333333333333,246.33333333333331,5.240459231020615,8.0,-10.039728332203723,-10.971541755250154,-7.066686308678254
1690.0,271.0559047772943,279.89091194260095,258.2638888888889,246.2638888888889,5.227586952930943,8.0,-10.030706303987,-10.972856389584468,-7.06800573224532
1700.0,271.00647888885936,279.84304564286435,258.19444444444446,246.19444444444446,5.2147503815536815,8.0,-10.02173422612373,-10.974200300499653,-7.0692534032039935
1710.0,270.9571263492502,279.79516507855425,258.125,246.125,5.201949417841149,8.0,-10.012810828821912,-10.975572802448752,-7.070430983443249
1720.0,270.907845945205,279.7472710646844,258.05555555555554,246.05555555555554,5.189183963020413,8.0,-10.003934876707547,-10.976973226499165,-7.071540095583533
1730.0,270.8586364924848,279.69936439740536,257.9861111111111,245.9861111111111,5.176453918592531,8.0,-9.995105167889049,-10.978400919908193,-7.072582323936468
1740.0,270.8094968351497,279.6514458544493,257.9166666666667,245.91666666666669,5.16375918633179,8.0,-9.98632053304795,-10.979855245709977,-7.073559215439719
1750.0,270.7604258448539,279.6035161955647,257.84722222222223,245.84722222222223,5.151099668284942,8.0,-9.977579834555085,-10.981335582313502,-7.074472280568625
1760.0,270.71142242015844,279.5555761629396,257.77777777777777,245.77777777777777,5.138475266770462,8.0,-9.968881965610706,-10.98284132311074,-7.0753229942249165
1770.0,270.6624854858618,279.5076264816155,257.7083333333333,245.70833333333331,5.12588588437778,8.0,-9.960225849409165,-10.984371876095615,-7.076112796602956
1780.0,270.6136139923473,279.45966785989026,257.6388888888889,245.6388888888889,5.113331423966537,8.0,-9.951610438326206,-10.985926663492643,-7.0768430940343485
1790.0,270.5648069149479,279.41170098971196,257.56944444444446,245.56944444444446,5.100811788665835,8.0,-9.943034713129425,-10.987505121395651,-7.077515259811253
1800.0,270.5160632533261,279.3637265470626,257.5,245.5,5.0883268818734875,8.0,-9.934497682209717,-10.989106699415556,-7.078130634989202
1810.0,270.46738203087074,279.3157451923329,257.43055555555554,245.43055555555554,5.075876607255274,8.0,-9.925998380834793,-10.990730860337797,-7.078690529169717
1820.0,270.4187622941088,279.2677575706877,257.3611111111111,245.3611111111111,5.063460868744201,8.0,-9.917535870423032,-10.99237707978856,-7.079196221263146
1830.0,270.37020311213166,279.21976431242285,257.2916666666667,245.29166666666669,5.051079570539753,8.0,-9.90910923783716,-10.99404484590965,-7.079648960232953
1840.0,270.32170357603707,279.17176603331296,257.22222222222223,245.22222222222223,5.038732617107162,8.0,-9.900717594698087,-10.99573365904219,-7.080049965820717
1850.0,270.2732627983842,279.1237633349512,257.15277777777777,245.15277777777777,5.026419913176664,8.0,-9.89236007671686,-10.997443031418152,-7.0804004292535865
1860.0,270.22487991266337,279.07575680508074,257.0833333333333,245.08333333333331,5.014141363742766,8.0,-9.88403584304566,-10.99917248686028,-7.0807015139339
1870.0,270.17655407277863,279.02774701791793,257.0138888888889,245.0138888888889,5.0018968740635135,8.0,-9.87574407564639,-11.000921560489667,-7.080954356111443
1880.0,270.128284452544,278.979734534468,256.94444444444446,244.94444444444446,4.989686349659758,8.0,-9.867483978676868,-11.002689798441097,-7.081160065539189
1890.0,270.08007024519213,278.9317199028329,256.875,244.875,4.977509696314431,8.0,-9.859254777893554,-11.004476757585591,-7.081319726112634
1900.0,270.0319106628956,278.88370365851216,256.80555555555554,244.80555555555554,4.9653668200718135,8.0,-9.851055720071052,-11.00628200526034,-7.0814343964932505
1910.0,269.9838049363002,278.8356863246957,256.7361111111111,244.7361111111111,4.953257627236811,8.0,-9.842886072437398,-11.0081051190056,-7.081505110716399
1920.0,269.9357523140702,278.78766841255026,256.6666666666667,244.66666666666669,4.9411820243742355,8.0,-9.834745122124872,-11.009945686308422,-7.081532878784038
1930.0,269.8877520624449,278.7396504214988,256.59722222222223,244.59722222222223,4.929139918308077,8.0,-9.826632175635947,-11.011803304353045,-7.081518687243125
1940.0,269.83980346480655,278.69163283949314,256.52777777777777,244.52777777777777,4.917131216120792,8.0,-9.818546558323655,-11.013677579777625,-7.081463499749271
1950.0,269.79190582125915,278.6436161432797,256.4583333333333,244.45833333333331,4.9051558251525815,8.0,-9.810487613886542,-11.015568128437534,-7.081368257616441
1960.0,269.74405844821774,278.59560079865963,256.3888888888889,244.3888888888889,4.893213653000678,8.0,-9.80245470387703,-11.017474575174434,-7.081233880353512
1970.0,269.6962606780083,278.54758726074186,256.31944444444446,244.31944444444446,4.881304607518632,8.0,-9.794447207223774,-11.019396553591715,-7.081061266186862
1980.0,269.64851185847743,278.49957597419075,256.25,244.25,4.8694285968156015,8.0,-9.786464519766445,-11.021333705835318,-7.080851292570651
1990.0,269.60081135261214,278.45156737346736,256.18055555555554,244.18055555555554,4.857585529255643,8.0,-9.778506053803692,-11.023285682380523,-7.080604816684172
2000.0,269.553158538169,278.40356188306515,256.1111111111111,244.1111111111111,4.845775313457002,8.0,-9.770571237653309,-11.025252141824124,-7.080322675916932
2010.0,269.50555280731265,278.35555991774004,256.0416666666667,244.04166666666669,4.833997858291414,8.0,-9.762659515224309,-11.027232750681899,-7.080005688341908
2020.0,269.4579935662634,278.30756188273494,255.97222222222223,243.97222222222223,4.822253072883393,8.0,-9.75477034560079,-11.029227183191379,-7.07965465317725
2030.0,269.41048023495375,278.2595681739989,255.90277777777777,243.90277777777777,4.810540866609538,8.0,-9.74690320263707,-11.031235121119677,-7.079270351236119
2040.0,269.3630122466934,278.211579178401,255.83333333333334,243.83333333333334,4.798861149097828,8.0,-9.739057574563764,-11.033256253576113,-7.078853545366065
2050.0,269.3155890478427,278.1635952739392,255.76388888888889,243.76388888888889,4.787213830226928,8.0,-9.731232963604828,-11.035290276829894,-7.078404980877213
2060.0,269.2682100974944,278.1156168299444,255.69444444444446,243.69444444444446,4.775598820125492,8.0,-9.723428885604768,-11.037336894132304,-7.077925385959998
2070.0,269.22087486716293,278.06764420727893,255.625,243.625,4.764016029171472,8.0,-9.715644869666065,-11.039395815543418,-7.077415472092799
2080.0,269.17358284048225,278.01967775853143,255.55555555555554,243.55555555555554,4.752465367991423,8.0,-9.707880457796469,-11.041466757763386,-7.07687593443934
2090.0,269.12633351291026,277.971717828206,255.48611111111111,243.48611111111111,4.740946747459816,8.0,-9.70013520456573,-11.043549443967875,-7.076307452236597
2100.0,269.07912639144143,277.92376475290774,255.41666666666666,243.41666666666666,4.729460078698349,8.0,-9.69240867677195,-11.045643603647918,-7.0757106891730475
2110.0,269.03196099432614,277.87581886152316,255.34722222222223,243.34722222222223,4.718005273075259,8.0,-9.684700453116555,-11.047748972453647,-7.0750862937576136
2120.0,268.984836850797,277.8278804753968,255.27777777777777,243.27777777777777,4.706582242204648,8.0,-9.677010123888378,-11.049865292042092,-7.074434899679819
2130.0,268.9377535008024,277.77994990850345,255.20833333333334,243.20833333333334,4.695190897945786,8.0,-9.669337290656095,-11.05199230992891,-7.073757126160854
2140.0,268.8907104947461,277.73202746761643,255.13888888888889,243.13888888888889,4.683831152402442,8.0,-9.661681565969241,-11.054129779343853,-7.0730535782962765
2150.0,268.84370739323384,277.68411345247176,255.06944444444446,243.06944444444446,4.672502917922204,8.0,-9.654042573066913,-11.05627745908985,-7.0723248473903375
2160.0,268.7967437668259,277.6362081559284,255.0,243.0,4.661206107095796,8.0,-9.64641994559471,-11.058435113405794,-7.0715715112819915
2170.0,268.7498191957959,277.5883118641248,254.93055555555554,242.93055555555554,4.649940632756413,8.0,-9.638813327329045,-11.060602511832682,-7.070794134663129
2180.0,268.70293326989565,277.54042485663194,254.86111111111111,242.86111111111111,4.638706407979043,8.0,-9.631222371909022,-11.062779429083271,-7.069993269389034
2190.0,268.6560855881258,277.4925474066023,254.79166666666666,242.79166666666666,4.627503346079798,8.0,-9.62364674257563,-11.064965644915013,-7.069169454781195
2200.0,268.609275758512,277.44467978091564,254.72222222222223,242.72222222222223,4.616331360615241,8.0,-9.616086111917598,-11.067160944006071,-7.068323217922899
2210.0,268.56250339788704,277.39682224032146,254.65277777777777,242.65277777777777,4.605190365381728,8.0,-9.608540161624589,-11.069365115834751,-7.0674550739475315
2220.0,268.5157681316778,277.3489750395776,254.58333333333334,242.58333333333334,4.5940802744147335,8.0,-9.601008582246564,-11.0715779545617,-7.066565526319846
2230.0,268.46906959369807,277.30113842758624,254.51388888888889,242.51388888888889,4.583001001988191,8.0,-9.593491072960012,-11.0737992589153,-7.065655067110538
2240.0,268.4224074259458,277.25331264752606,254.44444444444446,242.44444444444446,4.571952462613832,8.0,-9.585987341339992,-11.07602883207973,-7.064724177264225
2250.0,268.375781278406,277.2054979369818,254.375,242.375,4.560934571040528,8.0,-9.578497103138846,-11.078266481586144,-7.063773326860655
2260.0,268.3291908088584,277.1576945280706,254.30555555555554,242.30555555555554,4.549947242253627,8.0,-9.57102008207042,-11.08051201920637,-7.062802975369732
2270.0,268.2826356826893,277.109902647565,254.23611111111111,242.23611111111111,4.538990391474304,8.0,-9.563556009600177,-11.082765260849314,-7.0618135719005295
2280.0,268.23611557270874,277.06212251701385,254.16666666666666,242.16666666666666,4.5280639341589035,8.0,-9.55610462474109,-11.085026026460099,-7.060805555444086
2290.0,268.1896301589718,277.0143543528598,254.09722222222223,242.09722222222223,4.517167785998286,8.0,-9.548665673854755,-11.087294139921621,-7.059779355110414
2300.0,268.1431791286044,276.966598366554,254.02777777777777,242.02777777777777,4.50630186291718,8.0,-9.541238910458059,-11.08956942895864,-7.058735390359698
2310.0,268.0967621756333,276.91885476466854,253.95833333333334,241.95833333333334,4.495466081073532,8.0,-9.53382409503466,-11.091851725044165,-7.057674071228212
2320.0,268.0503790008204,276.8711237490058,253.88888888888889,241.88888888888889,4.484660356857863,8.0,-9.526420994852073,-11.094140863308448,-7.056595798548324
2330.0,268.00402931150114,276.82340551670563,253.81944444444446,241.81944444444446,4.473884606892616,8.0,-9.519029383783026,-11.09643668244999,-7.055500964163594
2340.0,267.95771282142664,276.7757002603498,253.75,241.75,4.463138748031519,8.0,-9.511649042132017,-11.09873902464891,-7.054389951138546
2350.0,267.91142925060984,276.7280081680641,253.68055555555554,241.68055555555554,4.452422697358941,8.0,-9.50427975646621,-11.101047735482439,-7.0532631339634015
2360.0,267.8651783251755,276.6803294236179,253.61111111111111,241.61111111111111,4.4417363721892515,8.0,-9.496921319451028,-11.103362663842596,-7.052120878753886
2370.0,267.8189597772138,276.63266420652167,253.54166666666666,241.54166666666666,4.431079690066186,8.0,-9.489573529690112,-11.10568366185588,-7.0509635434462785
2380.0,267.77277334463747,276.5850126921222,253.47222222222223,241.47222222222223,4.420452568762206,8.0,-9.482236191569356,-11.108010584804907,-7.049791477987765
2390.0,267.72661877104247,276.5373750516951,253.40277777777777,241.40277777777777,4.409854926277866,8.0,-9.474909115105374,-11.1103432910522,-7.048605024522113
2400.0,267.6804958055721,276.489751452536,253.33333333333334,241.33333333333334,4.399286680841181,8.0,-9.467592115797654,-11.112681641965604,-7.047404517571113
2410.0,267.63440420278425,276.44214205804866,253.26388888888889,241.26388888888889,4.388747750906994,8.0,-9.46028501448492,-11.11502550184577,-7.046190284211526
2420.0,267.5883437225222,276.3945470278321,253.19444444444446,241.19444444444446,4.378238055156349,8.0,-9.45298763720513,-11.117374737855345,-7.044962644247926
2430.0,267.5423141297884,276.3469665177648,253.125,241.125,4.367757512495864,8.0,-9.445699815059404,-11.119729219950091,-7.043721910381146
2440.0,267.49631519462116,276.29940068008733,253.05555555555554,241.05555555555554,4.3573060420571,8.0,-9.43842138407924,-11.122088820811427,-7.042468388372936
2450.0,267.4503466919747,276.2518496634831,252.98611111111111,240.98611111111111,4.346883563195944,8.0,-9.43115218509747,-11.124453415780886,-7.041202377206719
2460.0,267.4044084016018,276.2043136131571,252.91666666666666,240.91666666666666,4.336489995491984,8.0,-9.423892063622697,-11.1268228827962,-7.039924169244251
2470.0,267.35850010793956,276.1567926709132,252.84722222222223,240.84722222222223,4.326125258747885,8.0,-9.416640869716703,-11.12919710232873,-7.038634050378914
2480.0,267.31262159999767,276.10928697522894,252.77777777777777,240.77777777777777,4.315789272988775,8.0,-9.40939845787557,-11.131575957322818,-7.037332300185017
2490.0,267.26677267124967,276.06179666132925,252.70833333333334,240.70833333333334,4.305481958461628,8.0,-9.402164686913517,-11.133959333136284,-7.0360191920636685
2500.0,267.2209531195266,276.0143218612582,252.63888888888889,240.63888888888889,4.295203235634644,8.0,-9.394939419850095,-11.136347117482652,-7.034694993385301
2510.0,267.1751627469135,275.9668627039491,252.56944444444446,240.56944444444446,4.284953025196638,8.0,-9.387722523800186,-11.13873920037468,-7.033359965628506
2520.0,267.12940135964806,275.9194193152931,252.5,240.5,4.274731248056431,8.0,-9.380513869867018,-11.141135474069364,-7.032014364516044
2530.0,267.08366876802216,275.8719918182059,252.43055555555554,240.43055555555554,4.2645378253422335,8.0,-9.373313333037892,-11.143535833014187,-7.030658440147
2540.0,267.0379647862854,275.8245803326935,252.36111111111111,240.36111111111111,4.254372678401042,8.0,-9.3661207920827,-11.14594017379481,-7.029292437126469
2550.0,266.9922892325512,275.7771849759157,252.29166666666666,240.29166666666666,4.244235728798032,8.0,-9.35893612945525,-11.148348395084062,-7.027916594691624
2560.0,266.94664192870505,275.7298058622489,252.22222222222223,240.22222222222223,4.234126898315948,8.0,-9.351759231196848,-11.15076039759207,-7.026531146835078
2570.0,266.90102270031525,275.6824431033467,252.15277777777777,240.15277777777777,4.2240461089545045,8.0,-9.344589986842871,-11.153176084017774,-7.025136322425169
2580.0,266.8554313765452,275.63509680819993,252.08333333333334,240.08333333333334,4.213993282929785,8.0,-9.337428289331246,-11.155595359001422,-7.023732345323788
2590.0,266.8098677900685,275.5877670831944,252.01388888888889,240.01388888888889,4.203968342673635,8.0,-9.330274034913916,-11.158018129078512,-7.022319434500742
2600.0,266.76433177698567,275.54045403216827,251.94444444444446,239.94444444444446,4.193971210833071,8.0,-9.323127123070135,-11.160444302634632,-7.02089780414608
2610.0,266.7188231767431,275.49315775646716,251.875,239.875,4.184001810269682,8.0,-9.315987456422437,-11.162873789861619,-7.019467663779233
2620.0,266.6733418320537,275.44587835499885,251.80555555555554,239.80555555555554,4.174060064059031,8.0,-9.308854940654395,-11.165306502714495,-7.018029218356105
2630.0,266.6278875888197,275.39861592428616,251.73611111111111,239.73611111111111,4.164145895490063,8.0,-9.301729484430853,-11.167742354869779,-7.016582668373167
2640.0,266.58246029605726,275.3513705585189,251.66666666666666,239.66666666666666,4.154259228064515,8.0,-9.294610999320275,-11.170181261684746,-7.015128209969316
2650.0,266.53705980582276,275.3041423496045,251.59722222222223,239.59722222222223,4.1443999854963245,8.0,-9.287499399718726,-11.172623140157468,-7.0136660350253806
2660.0,266.49168597314105,275.25693138721743,251.52777777777777,239.52777777777777,4.1345680917110395,8.0,-9.280394602776347,-11.175067908888126,-7.012196331261112
2670.0,266.4463386559352,275.20973775884784,251.45833333333334,239.45833333333334,4.124763470845233,8.0,-9.273296528325321,-11.177515488041063,-7.010719282330093
2680.0,266.4010177149583,275.16256154984865,251.38888888888889,239.38888888888889,4.114986047245918,8.0,-9.266205098810083,-11.179965799307924,-7.009235067912278
2690.0,266.35572301372633,275.1154028434819,251.31944444444446,239.31944444444446,4.1052357454699635,8.0,-9.259120239218987,-11.182418765871546,-7.0077438638044445
2700.0,266.31045441845333,275.06826172096373,251.25,239.25,4.095512490283509,8.0,-9.252041877018163,-11.184874312370878,-7.006245842008321
2710.0,266.26521179798743,275.0211382615087,251.18055555555554,239.18055555555554,4.085816206661391,8.0,-9.24496994208662,-11.187332364866592,-7.0047411708170335
2720.0,266.219995023749,274.97403254237287,251.11111111111111,239.11111111111111,4.0761468197865565,8.0,-9.237904366653472,-11.189792850807702,-7.0032300148991
2730.0,266.1748039696698,274.9269446388958,251.04166666666666,239.04166666666666,4.066504255049492,8.0,-9.230845085236584,-11.1922556989989,-7.0017125353807845
2740.0,266.1296385121342,274.8798746245421,250.97222222222223,238.97222222222223,4.056888438047644,8.0,-9.22379203458283,-11.194720839568737,-7.000188889926313
2750.0,266.0844985299209,274.83282257094135,250.90277777777777,238.90277777777777,4.047299294584846,8.0,-9.216745153609946,-11.197188203938525,-6.998659232816363
2760.0,266.0393839041469,274.7857885479276,250.83333333333334,238.83333333333334,4.037736750670745,8.0,-9.209704383349774,-11.199657724792019,-6.997123715024554
2770.0,265.99429451821254,274.7387726235779,250.76388888888889,238.76388888888889,4.028200732520234,8.0,-9.202669666893277,-11.202129336045928,-6.995582484292299
2780.0,265.9492302577474,274.69177486424974,250.69444444444446,238.69444444444446,4.018691166552877,8.0,-9.195640949336495,-11.204602972820908,-6.9940356852018795
2790.0,265.90419101055824,274.64479533461787,250.625,238.625,4.009207979392347,8.0,-9.188618177728483,-11.207078571413595,-6.992483459247706
2800.0,265.85917666657764,274.5978340977103,250.55555555555554,238.55555555555554,3.9997510978658575,8.0,-9.181601301020061,-11.209556069269,-6.990925944906121
2810.0,265.8141871178141,274.55089121494325,250.48611111111111,238.48611111111111,3.990320449003595,8.0,-9.174590270014226,-11.21203540495377,-6.989363277703342
2820.0,265.7692222583031,274.5039667461556,250.41666666666666,238.41666666666666,3.9809159600381614,8.0,-9.167585037317796,-11.214516518130056,-6.987795590281985
2830.0,265.72428198405987,274.4570607496423,250.34722222222223,238.34722222222223,3.9715375584040085,8.0,-9.160585557294178,-11.216999349529974,-6.986223012465962
2840.0,265.6793661930324,274.4101732821874,250.27777777777777,238.27777777777777,3.9621851717368797,8.0,-9.153591786017472,-11.219483840930712,-6.98464567132396
2850.0,265.63447478505645,274.3633043990956,250.20833333333334,238.20833333333334,3.9528587278732505,8.0,-9.146603681227655,-11.221969935130188,-6.983063691231337
2860.0,265.5896076618111,274.3164541542243,250.13888888888889,238.13888888888889,3.9435581548497747,8.0,-9.139621202287186,-11.224457575923525,-6.981477193930551
2870.0,265.5447647267755,274.26962260001346,250.06944444444446,238.06944444444446,3.9342833809027242,8.0,-9.13264431013828,-11.226946708079701,-6.9798862985903725
2880.0,265.4999458851867,274.2228097875162,250.0,238.0,3.9250343344674397,8.0,-9.125672967261776,-11.229437277319144,-6.978291121863595
2890.0,265.4551510439984,274.1760157664276,249.93055555555554,237.93055555555554,3.9158109441777764,8.0,-9.118707137636619,-11.231929230291607,-6.97669177794337
2900.0,265.41038011184065,274.1292405851136,249.86111111111111,237.86111111111111,3.9066131388655534,8.0,-9.11174678670073,-11.234422514554723,-6.975088378618375
2910.0,265.3656329989807,274.08248429063883,249.79166666666666,237.79166666666666,3.897440847560005,8.0,-9.104791881312744,-11.236917078553065,-6.973481033326516
2920.0,265.3209096172845,274.0357469287939,249.72222222222223,237.72222222222223,3.8882939994872325,8.0,-9.097842389714655,-11.239412871597601,-6.971869849207542
2930.0,265.27620988017935,273.9890285441224,249.65277777777777,237.65277777777777,3.87917252406966,8.0,-9.090898281495614,-11.241909843845827,-6.970254931154432
2940.0,265.23153370261736,273.9423291799466,249.58333333333334,237.58333333333334,3.8700763509254874,8.0,-9.08395952755643,-11.244407946282168,-6.9686363818634165
2950.0,265.1868810010396,273.8956488783935,249.51388888888889,237.51388888888889,3.8610054098681483,8.0,-9.077026100075196,-11.246907130699054,-6.967014301883137
2960.0,265.14225169334134,273.84898768041944,249.44444444444446,237.44444444444446,3.851959630905768,8.0,-9.070097972473606,-11.249407349678275,-6.965388789662484
2970.0,265.09764569883805,273.8023456258347,249.375,237.375,3.8429389442406245,8.0,-9.063175119384313,-11.251908556572934,-6.9637599415973
2980.0,265.05306293823213,273.7557227533273,249.30555555555554,237.30555555555554,3.83394328026861,8.0,-9.056257516618984,-11.25441070548972,-6.9621278520761285
2990.0,265.00850333358045,273.7091191004865,249.23611111111111,237.23611111111111,3.8249725695786916,8.0,-9.049345141137225,-11.256913751271677,-6.960492613524821
3000.0,264.9639668082627,273.66253470382543,249.16666666666666,237.16666666666666,3.816026742952379,8.0,-9.042437971016374,-11.25941764948139,-6.958854316450197
3010.0,264.91945328695044,273.61596959880353,249.09722222222223,237.09722222222223,3.8071057313631873,8.0,-9.035535985421918,-11.261922356384499,-6.957213049482471
3020.0,264.874962695577,273.5694238198484,249.02777777777777,237.02777777777777,3.7982094659761056,8.0,-9.028639164578811,-11.264427828933716,-6.9555688994171305
3030.0,264.83049496130775,273.5228974003771,248.95833333333334,236.95833333333334,3.7893378781470686,8.0,-9.02174748974338,-11.266934024753112,-6.953921951255461
3040.0,264.7860500125116,273.476390372817,248.88888888888889,236.88888888888889,3.7804908994224204,8.0,-9.01486094317615,-11.269440902122907,-6.952272288244285
3050.0,264.74162777873266,273.4299027686262,248.81944444444446,236.81944444444446,3.7716684615383937,8.0,-9.007979508115056,-11.27194841996445,-6.950619991914846
3060.0,264.69722819066277,273.38343461831363,248.75,236.75,3.762870496420578,8.0,-9.001103168749717,-11.274456537825785,-6.948965142120688
3070.0,264.65285118011485,273.33698595145836,248.68055555555554,236.68055555555554,3.754096936183396,8.0,-8.994231910196033,-11.276965215867355,-6.947307817074807
3080.0,264.6084966799967,273.2905567967288,248.61111111111111,236.61111111111111,3.74534771312958,8.0,-8.987365718471652,-11.279474414848186,-6.945648093385717
3090.0,264.56416462428524,273.2441471819014,248.54166666666666,236.54166666666666,3.73662275974965,8.0,-8.980504580471981,-11.281984096112366,-6.943986046092914
3100.0,264.51985494800175,273.1977571338787,248.47222222222223,236.47222222222223,3.7279220087213916,8.0,-8.97364848394667,-11.284494221575729,-6.94232174870158
3110.0,264.4755675871874,273.1513866787076,248.40277777777777,236.40277777777777,3.7192453929093365,8.0,-8.966797417477041,-11.287004753713104,-6.940655273216135
3120.0,264.4313024788795,273.1050358415962,248.33333333333334,236.33333333333334,3.7105928453642463,8.0,-8.959951370453695,-11.289515655545618,-6.938986690173351
3130.0,264.3870595610881,273.0587046469315,248.26388888888889,236.26388888888889,3.7019642993225936,8.0,-8.953110333054987,-11.292026890628474,-6.937316068674727
3140.0,264.34283877277346,273.0123931182958,248.19444444444446,236.19444444444446,3.6933596882060478,8.0,-8.946274296225827,-11.294538423038894,-6.935643476417863
3150.0,264.29864005382376,272.966101278483,248.125,236.125,3.6847789456209625,8.0,-8.939443251657252,-11.297050217364486,-6.933968979727388
3160.0,264.2544633450335,272.9198291495146,248.05555555555554,236.05555555555554,3.6762220053578614,8.0,-8.932617191766267,-11.299562238691749,-6.932292643584879
3170.0,264.2103085880824,272.8735767526555,247.98611111111111,235.98611111111111,3.667688801390928,8.0,-8.925796109676378,-11.302074452594956,-6.930614531658467
3180.0,264.16617572551456,272.827344108429,247.91666666666666,235.91666666666666,3.659179267877497,8.0,-8.918979999198575,-11.304586825125254,-6.928934706331529
3190.0,264.12206470071857,272.78113123663195,247.84722222222223,235.84722222222223,3.6506933391575465,8.0,-8.912168854812732,-11.307099322800036,-6.927253228730706
3200.0,264.07797545790754,272.7349381563494,247.77777777777777,235.77777777777777,3.6422309497531873,8.0,-8.905362671649561,-11.309611912592562,-6.925570158753499
3210.0,264.0339079421001,272.68876488596874,247.70833333333334,235.70833333333334,3.633792034368164,8.0,-8.898561445472962,-11.312124561921811,-6.923885555094921
3220.0,263.98986209910134,272.6426114431938,247.63888888888889,235.63888888888889,3.625376527887347,8.0,-8.89176517266286,-11.314637238642627,-6.922199475273965
3230.0,263.94583787548476,272.5964778450585,247.56944444444446,235.56944444444446,3.616984365376231,8.0,-8.884973850198415,-11.317149911035985,-6.920511975658974
3240.0,263.9018352185741,272.5503641079402,247.5,235.5,3.6086154820804337,8.0,-8.878187475641788,-11.31966254779968,-6.918823111492884
3250.0,263.857854076426,272.50427024757295,247.43055555555554,235.43055555555554,3.600269813425197,8.0,-8.871406047122148,-11.322175118039045,-6.917132936917551
3260.0,263.8138943978129,272.4581962790601,247.36111111111111,235.36111111111111,3.591947295014887,8.0,-8.864629563320179,-11.324687591257963,-6.915441504997762
3270.0,263.7699561322061,272.412142216887,247.29166666666666,235.29166666666666,3.583647862632501,8.0,-8.857858023453023,-11.32719993735016,-6.913748867744698
3280.0,263.7260392297599,272.36610807493315,247.22222222222223,235.22222222222223,3.5753714522391666,8.0,-8.851091427259425,-11.329712126590556,-6.912055076138586
3290.0,263.6821436412952,272.3200938664842,247.15277777777777,235.15277777777777,3.567117999973652,8.0,-8.84432977498547,-11.332224129626994,-6.910360180151201
3300.0,263.63826931828436,272.2740996042439,247.08333333333334,235.08333333333334,3.5588874421518706,8.0,-8.83757306737054,-11.334735917472,-6.908664228767612
3310.0,263.59441621283565,272.2281253003451,247.01388888888889,235.01388888888889,3.550679715266391,8.0,-8.83082130563369,-11.3372474614949,-6.906967270007545
3320.0,263.55058427767864,272.1821709663615,246.94444444444446,234.94444444444446,3.5424947559859468,8.0,-8.824074491460214,-11.339758733413916,-6.90526935094631
3330.0,263.5067734661497,272.1362366133185,246.875,234.875,3.5343325011549473,8.0,-8.8173326269889,-11.34226970528873,-6.903570517735034
3340.0,263.46298373217763,272.09032225170364,246.80555555555554,234.80555555555554,3.5261928877929907,8.0,-8.810595714799108,-11.344780349512886,-6.901870815620805
3350.0,263.41921503027015,272.0444278914776,246.73611111111111,234.73611111111111,3.5180758530943774,8.0,-8.803863757898636,-11.347290638806706,-6.900170288965956
3360.0,263.37546731550015,271.9985535420841,246.66666666666666,234.66666666666666,3.509981334427627,8.0,-8.797136759711664,-11.349800546210162,-6.898468981267161
3370.0,263.3317405434926,271.9526992124602,246.59722222222223,234.59722222222223,3.501909269334994,8.0,-8.790414724066935,-11.352310045075924,-6.896766935174083
3380.0,263.2880346704116,271.906864911046,246.52777777777777,234.52777777777777,3.4938595955319847,8.0,-8.78369765518647,-11.354819109062731,-6.895064192507516
3390.0,263.24434965294796,271.8610506457946,246.45833333333334,234.45833333333334,3.4858322509068795,8.0,-8.776985557674275,-11.357327712128685,-6.893360794277306
3400.0,263.2006854483067,271.8152564241811,246.38888888888889,234.38888888888889,3.4778271735202497,8.0,-8.770278436505611,-11.359835828524918,-6.891656780699532
3410.0,263.15704201419504,271.7694822532121,246.31944444444446,234.31944444444446,3.469844301604484,8.0,-8.763576297016286,-11.362343432789263,-6.889952191213661
3420.0,263.113419308811,271.72372813943485,246.25,234.25,3.4618835735633096,8.0,-8.756879144892464,-11.36485049974019,-6.888247064499092
3430.0,263.0698172908315,271.67799408894575,246.18055555555554,234.18055555555554,3.453944927971315,8.0,-8.750186986160463,-11.367357004470746,-6.886541438491395
3440.0,263.0262359194015,271.63228010739925,246.11111111111111,234.11111111111111,3.446028303573479,8.0,-8.743499827176972,-11.36986292234275,-6.884835350398226
3450.0,262.98267515412283,271.58658620001626,246.04166666666666,234.04166666666666,3.438133639284699,8.0,-8.7368176746196,-11.372368228981147,-6.883128836714741
3460.0,262.93913495504376,271.54091237159247,245.97222222222223,233.97222222222223,3.430260874189316,8.0,-8.730140535477332,-11.374872900268322,-6.881421933238972
3470.0,262.8956152826483,271.4952586265065,245.90277777777777,233.90277777777777,3.4224099475406464,8.0,-8.723468417041598,-11.37737691233874,-6.879714675086553
3480.0,262.8521160978463,271.4496249687277,245.83333333333334,233.83333333333334,3.4145807987605132,8.0,-8.716801326897349,-11.37988024157366,-6.878007096705097
3490.0,262.8086373619633,271.40401140182405,245.76388888888889,233.76388888888889,3.4067733674387797,8.0,-8.710139272914404,-11.382382864595899,-6.8762992318886065
3500.0,262.7651790367308,271.35841792896974,245.69444444444446,233.69444444444446,3.3989875933328815,8.0,-8.703482263238952,-11.384884758264732,-6.874591113791166
3510.0,262.72174108427686,271.31284455295264,245.625,233.625,3.3912234163673616,8.0,-8.696830306285438,-11.387385899671054,-6.872882774940627
3520.0,262.67832346711685,271.2672912761814,245.55555555555554,233.55555555555554,3.3834807766334087,8.0,-8.690183410728462,-11.389886266132486,-6.871174247251656
3530.0,262.63492614814425,271.221758100693,245.48611111111111,233.48611111111111,3.3757596143883952,8.0,-8.683541585494932,-11.392385835188616,-6.869465562039022
3540.0,262.591549090622,271.17624502815926,245.41666666666666,233.41666666666666,3.368059870055412,8.0,-8.676904839756592,-11.394884584596555,-6.867756750029821
3550.0,262.5481922581736,271.130752059894,245.34722222222223,233.34722222222223,3.3603814842228137,8.0,-8.670273182922347,-11.397382492326232,-6.866047841376349
3560.0,262.50485561477484,271.08527919685963,245.27777777777777,233.27777777777777,3.352724397643759,8.0,-8.663646624631221,-11.399879536556167,-6.864338865667833
3570.0,262.46153912474557,271.0398264396736,245.20833333333334,233.20833333333334,3.345088551235751,8.0,-8.65702517474511,-11.402375695669068,-6.8626298519424385
3580.0,262.4182427527416,270.9943937886151,245.13888888888889,233.13888888888889,3.3374738860801836,8.0,-8.650408843342076,-11.404870948247796,-6.860920828698818
3590.0,262.3749664637468,270.94898124363107,245.06944444444446,233.06944444444446,3.329880343421887,8.0,-8.643797640709414,-11.407365273071083,-6.859211823907436
3600.0,262.3317102230653,270.90358880434235,245.0,233.0,3.3223078646686734,8.0,-8.63719157733723,-11.409858649109678,-6.857502865021662
3610.0,262.2884739963143,270.8582164700499,244.93055555555554,232.93055555555554,3.314756391390885,8.0,-8.63059066391201,-11.412351055522427,-6.855793978988505
3620.0,262.24525774941645,270.81286423974063,244.86111111111111,232.86111111111111,3.307225865320944,8.0,-8.623994911310334,-11.414842471652406,-6.854085192259345
3630.0,262.20206144859276,270.76753211209297,244.79166666666666,232.79166666666666,3.2997162283529016,8.0,-8.617404330592834,-11.41733287702325,-6.852376530800166
3640.0,262.15888506035566,270.7222200854828,244.72222222222223,232.72222222222223,3.292227422541991,8.0,-8.610818932998262,-11.419822251335525,-6.850668020101693
3650.0,262.1157285515021,270.6769281579887,244.65277777777777,232.65277777777777,3.28475939010418,8.0,-8.604238729937714,-11.422310574463182,-6.848959685189266
3660.0,262.0725918891069,270.6316563273977,244.58333333333334,232.58333333333334,3.2773120734157235,8.0,-8.597663732988883,-11.424797826450023,-6.847251550632655
3670.0,262.0294750405161,270.5864045912104,244.51388888888889,232.51388888888889,3.269885415012722,8.0,-8.591093953890697,-11.42728398750644,-6.845543640555434
3680.0,261.9863779733409,270.541172946646,244.44444444444446,232.44444444444446,3.2624793575906756,8.0,-8.584529404537857,-11.429769038006006,-6.843835978644075
3690.0,261.943300655451,270.4959613906477,244.375,232.375,3.2550938440040422,8.0,-8.577970096975623,-11.432252958482302,-6.842128588157357
3700.0,261.900243054969,270.4507699198876,244.30555555555554,232.30555555555554,3.247728817265798,8.0,-8.571416043394706,-11.434735729625762,-6.840421491934876
3710.0,261.857205140264,270.40559853077133,244.23611111111111,232.23611111111111,3.240384220546997,8.0,-8.564867256126288,-11.43721733228058,-6.838714712405864
3720.0,261.8141868799461,270.36044721944313,244.16666666666666,232.16666666666666,3.2330599971763303,8.0,-8.558323747637159,-11.439697747441716,-6.837008271597643
3730.0,261.77118824286055,270.31531598179043,244.09722222222223,232.09722222222223,3.225756090639694,8.0,-8.551785530524958,-11.442176956251924,-6.83530219114391
3740.0,261.72820919808237,270.2702048134484,244.02777777777777,232.02777777777777,3.2184724445797475,8.0,-8.545252617513587,-11.444654939998955,-6.833596492292827
3750.0,261.6852497149109,270.2251137098045,243.95833333333334,231.95833333333334,3.2112090027954823,8.0,-8.538725021448696,-11.447131680112737,-6.831891195914841
3760.0,261.64230976286444,270.18004266600275,243.88888888888889,231.88888888888889,3.203965709241786,8.0,-8.532202755293254,-11.449607158162577,-6.830186322510645
3770.0,261.5993893116751,270.1349916769482,243.81944444444446,231.81944444444446,3.196742508029013,8.0,-8.525685832123274,-11.452081355854576,-6.828481892218452
3780.0,261.55648833128384,270.089960737311,243.75,231.75,3.18953934342255,8.0,-8.519174265123656,-11.454554255028972,-6.826777924821727
3790.0,261.51360679183546,270.04494984153075,243.68055555555554,231.68055555555554,3.1823561598423864,8.0,-8.51266806758404,-11.45702583765759,-6.825074439756236
3800.0,261.4707446636738,269.99995898382025,243.61111111111111,231.61111111111111,3.175192901862689,8.0,-8.506167252894876,-11.459496085841376,-6.823371456117139
3810.0,261.42790191733724,269.9549881581697,243.54166666666666,231.54166666666666,3.168049514211369,8.0,-8.499671834543578,-11.461964981807991,-6.821668992665991
3820.0,261.38507852355366,269.9100373583505,243.47222222222223,231.47222222222223,3.1609259417696585,8.0,-8.493181826110591,-11.464432507909333,-6.819967067837479
3830.0,261.3422744532365,269.865106577919,243.40277777777777,231.40277777777777,3.1538221295716866,8.0,-8.486697241265908,-11.466898646619404,-6.818265699746007
3840.0,261.29948967747987,269.82019581022035,243.33333333333334,231.33333333333334,3.1467380228040516,8.0,-8.480218093765215,-11.469363380531796,-6.816564906192389
3850.0,261.25672416755475,269.7753050483921,243.26388888888889,231.26388888888889,3.139673566805401,8.0,-8.473744397446636,-11.471826692357753,-6.8148647046698905
3860.0,261.2139778949045,269.7304342853678,243.19444444444446,231.19444444444446,3.132628707066009,8.0,-8.467276166227089,-11.47428856492381,-6.813165112370644
3870.0,261.1712508311407,269.6855835138803,243.125,231.125,3.125603389227354,8.0,-8.460813414099047,-11.476748981169747,-6.811466146191697
3880.0,261.1285429480396,269.6407527264656,243.05555555555554,231.05555555555554,3.118597559081701,8.0,-8.454356155127261,-11.479207924146552,-6.809767822740833
3890.0,261.08585421753776,269.5959419154659,242.98611111111111,230.98611111111111,3.1116111625716862,8.0,-8.44790440344556,-11.481665377014405,-6.808070158342526
3900.0,261.0431846117285,269.551151073033,242.91666666666666,230.91666666666666,3.1046441457898926,8.0,-8.441458173253762,-11.484121323040682,-6.806373169043582
3910.0,261.0005341028582,269.5063801911314,242.84722222222223,230.84722222222223,3.097696454978441,8.0,-8.435017478814602,-11.486575745598037,-6.8046768706185965
3920.0,260.9579026633224,269.4616292615418,242.77777777777777,230.77777777777777,3.090768036528571,8.0,-8.42858233445084,-11.489028628162577,-6.802981278575544
3930.0,260.9152902656627,269.41689827586384,242.70833333333334,230.70833333333334,3.0838588369802302,8.0,-8.422152754542347,-11.491479954312002,-6.801286408160923
3940.0,260.8726968825629,269.3721872255193,242.63888888888889,230.63888888888889,3.0769688030216575,8.0,-8.415728753523268,-11.493929707723783,-6.79959227436516
3950.0,260.83012248684577,269.3274961017552,242.56944444444446,230.56944444444446,3.0700978814889788,8.0,-8.409310345879286,-11.496377872173438,-6.797898891927526
3960.0,260.7875670514699,269.28282489564646,242.5,230.5,3.063246019365789,8.0,-8.402897546145029,-11.498824431532906,-6.796206275341229
3970.0,260.74503054952623,269.2381735980991,242.43055555555554,230.43055555555554,3.056413163782747,8.0,-8.396490368901294,-11.50126936976872,-6.794514438858278
3980.0,260.70251295423503,269.19354219985263,242.36111111111111,230.36111111111111,3.049599262017169,8.0,-8.390088828772656,-11.503712670940518,-6.792823396494078
3990.0,260.66001423894284,269.14893069148326,242.29166666666666,230.29166666666666,3.042804261492618,8.0,-8.38369294042493,-11.506154319199434,-6.791133162032338
4000.0,260.61753437711934,269.1043390634063,242.22222222222223,230.22222222222223,3.0360281097785013,8.0,-8.377302718562666,-11.50859429878642,-6.789443749029579
4010.0,260.57507334235464,269.0597673058789,242.15277777777777,230.15277777777777,3.029270754589663,8.0,-8.370918177926937,-11.51103259403094,-6.787755170819401
4020.0,260.53263110835616,269.0152154090025,242.08333333333334,230.08333333333334,3.0225321437859844,8.0,-8.364539333292853,-11.513469189349266,-6.7860674405170816
4030.0,260.49020764894607,268.9706833627257,242.01388888888889,230.01388888888889,3.0158122253719775,8.0,-8.35816619946751,-11.515904069243245,-6.784380571023712
4040.0,260.44780293805843,268.92617115684646,241.94444444444446,229.94444444444446,3.009110947496387,8.0,-8.351798791287608,-11.518337218298718,-6.782694575030428
4050.0,260.4054169497365,268.88167878101467,241.875,229.875,3.002428258451788,8.0,-8.345437123617424,-11.52076862118422,-6.781009465022544
4060.0,260.36304965813025,268.8372062247345,241.80555555555554,229.80555555555554,2.99576410667419,8.0,-8.33908121134669,-11.52319826264964,-6.779325253283378
4070.0,260.32070103749373,268.7927534773668,241.73611111111111,229.73611111111111,2.9891184407426343,8.0,-8.332731069388512,-11.525626127524841,-6.777641951898431
4080.0,260.2783710621826,268.7483205281314,241.66666666666666,229.66666666666666,2.982491209378802,8.0,-8.326386712677467,-11.528052200718452,-6.77595957275903
4090.0,260.2360597066517,268.7039073661093,241.59722222222223,229.59722222222223,2.975882361446616,8.0,-8.320048156167553,-11.530476467216543,-6.774278127566095
4100.0,260.19376694545275,268.6595139802451,241.52777777777777,229.52777777777777,2.969291845951846,8.0,-8.313715414830419,-11.532898912081471,-6.772597627833875
4110.0,260.151492753232,268.6151403593488,241.45833333333334,229.45833333333334,2.9627196120417167,8.0,-8.307388503653412,-11.535319520450612,-6.770918084893447
4120.0,260.10923710472787,268.57078649209825,241.38888888888889,229.38888888888889,2.9561656090045143,8.0,-8.301067437637832,-11.537738277535242,-6.769239509896306
4130.0,260.066999974769,268.5264523670412,241.31944444444446,229.31944444444446,2.9496297862691945,8.0,-8.294752231797144,-11.540155168619362,-6.767561913817781
4140.0,260.0247813382718,268.48213797259723,241.25,229.25,2.9431120934049946,8.0,-8.288442901155317,-11.542570179058622,-6.765885307460349
4150.0,259.9825811702386,268.4378432970598,241.18055555555554,229.18055555555554,2.936612480121041,8.0,-8.282139460745052,-11.544983294279165,-6.764209701457003
4160.0,259.9403994457554,268.3935683285984,241.11111111111111,229.11111111111111,2.930130896265966,8.0,-8.275841925606242,-11.547394499776624,-6.762535106274391
4170.0,259.8982361399901,268.34931305526015,241.04166666666666,229.04166666666666,2.923667291827515,8.0,-8.269550310784343,-11.549803781115052,-6.76086153221604
4180.0,259.8560912281903,268.3050774649721,240.97222222222223,228.97222222222223,2.917221616932166,8.0,-8.2632646313288,-11.552211123925916,-6.759188989425457
4190.0,259.8139646856815,268.26086154554275,240.90277777777777,228.90277777777777,2.9107938218447407,8.0,-8.256984902291608,-11.554616513907144,-6.757517487888982
4200.0,259.7718564878654,268.21666528466403,240.83333333333334,228.83333333333334,2.904383856968023,8.0,-8.250711138725713,-11.55701993682204,-6.7558470374388895
4210.0,259.7297666102178,268.17248866991315,240.76388888888889,228.76388888888889,2.8979916728423754,8.0,-8.244443355683678,-11.559421378498483,-6.754177647756297
4220.0,259.6876950282869,268.1283316887543,240.69444444444446,228.69444444444446,2.891617220145358,8.0,-8.2381815682162,-11.561820824827876,-6.752509328373936
4230.0,259.64564171769183,268.0841943285403,240.625,228.625,2.885260449691347,8.0,-8.231925791370829,-11.564218261764388,-6.750842088678792
4240.0,259.6036066541206,268.04007657651454,240.55555555555554,228.55555555555554,2.8789213124311566,8.0,-8.225676040190494,-11.566613675323895,-6.749175937915152
4250.0,259.5615898133287,267.9959784198123,240.48611111111111,228.48611111111111,2.872599759451659,8.0,-8.219432329712314,-11.569007051583249,-6.747510885186876
4260.0,259.5195911711373,267.95189984546255,240.41666666666666,228.41666666666666,2.866295741975408,8.0,-8.213194674966273,-11.571398376679413,-6.7458469394602165
4270.0,259.4776107034319,267.9078408403898,240.34722222222223,228.34722222222223,2.8600092113602615,8.0,-8.206963090973977,-11.573787636808598,-6.744184109566323
4280.0,259.4356483861606,267.8638013914152,240.27777777777777,228.27777777777777,2.853740119099009,8.0,-8.200737592747476,-11.576174818225535,-6.742522404203692
4290.0,259.3937041953328,267.8197814852586,240.20833333333334,228.20833333333334,2.847488416818993,8.0,-8.194518195288017,-11.578559907242594,-6.740861831940629
4300.0,259.35177810701754,267.7757811085395,240.13888888888889,228.13888888888889,2.8412540562817385,8.0,-8.188304913584957,-11.58094289022912,-6.739202401217563
4310.0,259.3098700973421,267.731800247779,240.06944444444446,228.06944444444446,2.8350369893825813,8.0,-8.182097762614559,-11.583323753610575,-6.7375441203495035
4320.0,259.26798014249096,267.6878388894011,240.0,228.0,2.828837168150296,8.0,-8.175896757339038,-11.58570248386798,-6.735886997528133
4330.0,259.2261082187038,267.6438970197342,239.93055555555554,227.93055555555554,2.8226545447467237,8.0,-8.169701912705282,-11.588079067536976,-6.734231040824307
4340.0,259.18425430227484,267.5999746250123,239.86111111111111,227.86111111111111,2.8164890714664077,8.0,-8.163513243643973,-11.59045349120732,-6.732576258189965
4350.0,259.1424183695511,267.55607169137664,239.79166666666666,227.79166666666666,2.81034070073622,8.0,-8.157330765068522,-11.592825741522116,-6.730922657460451
4360.0,259.1006003969313,267.51218820487696,239.72222222222223,227.72222222222223,2.8042093851149987,8.0,-8.151154491874037,-11.595195805177164,-6.72927024635651
4370.0,259.0588003608648,267.46832415147276,239.65277777777777,227.65277777777777,2.7980950772931785,8.0,-8.144984438936401,-11.597563668920317,-6.727619032486382
4380.0,259.01701823785,267.4244795170347,239.58333333333334,227.58333333333334,2.7919977300924286,8.0,-8.138820621111293,-11.599929319550856,-6.725969023347762
4390.0,258.97525400443357,267.3806542873459,239.51388888888889,227.51388888888889,2.7859172964652856,8.0,-8.132663053233308,-11.602292743918866,-6.724320226329883
4400.0,258.9335076372091,267.33684844810324,239.44444444444446,227.44444444444446,2.7798537294947945,8.0,-8.126511750114986,-11.604653928924607,-6.722672648715298
4410.0,258.8917791128161,267.29306198491844,239.375,227.375,2.7738069823941425,8.0,-8.120366726546017,-11.607012861517985,-6.721026297681874
4420.0,258.85006840793875,267.2492948833194,239.30555555555554,227.30555555555554,2.7677770085063007,8.0,-8.114227997292321,-11.609369528697915,-6.719381180304527
4430.0,258.80837549930504,267.20554712875145,239.23611111111111,227.23611111111111,2.7617637613036625,8.0,-8.108095577095229,-11.611723917511767,-6.717737303557124
4440.0,258.7667003636857,267.16181870657834,239.16666666666666,227.16666666666666,2.7557671943876856,8.0,-8.101969480670734,-11.614076015054902,-6.716094674314127
4450.0,258.72504297789305,267.1181096020836,239.09722222222223,227.09722222222223,2.749787261488534,8.0,-8.095849722708582,-11.616425808470012,-6.714453299352454
4460.0,258.68340331878017,267.0744198004717,239.02777777777777,227.02777777777777,2.743823916464721,8.0,-8.089736317871578,-11.618773284946656,-6.712813185353207
4470.0,258.64178136323994,267.0307492868688,238.95833333333334,226.95833333333334,2.737877113302751,8.0,-8.08362928079481,-11.621118431720763,-6.711174338903084
4480.0,258.6001770882041,266.9870980463243,238.88888888888889,226.88888888888889,2.7319468061167687,8.0,-8.077528626084943,-11.623461236074142,-6.7095367664961945
4490.0,258.5585904706422,266.94346606381174,238.81944444444446,226.81944444444446,2.7260329491482014,8.0,-8.071434368319414,-11.625801685333915,-6.707900474535655
4500.0,258.51702148756095,266.8998533242298,238.75,226.75,2.720135496765407,8.0,-8.065346522045862,-11.62813976687216,-6.706265469335086
4510.0,258.47547011600324,266.85625981240344,238.68055555555554,226.68055555555554,2.7142544034633227,8.0,-8.05926510178131,-11.630475468105315,-6.70463175712016
4520.0,258.43393633304726,266.81268551308483,238.61111111111111,226.61111111111111,2.708389623863113,8.0,-8.053190122011578,-11.63280877649384,-6.702999344030059
4530.0,258.39242011580575,266.7691304109545,238.54166666666666,226.54166666666666,2.7025411127118195,8.0,-8.047121597190651,-11.635139679541712,-6.701368236119015
4540.0,258.3509214414252,266.7255944906222,238.47222222222223,226.47222222222223,2.696708824882013,8.0,-8.041059541739981,-11.637468164795997,-6.6997384393575885
4550.0,258.3094402870852,266.6820777366279,238.40277777777777,226.40277777777777,2.6908927153714424,8.0,-8.035003970047965,-11.639794219846491,-6.698109959634166
4560.0,258.26797662999724,266.63858013344276,238.33333333333334,226.33333333333334,2.685092739302692,8.0,-8.028954896469195,-11.642117832325173,-6.696482802756418
4570.0,258.22653044740457,266.59510166547017,238.26388888888889,226.26388888888889,2.6793088519228303,8.0,-8.022912335324046,-11.644438989905959,-6.6948569744524775
4580.0,258.18510171658113,266.5516423170465,238.19444444444446,226.19444444444446,2.673541008603069,8.0,-8.016876300897984,-11.6467576803042,-6.693232480372308
4590.0,258.14369041483087,266.50820207244215,238.125,226.125,2.6677891648384144,8.0,-8.010846807441064,-11.649073891276348,-6.6916093260890195
4600.0,258.10229651948714,266.4647809158624,238.05555555555554,226.05555555555554,2.6620532762473283,8.0,-8.004823869167344,-11.65138761061954,-6.68998751710019
4610.0,258.060920007912,266.4213788314483,237.98611111111111,225.98611111111111,2.656333298571382,8.0,-7.998807500254378,-11.653698826171262,-6.688367058829044
4620.0,258.01956085749566,266.3779958032775,237.91666666666666,225.91666666666666,2.6506291876749173,8.0,-7.992797714842785,-11.656007525809045,-6.686747956625459
4630.0,257.97821904565575,266.3346318153651,237.84722222222223,225.84722222222223,2.644940899544704,8.0,-7.986794527035575,-11.658313697450003,-6.685130215767504
4640.0,257.9368945498367,266.29128685166467,237.77777777777777,225.77777777777777,2.639268390289603,8.0,-7.9807979508978235,-11.660617329050579,-6.6835138414623545
4650.0,257.8955873475093,266.2479608960687,237.70833333333331,225.70833333333331,2.6336116161402234,8.0,-7.974808000456092,-11.662918408606172,-6.68189883884752
4660.0,257.85429741616997,266.20465393240994,237.63888888888889,225.63888888888889,2.627970533448589,8.0,-7.968824689698005,-11.665216924150835,-6.680285212991976
4670.0,257.81302473334017,266.1613659444616,237.56944444444446,225.56944444444446,2.6223450986877994,8.0,-7.962848032571793,-11.667512863756947,-6.678672968897127
4680.0,257.771769276566,266.1180969159386,237.5,225.5,2.6167352684516936,8.0,-7.956878042985849,-11.669806215534896,-6.677062111498117
4690.0,257.7305310234176,266.07484683049825,237.43055555555554,225.43055555555554,2.6111409994545167,8.0,-7.950914734808324,-11.672096967632823,-6.675452645664518
4700.0,257.6893099514886,266.0316156717407,237.36111111111111,225.36111111111111,2.6055622485305854,8.0,-7.944958121866623,-11.674385108236228,-6.673844576201692
4710.0,257.6481060383957,265.9884034232103,237.29166666666666,225.29166666666666,2.5999989726339545,8.0,-7.939008217947143,-11.676670625567814,-6.67223790785165
4720.0,257.60691926177816,265.9452100683956,237.22222222222223,225.22222222222223,2.5944511288380854,8.0,-7.933065036794739,-11.678953507887092,-6.670632645293972
4730.0,257.56574959929713,265.90203559073075,237.15277777777777,225.15277777777777,2.5889186743355124,8.0,-7.927128592112411,-11.681233743490177,-6.66902879314689
4740.0,257.5245970286355,265.8588799735958,237.08333333333334,225.08333333333334,2.583401566437517,8.0,-7.921198897560902,-11.683511320709487,-6.6674263559682005
4750.0,257.48346152749735,265.81574320031746,237.01388888888889,225.01388888888889,2.5778997625737947,8.0,-7.915275966758372,-11.68578622791351,-6.665825338256082
4760.0,257.44234307360733,265.77262525417007,236.94444444444446,224.94444444444446,2.5724132202921273,8.0,-7.909359813279968,-11.688058453506503,-6.664225744450187
4770.0,257.4012416447105,265.72952611837593,236.875,224.875,2.5669418972580567,8.0,-7.903450450657585,-11.690327985928331,-6.662627578932325
4780.0,257.36015721857177,265.6864457761061,236.80555555555554,224.80555555555554,2.561485751254558,8.0,-7.8975478923793965,-11.69259481365409,-6.661030846027462
4790.0,257.31908977297553,265.6433842104812,236.73611111111111,224.73611111111111,2.5560447401817106,8.0,-7.891652151889639,-11.69485892519401,-6.659435550004537
4800.0,257.27803928572524,265.60034140457185,236.66666666666669,224.66666666666669,2.550618822056378,8.0,-7.885763242588234,-11.697120309093124,-6.657841695077287
4810.0,257.2370057346431,265.55731734139954,236.59722222222223,224.59722222222223,2.5452079550118816,8.0,-7.879881177830503,-11.699378953931095,-6.656249285405147
4820.0,257.1959890975696,265.514312003937,236.52777777777777,224.52777777777777,2.5398120972976765,8.0,-7.8740059709268175,-11.70163484832194,-6.654658325093897
4830.0,257.15498935236343,265.471325375109,236.45833333333334,224.45833333333334,2.534431207279032,8.0,-7.868137635142389,-11.703887980913915,-6.653068818196471
4840.0,257.1140064769007,265.42835743779307,236.38888888888889,224.38888888888889,2.5290652434367074,8.0,-7.862276183696933,-11.706138340389225,-6.651480768713873
4850.0,257.07304044907505,265.3854081748198,236.31944444444446,224.31944444444446,2.5237141643666345,8.0,-7.8564216297643545,-11.708385915463813,-6.649894180595812
4860.0,257.03209124679694,265.3424775689737,236.25,224.25,2.5183779287795973,8.0,-7.85057398647256,-11.710630694887206,-6.648309057741426
4870.0,256.9911588479937,265.2995656029937,236.18055555555554,224.18055555555554,2.5130564955009103,8.0,-7.844733266903146,-11.71287266744233,-6.646725404000017
4880.0,256.95024323060886,265.2566722595737,236.11111111111111,224.11111111111111,2.5077498234701068,8.0,-7.838899484091106,-11.715111821945207,-6.645143223171863
4890.0,256.9093443726023,265.2137975213631,236.04166666666666,224.04166666666666,2.502457871740616,8.0,-7.833072651024712,-11.717348147244964,-6.6435625190086744
4900.0,256.86846225194944,265.1709413709677,235.97222222222223,223.97222222222223,2.4971805994794507,8.0,-7.827252780645103,-11.719581632223445,-6.641983295214596
4910.0,256.8275968466414,265.1281037909497,235.90277777777777,223.90277777777777,2.4919179659668926,8.0,-7.821439885846195,-11.721812265795187,-6.640405555446614
4920.0,256.7867481346846,265.0852847638288,235.83333333333334,223.83333333333334,2.486669930596174,8.0,-7.815633979474351,-11.724040036907157,-6.638829303315333
4930.0,256.7459160941004,265.0424842720823,235.76388888888889,223.76388888888889,2.481436452873169,8.0,-7.809835074328252,-11.726264934538653,-6.637254542385517
4940.0,256.7051007029248,264.9997022981459,235.69444444444446,223.69444444444446,2.4762174924160805,8.0,-7.804043183158572,-11.72848694770104,-6.635681276176865
4950.0,256.66430193920866,264.95693882441424,235.625,223.625,2.471013008955124,8.0,-7.798258318667902,-11.730706065437733,-6.634109508164466
4960.0,256.62351978101685,264.9141938332412,235.55555555555554,223.55555555555554,2.4658229623322234,8.0,-7.792480493510447,-11.732922276823924,-6.632539241779478
4970.0,256.5827542064285,264.8714673069406,235.48611111111111,223.48611111111111,2.460647312500697,8.0,-7.786709720291863,-11.735135570966472,-6.630970480409679
4980.0,256.5420051935364,264.82875922778663,235.41666666666666,223.41666666666666,2.4554860195249493,8.0,-7.780946011569065,-11.737345937003745,-6.629403227400189
4990.0,256.5012727204471,264.78606957801446,235.34722222222223,223.34722222222223,2.450339043580163,8.0,-7.775189379850023,-11.739553364105456,-6.6278374860538865
5000.0,256.4605567652806,264.7433983398206,235.27777777777777,223.27777777777777,2.445206344951992,8.0,-7.769439837593652,-11.741757841472586,-6.62627325963199
5010.0,256.4198573061702,264.7007454953634,235.20833333333334,223.20833333333334,2.440087884036255,8.0,-7.763697397209557,-11.74395935833719,-6.624710551354565
5020.0,256.37917432126204,264.65811102676355,235.13888888888889,223.13888888888889,2.4349836213386293,8.0,-7.757962071057918,-11.746157903962274,-6.623149364401207
5030.0,256.33850778871545,264.6154949161047,235.06944444444446,223.06944444444446,2.4298935174743463,8.0,-7.752233871449298,-11.748353467641671,-6.6215897019113985
5040.0,256.2978576867022,264.57289714543367,235.0,223.0,2.424817533167888,8.0,-7.746512810644485,-11.750546038699875,-6.620031566985199
5050.0,256.2572239934067,264.5303176967611,234.93055555555554,222.93055555555554,2.419755629252684,8.0,-7.740798900854377,-11.752735606491992,-6.618474962683513
5060.0,256.21660668702583,264.48775655206174,234.86111111111111,222.86111111111111,2.4147077666708086,8.0,-7.735092154239803,-11.754922160403575,-6.6169198920287275
5070.0,256.1760057457686,264.4452136932752,234.79166666666666,222.79166666666666,2.4096739064726793,8.0,-7.729392582911385,-11.757105689850478,-6.6153663580053035
5080.0,256.135421147856,264.40268910230606,234.72222222222223,222.72222222222223,2.404654009816758,8.0,-7.723700198929369,-11.75928618427873,-6.61381436356005
5090.0,256.09485287152114,264.3601827610245,234.65277777777777,222.65277777777777,2.3996480379692486,8.0,-7.718015014303585,-11.76146363316455,-6.612263911602668
5100.0,256.05430089500885,264.3176946512666,234.58333333333331,222.58333333333331,2.3946559523038005,8.0,-7.71233704099322,-11.763638026014085,-6.610715005006205
5110.0,256.0137651965756,264.275224754835,234.51388888888889,222.51388888888889,2.389677714301209,8.0,-7.706666290906727,-11.765809352363355,-6.609167646607512
5120.0,255.97324575448945,264.23277305349905,234.44444444444446,222.44444444444446,2.3847132855491204,8.0,-7.701002775901742,-11.767977601778187,-6.607621839207673
5130.0,255.93274254702985,264.1903395289954,234.375,222.375,2.379762627741732,8.0,-7.6953465077849215,-11.770142763854064,-6.606077585572462
5140.0,255.89225555248754,264.1479241630284,234.30555555555554,222.30555555555554,2.3748257026794986,8.0,-7.689697498311833,-11.77230482821603,-6.604534888432681
5150.0,255.8517847491645,264.1055269372704,234.23611111111111,222.23611111111111,2.3699024722688384,8.0,-7.68405575918686,-11.774463784518602,-6.602993750484711
5160.0,255.81133011537375,264.0631478333623,234.16666666666666,222.16666666666666,2.364992898521838,8.0,-7.67842130206312,-11.776619622445692,-6.601454174390824
5170.0,255.7708916294394,264.0207868329138,234.09722222222223,222.09722222222223,2.36009694355596,8.0,-7.672794138542336,-11.778772331710494,-6.599916162779528
5180.0,255.73046926969636,263.978443917504,234.02777777777777,222.02777777777777,2.355214569593749,8.0,-7.667174280174743,-11.780921902055383,-6.598379718246133
5190.0,255.69006301449042,263.9361190686816,233.95833333333334,221.95833333333334,2.3503457389625435,8.0,-7.661561738459005,-11.783068323251857,-6.596844843352938
5200.0,255.64967284217803,263.8938122679653,233.88888888888889,221.88888888888889,2.34549041409418,8.0,-7.655956524842123,-11.785211585100418,-6.595311540629814
5210.0,255.60929873112636,263.8515234968442,233.81944444444446,221.81944444444446,2.3406485575247094,8.0,-7.6503586507193395,-11.787351677430507,-6.59377981257428
5220.0,255.56894065971312,263.8092527367784,233.75,221.75,2.3358201318941028,8.0,-7.644768127434105,-11.789488590100449,-6.592249661652204
5230.0,255.5285986063265,263.7669999691989,233.68055555555554,221.68055555555554,2.3310050999459655,8.0,-7.63918496627792,-11.7916223129973,-6.590721090297894
5240.0,255.48827254936515,263.7247651755084,233.61111111111111,221.61111111111111,2.3262034245272494,8.0,-7.633609178490302,-11.793752836036818,-6.58919410091462
5250.0,255.44796246723806,263.6825483370816,233.54166666666669,221.54166666666669,2.321415068587966,8.0,-7.628040775258749,-11.795880149163402,-6.5876686958748225
5260.0,255.40766833836454,263.6403494352652,233.47222222222223,221.47222222222223,2.3166399951809007,8.0,-7.622479767718626,-11.798004242349997,-6.586144877520519
5270.0,255.36739014117418,263.5981684513788,233.40277777777777,221.40277777777777,2.3118781674613276,8.0,-7.616926166953098,-11.800125105597997,-6.584622648163691
5280.0,255.32712785410675,263.5560053667148,233.33333333333334,221.33333333333334,2.307129548686725,8.0,-7.611379983993077,-11.802242728937212,-6.5831020100864635
5290.0,255.28688145561216,263.51386016253906,233.26388888888889,221.26388888888889,2.3023941022164927,8.0,-7.605841229817198,-11.804357102425795,-6.581582965541521
5300.0,255.24665092415046,263.47173282009095,233.19444444444446,221.19444444444446,2.2976717915116684,8.0,-7.600309915351697,-11.806468216150144,-6.580065516752393
5310.0,255.20643623819174,263.42962332058397,233.125,221.125,2.292962580134646,8.0,-7.59478605147042,-11.808576060224878,-6.578549665913783
5320.0,255.16623737621617,263.3875316452059,233.05555555555554,221.05555555555554,2.2882664317488945,8.0,-7.589269648994737,-11.810680624792745,-6.577035415191791
5330.0,255.1260543167139,263.3454577751193,232.98611111111111,220.98611111111111,2.283583310118678,8.0,-7.583760718693488,-11.812781900024564,-6.575522766724339
5340.0,255.085887038185,263.30340169146166,232.91666666666666,220.91666666666666,2.278913179108775,8.0,-7.5782592712829855,-11.814879876119175,-6.5740117226213215
5350.0,255.04573551913958,263.26136337534575,232.84722222222223,220.84722222222223,2.2742560026842016,8.0,-7.572765317426904,-11.816974543303367,-6.572502284964935
5360.0,255.00559973809757,263.2193428078602,232.77777777777777,220.77777777777777,2.2696117449099305,8.0,-7.567278867736304,-11.819065891831826,-6.570994455810092
5370.0,254.96547967358887,263.1773399700694,232.70833333333334,220.70833333333334,2.264980369950617,8.0,-7.5617999327695475,-11.821153911987079,-6.569488237184419
5380.0,254.92537530415325,263.1353548430142,232.63888888888889,220.63888888888889,2.2603618420703198,8.0,-7.556328523032317,-11.823238594079458,-6.567983631088783
5390.0,254.88528660834032,263.0933874077121,232.56944444444446,220.56944444444446,2.255756125632227,8.0,-7.550864648977505,-11.825319928446987,-6.5664806394974224
5400.0,254.84521356470958,263.0514376451573,232.5,220.5,2.2511631850983806,8.0,-7.545408321005273,-11.827397905455417,-6.564979264358181
5410.0,254.80515615183035,263.0095055363215,232.43055555555554,220.43055555555554,2.2465829850294017,8.0,-7.539959549462951,-11.829472515498084,-6.563479507592934
5420.0,254.7651143482818,262.96759106215376,232.36111111111111,220.36111111111111,2.242015490084217,8.0,-7.5345183446450426,-11.831543748995928,-6.561981371097568
5430.0,254.72508813265293,262.9256942035811,232.29166666666666,220.29166666666666,2.2374606650197877,8.0,-7.529084716793224,-11.833611596397416,-6.560484856742528
5440.0,254.68507748354259,262.8838149415086,232.22222222222223,220.22222222222223,2.2329184746908366,8.0,-7.523658676096273,-11.835676048178478,-6.558989966372815
5450.0,254.64508237955943,262.84195325681986,232.15277777777777,220.15277777777777,2.2283888840495756,8.0,-7.518240232690102,-11.837737094842508,-6.5574967018083505
5460.0,254.60510279932197,262.80010913037717,232.08333333333334,220.08333333333334,2.2238718581454373,8.0,-7.512829396657694,-11.839794726920262,-6.5560050648441575
5470.0,254.5651387214586,262.7582825430218,232.01388888888889,220.01388888888889,2.219367362124804,8.0,-7.50742617802915,-11.841848934969882,-6.554515057250547
5480.0,254.52519012460752,262.7164734755744,231.94444444444446,219.94444444444446,2.2148753612307406,8.0,-7.502030586781596,-11.843899709576776,-6.553026680773496
5490.0,254.48525698741685,262.6746819088353,231.875,219.875,2.2103958208027237,8.0,-7.496642632839267,-11.84594704135365,-6.5515399371347485
5500.0,254.44533928854452,262.6329078235845,231.80555555555554,219.80555555555554,2.2059287062763753,8.0,-7.491262326073393,-11.847990920940394,-6.550054828031989
5510.0,254.40543700665842,262.59115120058243,231.73611111111111,219.73611111111111,2.2014739831831975,8.0,-7.485889676302279,-11.850031339004088,-6.548571355139211
5520.0,254.3655501204363,262.5494120205697,231.66666666666666,219.66666666666666,2.197031617150304,8.0,-7.480524693291269,-11.852068286238975,-6.547089520106738
5530.0,254.32567860856588,262.50769026426786,231.59722222222223,219.59722222222223,2.1926015739001588,8.0,-7.475167386752731,-11.854101753366379,-6.545609324561588
5540.0,254.28582244974484,262.4659859123794,231.52777777777777,219.52777777777777,2.1881838192503063,8.0,-7.4698177663460985,-11.856131731134717,-6.544130770107632
5550.0,254.24598162268083,262.4242989455879,231.45833333333331,219.45833333333331,2.1837783191131113,8.0,-7.464475841677812,-11.858158210319415,-6.542653858325662
5560.0,254.2061561060915,262.3826293445587,231.38888888888889,219.38888888888889,2.1793850394954957,8.0,-7.45914162230136,-11.860181181722893,-6.54117859077378
5570.0,254.16634587870453,262.3409770899389,231.31944444444446,219.31944444444446,2.1750039464986757,8.0,-7.453815117717287,-11.86220063617455,-6.5397049689875075
5580.0,254.12655091925765,262.2993421623576,231.25,219.25,2.1706350063178985,8.0,-7.448496337373184,-11.864216564530699,-6.538232994479973
5590.0,254.08677120649872,262.2577245424263,231.18055555555554,219.18055555555554,2.1662781852421853,8.0,-7.443185290663701,-11.866228957674556,-6.53676266874204
5600.0,254.0470067191857,262.21612421073894,231.11111111111111,219.11111111111111,2.1619334496540676,8.0,-7.437881986930541,-11.868237806516174,-6.53529399324259
5610.0,254.0072574360867,262.1745411478725,231.04166666666666,219.04166666666666,2.1576007660293293,8.0,-7.432586435462513,-11.87024310199247,-6.5338269694286515
5620.0,253.96752333598002,262.13297533438697,230.97222222222223,218.97222222222223,2.153280100936748,8.0,-7.427298645495493,-11.872244835067132,-6.532361598725561
5630.0,253.92780439765426,262.0914267508257,230.90277777777777,218.90277777777777,2.1489714210378374,8.0,-7.422018626212501,-11.874242996730656,-6.530897882537147
5640.0,253.8881005999082,262.04989537771564,230.83333333333334,218.83333333333334,2.144674693086589,8.0,-7.416746386743625,-11.876237578000223,-6.529435822245955
5650.0,253.84841192155102,262.00838119556767,230.76388888888889,218.76388888888889,2.140389883929217,8.0,-7.4114819361661555,-11.878228569919791,-6.527975419213317
5660.0,253.80873834140218,261.9668841848767,230.69444444444446,218.69444444444446,2.1361169605039003,8.0,-7.406225283504476,-11.880215963559927,-6.5265166747796
5670.0,253.7690798382916,261.92540432612196,230.625,218.625,2.1318558898405295,8.0,-7.400976437730205,-11.882199750017929,-6.5250595902643
5680.0,253.72943639105958,261.8839415997674,230.55555555555554,218.55555555555554,2.1276066390604527,8.0,-7.3957354077621265,-11.884179920417667,-6.523604166966265
5690.0,253.689807978557,261.8424959862617,230.48611111111111,218.48611111111111,2.1233691753762187,8.0,-7.3905022024662514,-11.886156465909647,-6.522150406163769
5700.0,253.65019457964522,261.8010674660388,230.41666666666669,218.41666666666669,2.119143466091329,8.0,-7.385276830655844,-11.888129377670934,-6.520698309114846
5710.0,253.61059617319617,261.75965601951765,230.34722222222223,218.34722222222223,2.1149294785999797,8.0,-7.38005930109145,-11.890098646905164,-6.5192478770571824
5720.0,253.5710127380925,261.718261627103,230.27777777777777,218.27777777777777,2.1107271803868146,8.0,-7.374849622480899,-11.892064264842501,-6.517799111208411
5730.0,253.53144425322742,261.6768842691854,230.20833333333334,218.20833333333334,2.1065365390266733,8.0,-7.369647803479332,-11.894026222739564,-6.516352012766379
5740.0,253.49189069750503,261.6355239261413,230.13888888888889,218.13888888888889,2.102357522184338,8.0,-7.364453852689289,-11.895984511879533,-6.514906582908998
5750.0,253.45235204984013,261.5941805783334,230.06944444444446,218.06944444444446,2.0981900976142884,8.0,-7.359267778660654,-11.897939123571978,-6.513462822794622
5760.0,253.4128282891584,261.552854206111,230.0,218.0,2.09403423316045,8.0,-7.354089589890763,-11.89989004915295,-6.5120207335621
5770.0,253.37331939439642,261.5115447898101,229.93055555555554,217.93055555555554,2.0898898967559467,8.0,-7.348919294824379,-11.901837279984884,-6.510580316330948
5780.0,253.33382534450172,261.47025230975356,229.86111111111111,217.86111111111111,2.0857570564228536,8.0,-7.34375690185374,-11.903780807456592,-6.509141572201475
5790.0,253.2943461184329,261.42897674625146,229.79166666666666,217.79166666666666,2.0816356802719502,8.0,-7.338602419318654,-11.905720622983319,-6.5077045022548425
5800.0,253.2548816951596,261.38771807960126,229.72222222222223,217.72222222222223,2.0775257365024737,8.0,-7.333455855506422,-11.907656718006585,-6.506269107553317
5810.0,253.21543205366265,261.34647629008805,229.65277777777777,217.65277777777777,2.073427193401875,8.0,-7.3283172186520025,-11.909589083994312,-6.504835389140317
5820.0,253.175997172934,261.30525135798473,229.58333333333334,217.58333333333334,2.069340019345573,8.0,-7.323186516937921,-11.911517712440652,-6.503403348040592
5830.0,253.1365770319769,261.26404326355225,229.51388888888889,217.51388888888889,2.0652641827967106,8.0,-7.318063758494437,-11.913442594866119,-6.501972985260273
5840.0,253.097171609806,261.22285198703986,229.44444444444446,217.44444444444446,2.061199652305911,8.0,-7.312948951399466,-11.915363722817446,-6.500544301787091
5850.0,253.05778088544724,261.1816775086853,229.375,217.375,2.057146396511036,8.0,-7.307842103678736,-11.91728108786766,-6.499117298590455
5860.0,253.01840483793808,261.140519808715,229.30555555555554,217.30555555555554,2.053104384136944,8.0,-7.302743223305725,-11.919194681615993,-6.497691976621536
5870.0,252.97904344632744,261.0993788673443,229.23611111111111,217.23611111111111,2.049073583995248,8.0,-7.297652318201756,-11.921104495687882,-6.496268336813478
5880.0,252.93969668967586,261.0582546647776,229.16666666666666,217.16666666666666,2.0450539649840747,8.0,-7.292569396236061,-11.923010521734987,-6.4948463800814125
5890.0,252.90036454705555,261.0171471812089,229.09722222222223,217.09722222222223,2.0410454960878255,8.0,-7.28749446522578,-11.924912751435132,-6.493426107322671
5900.0,252.8610469975504,260.9760563968214,229.02777777777777,217.02777777777777,2.0370481463769363,8.0,-7.282427532936049,-11.926811176492317,-6.49200751941678
5910.0,252.82174402025615,260.9349822917882,228.95833333333334,216.95833333333334,2.0330618850076396,8.0,-7.2773686070800085,-11.928705788636675,-6.490590617225621
5920.0,252.78245559428032,260.8939248462724,228.88888888888889,216.88888888888889,2.0290866812217265,8.0,-7.272317695318897,-11.930596579624478,-6.489175401593662
5930.0,252.7431816987424,260.85288404042734,228.81944444444446,216.81944444444446,2.0251225043463084,8.0,-7.26727480526204,-11.93248354123809,-6.487761873347949
5940.0,252.70392231277387,260.8118598543966,228.75,216.75,2.021169323793581,8.0,-7.26223994446697,-11.934366665286,-6.486350033298163
5950.0,252.66467741551827,260.7708522683143,228.68055555555554,216.68055555555554,2.0172271090605878,8.0,-7.257213120439418,-11.936245943602755,-6.484939882236813
5960.0,252.6254469861313,260.7298612623054,228.61111111111111,216.61111111111111,2.0132958297289862,8.0,-7.252194340633396,-11.938121368048972,-6.48353142093929
5970.0,252.58623100378082,260.68888681648593,228.54166666666666,216.54166666666666,2.009375455464811,8.0,-7.247183612451259,-11.939992930511325,-6.482124650164088
5980.0,252.54702944764702,260.647928910963,228.47222222222223,216.47222222222223,2.0054659560182415,8.0,-7.24218094324371,-11.941860622902505,-6.480719570652787
5990.0,252.50784229692243,260.6069875258351,228.40277777777777,216.40277777777777,2.001567301223368,8.0,-7.237186340309932,-11.94372443716125,-6.479316183130141
6000.0,252.46866953081198,260.5660626411923,228.33333333333331,216.33333333333331,1.9976794609979578,8.0,-7.232199810897551,-11.945584365252268,-6.477914488304236
6010.0,252.42951112853316,260.5251542371164,228.26388888888889,216.26388888888889,1.993802405343224,8.0,-7.22722136220277,-11.947440399166279,-6.476514486866586
6020.0,252.39036706931597,260.48426229368124,228.19444444444446,216.19444444444446,1.9899361043435948,8.0,-7.22225100137038,-11.949292530919962,-6.475116179492216
6030.0,252.35123733240312,260.44338679095273,228.125,216.125,1.986080528166482,8.0,-7.217288735493858,-11.951140752555997,-6.473719566839691
6040.0,252.31212189705,260.4025277089892,228.05555555555554,216.05555555555554,1.9822356470620495,8.0,-7.212334571615367,-11.952985056142955,-6.472324649551388
6050.0,252.2730207425248,260.36168502784153,227.98611111111111,215.98611111111111,1.9784014313629865,8.0,-7.207388516725852,-11.954825433775367,-6.47093142825338
6060.0,252.23393384810862,260.32085872755323,227.91666666666666,215.91666666666666,1.974577851484276,8.0,-7.202450577765115,-11.956661877573687,-6.469539903555688
6070.0,252.1948611930955,260.2800487881608,227.84722222222223,215.84722222222223,1.9707648779229676,8.0,-7.197520761621835,-11.958494379684263,-6.468150076052234
6080.0,252.1558027567925,260.23925518969384,227.77777777777777,215.77777777777777,1.966962481257951,8.0,-7.192599075133666,-11.960322932279343,-6.466761946321071
6090.0,252.1167585185198,260.19847791217524,227.70833333333334,215.70833333333334,1.9631706321497258,8.0,-7.1876855250872635,-11.962147527557056,-6.465375514924358
6100.0,252.07772845761073,260.15771693562135,227.63888888888889,215.63888888888889,1.9593893013401784,8.0,-7.18278011821839,-11.963968157741391,-6.463990782408496
6110.0,252.03871255341193,260.11697224004223,227.56944444444446,215.56944444444446,1.9556184596523551,8.0,-7.177882861211919,-11.965784815082174,-6.462607749304244
6120.0,251.99971078528336,260.0762438054417,227.5,215.5,1.9518580779902366,8.0,-7.172993760701976,-11.967597491855111,-6.461226416126692
6130.0,251.96072313259836,260.03553161181776,227.43055555555554,215.43055555555554,1.9481081273385135,8.0,-7.16811282327192,-11.96940618036169,-6.45984678337552
6140.0,251.92174957474384,259.99483563916243,227.36111111111111,215.36111111111111,1.9443685787623624,8.0,-7.163240055454466,-11.97121087292924,-6.458468851534872
6150.0,251.8827900911202,259.9541558674623,227.29166666666669,215.29166666666669,1.940639403407224,8.0,-7.158375463731732,-11.973011561910862,-6.457092621073684
6160.0,251.84384466114156,259.91349227669843,227.22222222222223,215.22222222222223,1.936920572498578,8.0,-7.1535190545353196,-11.974808239685494,-6.4557180924455
6170.0,251.80491326423575,259.87284484684665,227.15277777777777,215.15277777777777,1.9332120573417235,8.0,-7.14867083424635,-11.976600898657814,-6.454345266088717
6180.0,251.76599587984438,259.8322135578777,227.08333333333334,215.08333333333334,1.9295138293215555,8.0,-7.143830809195537,-11.978389531258248,-6.452974142426661
6190.0,251.72709248742302,259.79159838975755,227.01388888888889,215.01388888888889,1.9258258599023454,8.0,-7.138998985663311,-11.980174129943025,-6.451604721867625
6200.0,251.68820306644113,259.7509993224473,226.94444444444446,214.94444444444446,1.9221481206275222,8.0,-7.134175369879794,-11.981954687194055,-6.450237004804922
6210.0,251.64932759638228,259.7104163359036,226.875,214.875,1.9184805831194485,8.0,-7.129359968024958,-11.98373119551902,-6.448870991617037
6220.0,251.61046605674414,259.66984941007865,226.80555555555554,214.80555555555554,1.9148232190792056,8.0,-7.124552786228632,-11.985503647451289,-6.447506682667608
6230.0,251.57161842703863,259.6292985249206,226.73611111111111,214.73611111111111,1.9111760002863742,8.0,-7.1197538305706,-11.98727203554994,-6.446144078305588
6240.0,251.5327846867919,259.5887636603735,226.66666666666666,214.66666666666666,1.907538898598816,8.0,-7.114963107080681,-11.98903635239975,-6.444783178865283
6250.0,251.49396481554453,259.5482447963775,226.59722222222223,214.59722222222223,1.9039118859524562,8.0,-7.110180621738766,-11.990796590611156,-6.443423984666379
6260.0,251.4551587928515,259.50774191286916,226.52777777777777,214.52777777777777,1.9002949343610682,8.0,-7.105406380474933,-11.992552742820278,-6.442066496014127
6270.0,251.41636659828237,259.4672549897815,226.45833333333334,214.45833333333334,1.896688015916058,8.0,-7.10064038916947,-11.994304801688866,-6.440710713199315
6280.0,251.37758821142125,259.4267840070442,226.38888888888889,214.38888888888889,1.8930911027862454,8.0,-7.095882653653005,-11.99605275990434,-6.43935663649836
6290.0,251.338823611867,259.3863289445838,226.31944444444446,214.31944444444446,1.889504167217654,8.0,-7.091133179706521,-11.997796610179718,-6.438004266173426
6300.0,251.30007277923326,259.34588978232375,226.25,214.25,1.8859271815332939,8.0,-7.08639197306149,-11.999536345253665,-6.4366536024723935
6310.0,251.26133569314848,259.30546650018476,226.18055555555554,214.18055555555554,1.8823601181329495,8.0,-7.081659039399896,-12.001271957890443,-6.435304645629026
6320.0,251.22261233325608,259.2650590780849,226.11111111111111,214.11111111111111,1.878802949492965,8.0,-7.076934384354323,-12.003003440879889,-6.433957395863058
6330.0,251.1839026792145,259.2246674959396,226.04166666666666,214.04166666666666,1.8752556481660343,8.0,-7.072218013508071,-12.004730787037461,-6.432611853380104
6340.0,251.14520671069724,259.1842917336621,225.97222222222223,213.97222222222223,1.8717181867809876,8.0,-7.067509932395154,-12.006453989204136,-6.431268018371907
6350.0,251.106524407393,259.1439317711634,225.90277777777777,213.90277777777777,1.8681905380425805,8.0,-7.062810146500465,-12.008173040246488,-6.429925891016319
6360.0,251.0678557490058,259.10358758835247,225.83333333333334,213.83333333333334,1.8646726747312838,8.0,-7.05811866125977,-12.009887933056616,-6.428585471477345
6370.0,251.0292007152549,259.0632591651364,225.76388888888889,213.76388888888889,1.8611645697030728,8.0,-7.053435482059865,-12.011598660552178,-6.427246759905211
6380.0,250.99055928587504,259.0229464814207,225.69444444444446,213.69444444444446,1.8576661958892187,8.0,-7.048760614238573,-12.013305215676322,-6.425909756436545
6390.0,250.95193144061645,258.98264951710934,225.625,213.625,1.8541775262960787,8.0,-7.044094063084888,-12.015007591397723,-6.424574461194311
6400.0,250.91331715924497,258.9423682521048,225.55555555555554,213.55555555555554,1.8506985340048892,8.0,-7.039435833839023,-12.016705780710552,-6.423240874287877
6410.0,250.87471642154208,258.9021026663085,225.48611111111111,213.48611111111111,1.847229192171556,8.0,-7.034785931692479,-12.018399776634464,-6.421908995813147
6420.0,250.836129207305,258.8618527396207,225.41666666666666,213.41666666666666,1.8437694740264492,8.0,-7.030144361788166,-12.020089572214594,-6.420578825852568
6430.0,250.79755549634677,258.8216184519408,225.34722222222223,213.34722222222223,1.8403193528741952,8.0,-7.025511129220423,-12.021775160521518,-6.419250364475238
6440.0,250.7589952684964,258.78139978316756,225.27777777777777,213.27777777777777,1.836878802093473,8.0,-7.020886239035171,-12.023456534651293,-6.417923611736933
6450.0,250.72044850359882,258.74119671319903,225.20833333333331,213.20833333333331,1.8334477951368044,8.0,-7.016269696229926,-12.025133687725397,-6.416598567680172
6460.0,250.68191518151505,258.7010092219329,225.13888888888889,213.13888888888889,1.8300263055303536,8.0,-7.011661505753901,-12.026806612890718,-6.4152752323342845
6470.0,250.64339528212227,258.66083728926657,225.06944444444446,213.06944444444446,1.8266143068737213,8.0,-7.007061672508122,-12.028475303319576,-6.413953605715438
6480.0,250.6048887853139,258.62068089509734,225.0,213.0,1.8232117728397403,8.0,-7.002470201345481,-12.030139752209706,-6.412633687826747
6490.0,250.56639567099964,258.58054001932254,224.93055555555554,212.93055555555554,1.8198186771742728,8.0,-6.9978870970707945,-12.031799952784194,-6.411315478658321
6500.0,250.5279159191056,258.54041464183973,224.86111111111111,212.86111111111111,1.8164349936960082,8.0,-6.993312364440919,-12.033455898291516,-6.40999897818731
6510.0,250.48944950957437,258.50030474254675,224.79166666666666,212.79166666666666,1.8130606962962617,8.0,-6.988746008164857,-12.035107582005542,-6.408684186377901
6520.0,250.45099642236508,258.460210301342,224.72222222222223,212.72222222222223,1.80969575893877,8.0,-6.984188032903765,-12.036754997225442,-6.407371103181527
6530.0,250.4125566374535,258.42013129812443,224.65277777777777,212.65277777777777,1.8063401556594947,8.0,-6.97963844327112,-12.038398137275768,-6.406059728536753
6540.0,250.37413013483206,258.38006771279396,224.58333333333334,212.58333333333334,1.8029938605664175,8.0,-6.975097243832727,-12.040036995506354,-6.404750062369522
6550.0,250.33571689451009,258.3400195252513,224.51388888888889,212.51388888888889,1.7996568478393447,8.0,-6.9705644391068935,-12.041671565292404,-6.403442104592978
6560.0,250.29731689651368,258.2999867153983,224.44444444444446,212.44444444444446,1.796329091729704,8.0,-6.966040033564407,-12.04330184003436,-6.402135855107691
6570.0,250.25893012088594,258.2599692631381,224.375,212.375,1.7930105665603482,8.0,-6.961524031628722,-12.044927813158004,-6.400831313801723
6580.0,250.22055654768698,258.21996714837513,224.30555555555554,212.30555555555554,1.7897012467253575,8.0,-6.957016437675977,-12.046549478114366,-6.399528480550521
6590.0,250.18219615699405,258.17998035101544,224.23611111111111,212.23611111111111,1.7864011066898398,8.0,-6.9525172560350965,-12.048166828379742,-6.398227355217114
6600.0,250.14384892890155,258.1400088509668,224.16666666666669,212.16666666666669,1.7831101209897349,8.0,-6.9480264909879,-12.049779857455672,-6.396927937652208
6610.0,250.10551484352115,258.1000526281387,224.09722222222223,212.09722222222223,1.779828264231619,8.0,-6.943544146769171,-12.05138855886895,-6.395630227694051
6620.0,250.0671938809819,258.0601116624427,224.02777777777777,212.02777777777777,1.776555511092507,8.0,-6.939070227566741,-12.052992926171582,-6.394334225168632
6630.0,250.02888602143025,258.0201859337924,223.95833333333334,211.95833333333334,1.773291836319657,8.0,-6.934604737521561,-12.054592952940766,-6.39303992988971
6640.0,249.99059124503015,257.9802754221037,223.88888888888889,211.88888888888889,1.7700372147303778,8.0,-6.930147680727842,-12.056188632778928,-6.391747341658856
6650.0,249.9523095319631,257.94038010729497,223.81944444444446,211.81944444444446,1.7667916212118322,8.0,-6.925699061233072,-12.057779959313637,-6.390456460265501
6660.0,249.91404086242832,257.900499969287,223.75,211.75,1.7635550307208443,8.0,-6.921258883038181,-12.059366926197676,-6.389167285486952
6670.0,249.87578521664275,257.8606349880034,223.68055555555554,211.68055555555554,1.7603274182837056,8.0,-6.91682715009756,-12.060949527108962,-6.387879817088538
6680.0,249.8375425748411,257.82078514337053,223.61111111111111,211.61111111111111,1.757108758995984,8.0,-6.912403866319176,-12.062527755750533,-6.3865940548235365
6690.0,249.79931291727604,257.7809504153177,223.54166666666666,211.54166666666666,1.753899028022328,8.0,-6.907989035564689,-12.064101605850597,-6.385309998433332
6700.0,249.76109622421814,257.7411307837774,223.47222222222223,211.47222222222223,1.7506982005962808,8.0,-6.903582661649487,-12.065671071162445,-6.384027647647418
6710.0,249.72289247595603,257.70132622868533,223.40277777777777,211.40277777777777,1.747506252020083,8.0,-6.899184748342829,-12.067236145464479,-6.382747002183442
6720.0,249.68470165279652,257.66153672998064,223.33333333333334,211.33333333333334,1.7443231576644855,8.0,-6.894795299367884,-12.068796822560193,-6.381468061747296
6730.0,249.64652373506456,257.6217622676059,223.26388888888889,211.26388888888889,1.7411488929685603,8.0,-6.890414318401882,-12.070353096278154,-6.380190826033072
6740.0,249.6083587031034,257.5820028215075,223.19444444444446,211.19444444444446,1.7379834334395077,8.0,-6.886041809076123,-12.071904960471969,-6.3789152947232886
6750.0,249.5702065372746,257.5422583716355,223.125,211.125,1.7348267546524707,8.0,-6.8816777749761595,-12.073452409020318,-6.377641467488729
6760.0,249.5320672179582,257.50252889794393,223.05555555555554,211.05555555555554,1.7316788322503434,8.0,-6.877322219641805,-12.074995435826882,-6.376369343988586
6770.0,249.4939407255527,257.46281438039097,222.98611111111111,210.98611111111111,1.7285396419435863,8.0,-6.872975146567268,-12.076534034820364,-6.37509892387061
6780.0,249.4558270404752,257.4231147989389,222.91666666666666,210.91666666666666,1.7254091595100358,8.0,-6.868636559201261,-12.078068199954489,-6.3738302067709585
6790.0,249.41772614316147,257.38343013355444,222.84722222222223,210.84722222222223,1.7222873607947196,8.0,-6.86430646094703,-12.079597925207935,-6.372563192314374
6800.0,249.379638014066,257.3437603642088,222.77777777777777,210.77777777777777,1.7191742217096686,8.0,-6.8599848551625255,-12.081123204584395,-6.371297880114231
6810.0,249.341562633662,257.30410547087763,222.70833333333334,210.70833333333334,1.7160697182337334,8.0,-6.85567174516041,-12.082644032112462,-6.37003426977251
6820.0,249.30349998244168,257.2644654335416,222.63888888888889,210.63888888888889,1.7129738264123957,8.0,-6.851367134208232,-12.084160401845732,-6.368772360879939
6830.0,249.26545004091614,257.22484023218607,222.56944444444446,210.56944444444446,1.7098865223575865,8.0,-6.847071025528444,-12.085672307862675,-6.367512153015946
6840.0,249.2274127896155,257.18522984680146,222.5,210.5,1.7068077822474996,8.0,-6.842783422298563,-12.08717974426671,-6.36625364574877
6850.0,249.18938820908897,257.1456342573834,222.43055555555554,210.43055555555554,1.7037375823264092,8.0,-6.8385043276512025,-12.088682705186118,-6.364996838635534
6860.0,249.15137627990498,257.10605344393264,222.36111111111111,210.36111111111111,1.7006758989044855,8.0,-6.834233744674204,-12.090181184774087,-6.3637417312221265
6870.0,249.11337698265115,257.0664873864555,222.29166666666666,210.29166666666666,1.6976227083576125,8.0,-6.829971676410735,-12.091675177208662,-6.362488323043476
6880.0,249.07539029793443,257.02693606496376,222.22222222222223,210.22222222222223,1.6945779871272073,8.0,-6.8257181258593445,-12.093164676692732,-6.361236613623465
6890.0,249.03741620638118,256.9873994594749,222.15277777777777,210.15277777777777,1.6915417117200344,8.0,-6.821473095974104,-12.094649677454028,-6.359986602474965
6900.0,248.99945468863723,256.94787755001215,222.08333333333331,210.08333333333331,1.6885138587080282,8.0,-6.817236589664666,-12.096130173745108,-6.358738289099938
6910.0,248.96150572536789,256.9083703166047,222.01388888888889,210.01388888888889,1.6854944047281104,8.0,-6.8130086097963565,-12.097606159843293,-6.357491672989454
6920.0,248.92356929725813,256.86887773928777,221.94444444444446,209.94444444444446,1.6824833264820098,8.0,-6.808789159190311,-12.099077630050738,-6.356246753623714
6930.0,248.88564538501257,256.82939979810277,221.875,209.875,1.6794806007360825,8.0,-6.80457824062353,-12.100544578694349,-6.355003530472164
6940.0,248.8477339693556,256.7899364730974,221.80555555555554,209.80555555555554,1.6764862043211344,8.0,-6.800375856828986,-12.102007000125786,-6.3537620029934265
6950.0,248.8098350310314,256.7504877443258,221.73611111111111,209.73611111111111,1.6735001141322394,8.0,-6.796182010495703,-12.103464888721435,-6.35252217063553
6960.0,248.77194855080407,256.7110535918487,221.66666666666666,209.66666666666666,1.6705223071285635,8.0,-6.791996704268893,-12.10491823888242,-6.351284032835725
6970.0,248.73407450945766,256.6716339957335,221.59722222222223,209.59722222222223,1.667552760333186,8.0,-6.787819940750005,-12.106367045034563,-6.350047589020665
6980.0,248.6962128877962,256.63222893605433,221.52777777777777,209.52777777777777,1.6645914508329227,8.0,-6.783651722496855,-12.107811301628375,-6.3488128386065
6990.0,248.6583636666439,256.59283839289236,221.45833333333334,209.45833333333334,1.6616383557781482,8.0,-6.779492052023688,-12.109251003139025,-6.347579780998763
7000.0,248.6205268268451,256.5534623463358,221.38888888888889,209.38888888888889,1.6586934523826207,8.0,-6.77534093180132,-12.110686144066364,-6.346348415592548
7010.0,248.58270234926437,256.5141007764799,221.31944444444446,209.31944444444446,1.655756717923306,8.0,-6.771198364257185,-12.112116718934853,-6.3451187417724215
7020.0,248.5448902147866,256.4747536634274,221.25,209.25,1.6528281297402008,8.0,-6.767064351775474,-12.113542722293591,-6.343890758912654
7030.0,248.50709040431707,256.43542098728835,221.18055555555554,209.18055555555554,1.6499076652361593,8.0,-6.7629388966972,-12.11496414871628,-6.342664466377028
7040.0,248.46930289878148,256.39610272818044,221.11111111111111,209.11111111111111,1.6469953018767196,8.0,-6.7588220013203015,-12.116380992801188,-6.3414398635191676
7050.0,248.43152767912602,256.35679886622887,221.04166666666669,209.04166666666669,1.6440910171899272,8.0,-6.7547136678997495,-12.117793249171159,-6.340216949682281
7060.0,248.39376472631753,256.31750938156677,220.97222222222223,208.97222222222223,1.6411947887661635,8.0,-6.750613898647658,-12.11920091247361,-6.33899572419939
7070.0,248.3560140213434,256.2782342543351,220.90277777777777,208.90277777777777,1.638306594257973,8.0,-6.7465226957333355,-12.120603977380458,-6.337776186393331
7080.0,248.31827554521183,256.2389734646829,220.83333333333334,208.83333333333334,1.6354264113798895,8.0,-6.742440061283412,-12.122002438588144,-6.336558335576843
7090.0,248.28054927895175,256.1997269927673,220.76388888888889,208.76388888888889,1.6325542179082655,8.0,-6.7383659973819645,-12.123396290817627,-6.335342171052435
7100.0,248.24283520361294,256.1604948187537,220.69444444444446,208.69444444444446,1.6296899916811003,8.0,-6.734300506070548,-12.124785528814318,-6.334127692112611
7110.0,248.20513330026608,256.121276922816,220.625,208.625,1.626833710597869,8.0,-6.730243589348357,-12.126170147348105,-6.332914898039917
7120.0,248.16744355000287,256.0820732851364,220.55555555555554,208.55555555555554,1.6239853526193508,8.0,-6.726195249172284,-12.127550141213316,-6.331703788106825
7130.0,248.129765933936,256.0428838859059,220.48611111111111,208.48611111111111,1.6211448957674608,8.0,-6.722155487457017,-12.128925505228683,-6.330494361575916
7140.0,248.0921004331993,256.0037087053241,220.41666666666666,208.41666666666666,1.61831231812508,8.0,-6.718124306075184,-12.130296234237377,-6.329286617699814
7150.0,248.0544470289478,255.96454772359948,220.34722222222223,208.34722222222223,1.6154875978358851,8.0,-6.7141017068573925,-12.131662323106939,-6.32808055572134
7160.0,248.01680570235771,255.92540092094958,220.27777777777777,208.27777777777777,1.612670713104181,8.0,-6.710087691592369,-12.133023766729277,-6.3268761748734965
7170.0,247.97917643462657,255.88626827760092,220.20833333333334,208.20833333333334,1.609861642194732,8.0,-6.7060822620270235,-12.134380560020636,-6.3256734743794825
7180.0,247.94155920697327,255.84714977378925,220.13888888888889,208.13888888888889,1.6070603634325944,8.0,-6.702085419866593,-12.135732697921622,-6.324472453452791
7190.0,247.90395400063815,255.80804538975966,220.06944444444446,208.06944444444446,1.6042668552029489,8.0,-6.6980971667746925,-12.137080175397118,-6.323273111297204
7200.0,247.86636079688304,255.7689551057666,220.0,208.0,1.601481095950934,8.0,-6.69411750437346,-12.138422987436334,-6.32207544710684
7210.0,247.8289148880132,255.72987932607208,220.0,208.0,1.5987030641814801,8.0,-6.673525725646847,-12.123875667800027,-6.320771550447103
7220.0,247.79174903157485,255.69082013111466,220.0,208.0,1.595932738459143,8.0,-6.653064320779573,-12.109443664276379,-6.3192568796318485
7230.0,247.75485945737555,255.65177997121873,220.0,208.0,1.5931700974079392,8.0,-6.632731821787599,-12.095125365096317,-6.317536411074548
7240.0,247.71824246171423,255.61276123875012,220.0,208.0,1.5904151197111802,8.0,-6.612526785439612,-12.080919188069066,-6.3156150216287195
7250.0,247.68189440611152,255.5737662692761,220.0,208.0,1.5876677841113078,8.0,-6.592447792763143,-12.066823579980937,-6.313497490531654
7260.0,247.64581171606503,255.5347973427024,220.0,208.0,1.5849280694097319,8.0,-6.572493448561183,-12.05283701600717,-6.311188501309903
7270.0,247.60999087982927,255.49585668438837,220.0,208.0,1.5821959544666644,8.0,-6.552662380939105,-12.038957999136562,-6.308692643647283
7280.0,247.57442844721962,255.45694646623997,220.0,208.0,1.5794714182009582,8.0,-6.532953240841621,-12.025185059608537,-6.306014415216282
7290.0,247.53912102843984,255.41806880778188,220.0,208.0,1.5767544395899438,8.0,-6.513364701599594,-12.011516754362374,-6.303158223473634
7300.0,247.5040652929327,255.37922577720835,220.0,208.0,1.5740449976692656,8.0,-6.493895458486436,-11.997951666498357,-6.300128387420523
7310.0,247.4692579682532,255.34041939241374,220.0,208.0,1.5713430715327235,8.0,-6.474544228283959,-11.98448840475049,-6.296929139328427
7320.0,247.43469583896402,255.30165162200277,220.0,208.0,1.568648640332108,8.0,-6.455309748857377,-11.971125602970588,-6.293564626430999
7330.0,247.40037574555262,255.26292438628133,220.0,208.0,1.5659616832770418,8.0,-6.436190778739352,-11.957861919623458,-6.290038912582964
7340.0,247.36629458336967,255.22423955822768,220.0,208.0,1.563282179634818,8.0,-6.417186096722796,-11.94469603729285,-6.286355979886412
7350.0,247.33244930158827,255.1855989644449,220.0,208.0,1.5606101087302413,8.0,-6.398294501462321,-11.931626662198049,-6.282519730285299
7360.0,247.29883690218364,255.1470043860947,220.0,208.0,1.5579454499454668,8.0,-6.37951481108406,-11.918652523720738,-6.278533987128845
7370.0,247.2654544389328,255.108457559813,220.0,208.0,1.5552881827198428,8.0,-6.360845862803772,-11.905772373942007,-6.274402496704147
7380.0,247.232299016434,255.06996017860763,220.0,208.0,1.5526382865497514,8.0,-6.342286512552988,-11.892984987189243,-6.2701289297388945
7390.0,247.19936778914513,255.03151389273873,220.0,208.0,1.5499957409884493,8.0,-6.323835634613005,-11.880289159592584,-6.265716882874881
7400.0,247.16665796044106,254.9931203105816,220.0,208.0,1.547360525645911,8.0,-6.305492121256612,-11.867683708650855,-6.261169880112425
7410.0,247.13416678168957,254.95478099947312,220.0,208.0,1.5447326201886722,8.0,-6.287254882397364,-11.855167472806727,-6.256491374226835
7420.0,247.10189155134523,254.9164974865414,220.0,208.0,1.5421120043396719,8.0,-6.269122845246213,-11.842739311030828,-6.251684748156936
7430.0,247.06982961406095,254.87827125951944,220.0,208.0,1.5394986578780947,8.0,-6.25109495397533,-11.830398102414673,-6.24675331636679
7440.0,247.037978359817,254.84010376754273,220.0,208.0,1.5368925606392183,8.0,-6.233170169389039,-11.818142745772198,-6.241700326180581
7450.0,247.006335223067,254.80199642193145,220.0,208.0,1.5342936925142545,8.0,-6.215347468601585,-11.805972159249679,-6.236528959091562
7460.0,246.97489768190061,254.76395059695744,220.0,208.0,1.5317020334501956,8.0,-6.1976258447217205,-11.793885279943913,-6.231242332045463
7470.0,246.9436632572225,254.72596763059605,220.0,208.0,1.5291175634496592,8.0,-6.180004306543829,-11.781881063528342,-6.225843498698828
7480.0,246.91262951194744,254.6880488252635,220.0,208.0,1.5265402625707347,8.0,-6.162481878245573,-11.769958483887146,-6.220335450652851
7490.0,246.88179405021094,254.65019544853982,220.0,208.0,1.5239701109268282,8.0,-6.1450575990918175,-11.758116532756908,-6.2147211186631015
7500.0,246.85115451659541,254.6124087338776,220.0,208.0,1.52140708868651,8.0,-6.127730523144759,-11.746354219375847,-6.209003373825749
7510.0,246.82070859537126,254.5746898812971,220.0,208.0,1.5188511760733612,8.0,-6.110499718980081,-11.734670570140342,-6.203185028740677
7520.0,246.7904540097529,254.53704005806765,220.0,208.0,1.516302353365821,8.0,-6.093364269409066,-11.72306462826869,-6.197268838651803
7530.0,246.76038852116906,254.49946039937583,220.0,208.0,1.5137606008970352,8.0,-6.0763232712064505,-11.71153545347181,-6.191257502565418
7540.0,246.73050992854755,254.46195200898066,220.0,208.0,1.5112258990547036,8.0,-6.059375834843992,-11.700082121630885,-6.18515366434649
7550.0,246.70081606761354,254.4245159598559,220.0,208.0,1.5086982282809291,8.0,-6.042521084229528,-11.688703724481622,-6.178959913793893
7560.0,246.67130481020192,254.38715329482,220.0,208.0,1.506177569072066,8.0,-6.025758156451504,-11.677399369305158,-6.172678787694463
7570.0,246.64197406358258,254.34986502715356,220.0,208.0,1.5036639019785716,8.0,-6.009086201528772,-11.666168178625336,-6.166312770856781
7580.0,246.61282176979915,254.31265214120492,220.0,208.0,1.5011572076048536,8.0,-5.992504382165603,-11.655009289912261,-6.159864297124614
7590.0,246.58384590502024,254.27551559298394,220.0,208.0,1.4986574666091221,8.0,-5.976011873511738,-11.643921855291964,-6.153335750370957
7600.0,246.55504447890357,254.23845631074403,220.0,208.0,1.49616465970324,8.0,-5.959607862927474,-11.632905041262173,-6.146729465472368
7610.0,246.52641553397214,254.20147519555297,220.0,208.0,1.4936787676525733,8.0,-5.943291549753538,-11.621958028413811,-6.140047729264666
7620.0,246.49795714500272,254.1645731218526,220.0,208.0,1.491199771275844,8.0,-5.927062145085775,-11.611080011158345,-6.133292781479918
7630.0,246.46966741842596,254.12775093800758,220.0,208.0,1.4887276514449814,8.0,-5.910918871554452,-11.60027019746071,-6.1264668156652995
7640.0,246.4415444917383,254.09100946684327,220.0,208.0,1.4862623890849747,8.0,-5.894860963108146,-11.589527808577731,-6.11957198008397
7650.0,246.41358653292517,254.0543495061735,220.0,208.0,1.4838039651737251,8.0,-5.87888766480205,-11.57885207880192,-6.112610378598674
7660.0,246.38579173989524,254.01777182931764,220.0,208.0,1.4813523607419006,8.0,-5.862998232590693,-11.568242255210547,-6.105584071537919
7670.0,246.3581583399258,253.9812771856078,220.0,208.0,1.4789075568727879,8.0,-5.847191933124866,-11.557697597419832,-6.098495076545601
7680.0,246.3306845891187,253.94486630088616,220.0,208.0,1.4764695347021475,8.0,-5.831468043552764,-11.547217377344184,-6.0913453694139665
7690.0,246.30336877186687,253.9085398779924,220.0,208.0,1.4740382754180676,8.0,-5.815825851325214,-11.536800878960385,-6.084136884900431
7700.0,246.27620920033104,253.8722985972418,220.0,208.0,1.4716137602608201,8.0,-5.8002646540048675,-11.526447398076531,-6.076871517528616
7710.0,246.24920421392665,253.836143116894,220.0,208.0,1.4691959705227138,8.0,-5.784783759079329,-11.516156242105758,-6.069551122373878
7720.0,246.2223521788206,253.8000740736124,220.0,208.0,1.4667848875479517,8.0,-5.769382483778127,-11.505926729844546,-6.062177515833423
7730.0,246.1956514874378,253.76409208291489,220.0,208.0,1.4643804927324866,8.0,-5.754060154893399,-11.49575819125554,-6.054752476381669
7740.0,246.16910055797692,253.72819773961552,220.0,208.0,1.4619827675238777,8.0,-5.7388161086042615,-11.485649967254794,-6.047277745310885
7750.0,246.1426978339358,253.6923916182578,220.0,208.0,1.4595916934211464,8.0,-5.7236496903047565,-11.475601409503305,-6.039755027457591
7760.0,246.1164417836459,253.65667427353915,220.0,208.0,1.4572072519746355,8.0,-5.708560254435331,-11.465611880202859,-6.032185991914594
7770.0,246.09033089981554,253.62104624072754,220.0,208.0,1.454829424785865,8.0,-5.693547164317729,-11.455680751895919,-6.024572272729597
7780.0,246.0643636990821,253.5855080360696,220.0,208.0,1.4524581935073915,8.0,-5.678609791993261,-11.445807407269642,-6.016915469590003
7790.0,246.0385387215727,253.5500601571909,220.0,208.0,1.4500935398426646,8.0,-5.663747518064349,-11.435991238963789,-6.009217148494554
7800.0,246.01285453047348,253.51470308348846,220.0,208.0,1.4477354455458893,8.0,-5.648959731539313,-11.426231649382588,-6.001478842411984
7810.0,245.98730971160688,253.47943727651548,220.0,208.0,1.4453838924218811,8.0,-5.634245829680297,-11.41652805051036,-5.99370205192688
7820.0,245.96190287301735,253.44426318035863,220.0,208.0,1.4430388623259285,8.0,-5.619605217854282,-11.406879863730852,-5.985888245873025
7830.0,245.9366326445647,253.40918122200787,220.0,208.0,1.4407003371636518,8.0,-5.60503730938712,-11.39728651965022,-5.978038861954542
7840.0,245.91149767752543,253.37419181171916,220.0,208.0,1.438368298890864,8.0,-5.590541525420524,-11.387747457923599,-5.970155307354981
7850.0,245.88649664420169,253.3392953433699,220.0,208.0,1.4360427295134306,8.0,-5.576117294771947,-11.37826212708511,-5.962238959334582
7860.0,245.8616282375376,253.30449219480764,220.0,208.0,1.4337236110871325,8.0,-5.561764053797301,-11.368829984381316,-5.95429116581604
7870.0,245.836891170743,253.2697827281917,220.0,208.0,1.4314109257175254,8.0,-5.54748124625643,-11.359450495608012,-5.946313245958959
7880.0,245.81228417692452,253.23516729032835,220.0,208.0,1.429104655559803,8.0,-5.5332683231813204,-11.350123134950293,-5.938306490723062
7890.0,245.78780600872338,253.20064621299926,220.0,208.0,1.4268047828186603,8.0,-5.519124742746945,-11.340847384825786,-5.930272163420705
7900.0,245.76345543796043,253.16621981328356,220.0,208.0,1.4245112897481538,8.0,-5.505049970144715,-11.331622735731072,-5.922211500258505
7910.0,245.73923125528782,253.13188839387362,220.0,208.0,1.4222241586515667,8.0,-5.491043477458474,-11.322448686091139,-5.914125710868643
7920.0,245.71513226984732,253.0976522433846,220.0,208.0,1.4199433718812706,8.0,-5.477104743542981,-11.313324742111853,-5.906015978829828
7930.0,245.69115730893517,253.06351163665795,220.0,208.0,1.4176689118385912,8.0,-5.463233253904829,-11.304250417635359,-5.89788346217822
7940.0,245.6673052176734,253.02946683505894,220.0,208.0,1.415400760973671,8.0,-5.4494285005857614,-11.295225233998384,-5.889729293908431
7950.0,245.64357485868726,252.9955180867684,220.0,208.0,1.4131389017853346,8.0,-5.4356899820483,-11.286248719893331,-5.881554582464924
7960.0,245.61996511178893,252.9616656270687,220.0,208.0,1.410883316820954,8.0,-5.422017203063683,-11.277320411232159,-5.873360412223815
7970.0,245.59647487366718,252.92790967862405,220.0,208.0,1.4086339886763126,8.0,-5.408409674602021,-11.268439851012952,-5.865147843965497
7980.0,245.57310305758304,252.89425045175545,220.0,208.0,1.4063908999954724,8.0,-5.394866913724677,-11.259606589189163,-5.856917915337931
7990.0,245.54984859307112,252.86068814471014,220.0,208.0,1.4041540334706393,8.0,-5.381388443478742,-11.250820182541402,-5.848671641311217
8000.0,245.52671042564666,252.8272229439257,220.0,208.0,1.4019233718420292,8.0,-5.367973792793646,-11.242080194551791,-5.84041001462324
8010.0,245.5036875165182,252.7938550242891,220.0,208.0,1.3996988978977365,8.0,-5.354622496379817,-11.233386195280827,-5.8321340062167115
8020.0,245.48077884230565,252.7605845493905,220.0,208.0,1.3974805944735988,8.0,-5.341334094629341,-11.224737761246619,-5.823844565667878
8030.0,245.45798339476377,252.7274116717723,220.0,208.0,1.3952684444530665,8.0,-5.328108133518607,-11.216134475306573,-5.815542621606824
8040.0,245.43530018051078,252.69433653317293,220.0,208.0,1.3930624307670698,8.0,-5.314944164512865,-11.207575926541363,-5.80722908212972
8050.0,245.41272822076232,252.6613592647662,220.0,208.0,1.3908625363938873,8.0,-5.3018417444727,-11.199061710141237,-5.798904835203098
8060.0,245.39026655107023,252.62847998739568,220.0,208.0,1.3886687443590142,8.0,-5.2888004355623055,-11.190591427294516,-5.790570749060362
8070.0,245.36791422106643,252.59569881180462,220.0,208.0,1.3864810377350323,8.0,-5.275819805159619,-11.182164685078291,-5.782227672590557
8080.0,245.3456702942116,252.56301583886125,220.0,208.0,1.384299399641478,8.0,-5.262899425768194,-11.173781096351307,-5.773876435719718
8090.0,245.32353384754865,252.53043115977968,220.0,208.0,1.3821238132447138,8.0,-5.250038874930826,-11.165440279648912,-5.765517849784828
8100.0,245.30150397146076,252.4979448563364,220.0,208.0,1.379954261757796,8.0,-5.237237735144861,-11.157141859080086,-5.757152707900514
8110.0,245.27957976943415,252.4655570010826,220.0,208.0,1.3777907284403481,8.0,-5.224495593779185,-11.148885464226469,-5.748781785318761
8120.0,245.2577603578252,252.43326765755216,220.0,208.0,1.3756331965984294,8.0,-5.211812042992824,-11.140670730043396,-5.740405839781579
8130.0,245.236044865632,252.4010768804657,220.0,208.0,1.3734816495844067,8.0,-5.199186679655152,-11.132497296762844,-5.732025611866948
8140.0,245.21443243427035,252.3689847159304,220.0,208.0,1.3713360707968265,8.0,-5.1866191052676545,-11.124364809798282,-5.723641825328037
8150.0,245.1929222173537,252.33699120163607,220.0,208.0,1.369196443680286,8.0,-5.174108925887212,-11.116272919651374,-5.715255187425896
8160.0,245.17151338047753,252.3050963670472,220.0,208.0,1.3670627517253062,8.0,-5.161655752050898,-11.108221281820517,-5.706866389255743
8170.0,245.15020510100769,252.2733002335913,220.0,208.0,1.364934978468204,8.0,-5.149259198702226,-11.10020955671115,-5.698476106066892
8180.0,245.1289965678726,252.2416028148434,220.0,208.0,1.362813107490966,8.0,-5.136918885118842,-11.092237409547806,-5.690084997576628
8190.0,245.10788698135968,252.21000411670698,220.0,208.0,1.3606971224211195,8.0,-5.124634434841622,-11.084304510287904,-5.68169370827784
8200.0,245.08687555291525,252.1785041375914,220.0,208.0,1.358587006931609,8.0,-5.112405475605131,-11.07641053353717,-5.673302867740927
8210.0,245.0659615049484,252.14710286858556,220.0,208.0,1.3564827447406689,8.0,-5.100231639269454,-11.068555158466728,-5.664913090909727
8220.0,245.04514407063857,252.1158002936284,220.0,208.0,1.3543843196116974,8.0,-5.088112561753313,-11.060738068731807,-5.656524978391872
8230.0,245.02442249374658,252.0845963896758,220.0,208.0,1.3522917153531324,8.0,-5.076047882968512,-11.052958952391988,-5.648139116743369
8240.0,245.00379602842946,252.05349112686423,220.0,208.0,1.350204915818326,8.0,-5.064037246755629,-11.045217501833068,-5.639756078747815
8250.0,244.98326393905853,252.02248446867128,220.0,208.0,1.3481239049054192,8.0,-5.0520803008209505,-11.03751341369035,-5.631376423690199
8260.0,244.96282550004094,251.9915763720727,220.0,208.0,1.3460486665572189,8.0,-5.040176696674596,-11.029846388773448,-5.623000697625412
8270.0,244.94247999564467,251.96076678769668,220.0,208.0,1.3439791847610731,8.0,-5.028326089569886,-11.022216131992584,-5.614629433641608
8280.0,244.92222671982677,251.93005565997476,220.0,208.0,1.3419154435487477,8.0,-5.016528138443818,-11.014622352286255,-5.606263152118391
8290.0,244.90206497606465,251.89944292728984,220.0,208.0,1.3398574269963037,8.0,-5.004782505858713,-11.007064762550304,-5.597902360980152
8300.0,244.88199407719083,251.86892852212137,220.0,208.0,1.3378051192239733,8.0,-4.9930888579449695,-10.999543079568394,-5.589547555944432
8310.0,244.8620133452305,251.83851237118736,220.0,208.0,1.335758504396038,8.0,-4.981446864344916,-10.99205702394377,-5.581199220765484
8320.0,244.84212211124233,251.80819439558383,220.0,208.0,1.3337175667207073,8.0,-4.9698561981577205,-10.984606320032366,-5.572857827473195
8330.0,244.82231971516202,251.7779745109213,220.0,208.0,1.331682290449994,8.0,-4.958316535885351,-10.977190695877166,-5.564523836607418
8340.0,244.80260550564913,251.74785262745868,220.0,208.0,1.3296526598795968,8.0,-4.946827557379604,-10.969809883143883,-5.556197697447647
8350.0,244.7829788399364,251.7178286502343,220.0,208.0,1.3276286593487758,8.0,-4.935388945790074,-10.962463617057816,-5.547879848238336
8360.0,244.76343908368207,251.6879024791946,220.0,208.0,1.3256102732402326,8.0,-4.924000387513146,-10.955151636341911,-5.539570716410026
8370.0,244.743985610825,251.65807400931988,220.0,208.0,1.3235974859799904,8.0,-4.912661572141955,-10.947873683156066,-5.531270718795895
8380.0,244.72461780344238,251.62834313074782,220.0,208.0,1.3215902820372731,8.0,-4.901372192417281,-10.940629503037552,-5.52298026184435
8390.0,244.70533505161006,251.59870972889445,220.0,208.0,1.3195886459243866,8.0,-4.890131944179362,-10.933418844842565,-5.514699741827508
8400.0,244.68613675326566,251.56917368457263,220.0,208.0,1.3175925621965974,8.0,-4.878940526320633,-10.926241460688919,-5.506429545045581
8410.0,244.66702231407407,251.5397348741082,220.0,208.0,1.315602015452015,8.0,-4.867797640739351,-10.919097105899837,-5.498170048027305
8420.0,244.64799114729556,251.51039316945372,220.0,208.0,1.3136169903314727,8.0,-4.856702992294076,-10.911985538948796,-5.489921617726532
8430.0,244.62904267365616,251.48114843830007,220.0,208.0,1.3116374715184085,8.0,-4.8456562887590025,-10.904906521405396,-5.481684611715128
8440.0,244.6101763212207,251.4520005441856,220.0,208.0,1.3096634437387482,8.0,-4.834657240780156,-10.89785981788232,-5.473459378371922
8450.0,244.59139152526805,251.42294934660333,220.0,208.0,1.3076948917607858,8.0,-4.8237055618323765,-10.890845195983253,-5.465246257068225
8460.0,244.57268772816866,251.3939947011057,220.0,208.0,1.3057318003950673,8.0,-4.812800968177116,-10.883862426251813,-5.45704557834963
8470.0,244.55406437926447,251.36513645940744,220.0,208.0,1.3037741544942727,8.0,-4.801943178821022,-10.876911282121439,-5.448857664114371
8480.0,244.535520934751,251.33637446948626,220.0,208.0,1.3018219389531005,8.0,-4.7911319154752885,-10.869991539866229,-5.440682827788215
8490.0,244.51705685756156,251.30770857568152,220.0,208.0,1.2998751387081493,8.0,-4.780366902515762,-10.86310297855272,-5.432521374495969
8500.0,244.49867161725376,251.27913861879082,220.0,208.0,1.2979337387378025,8.0,-4.769647866943779,-10.85624537999257,-5.42437360122965
8510.0,244.48036468989795,251.25066443616484,220.0,208.0,1.295997724062112,8.0,-4.758974538347736,-10.84941852869613,-5.416239797013509
8520.0,244.46213555796783,251.2222858618,220.0,208.0,1.2940670797426843,8.0,-4.748346648865366,-10.842622211826908,-5.408120243065742
8530.0,244.443983710233,251.19400272642943,220.0,208.0,1.292141790882562,8.0,-4.737763933146696,-10.835856219156865,-5.400015212957147
8540.0,244.42590864165365,251.16581485761196,220.0,208.0,1.2902218426261123,8.0,-4.727226128317717,-10.8291203430226,-5.391924972766652
8550.0,244.40790985327698,251.13772207981947,220.0,208.0,1.2883072201589099,8.0,-4.716732973944679,-10.822414378282287,-5.3838497812339945
8560.0,244.3899868521357,251.10972421452223,220.0,208.0,1.2863979087076234,8.0,-4.70628421199907,-10.815738122273515,-5.37578988990922
8570.0,244.37213915114836,251.0818210802727,220.0,208.0,1.2844938935399024,8.0,-4.695879586823227,-10.80909137477183,-5.367745543299475
8580.0,244.3543662690214,251.05401249278748,220.0,208.0,1.2825951599642622,8.0,-4.685518845096559,-10.802473937950106,-5.359716979012865
8590.0,244.33666773015318,251.02629826502766,220.0,208.0,1.2807016933299713,8.0,-4.675201735802407,-10.795885616338673,-5.351704427899586
8600.0,244.31904306453973,250.99867820727755,220.0,208.0,1.2788134790269385,8.0,-4.664928010195498,-10.789326216786183,-5.3437081141902585
8610.0,244.3014918076821,250.97115212722173,220.0,208.0,1.2769305024855993,8.0,-4.654697421769979,-10.782795548421218,-5.335728255631693
8620.0,244.2840135004956,250.9437198300205,220.0,208.0,1.2750527491768042,8.0,-4.644509726228032,-10.776293422614579,-5.327765063619927
8630.0,244.26660768922056,250.91638111838392,220.0,208.0,1.2731802046117076,8.0,-4.634364681449081,-10.769819652942349,-5.319818743330689
8640.0,244.24927392533482,250.8891357926441,220.0,208.0,1.2713128543416525,8.0,-4.624262047459502,-10.763374055149583,-5.311889493847435
8650.0,244.23201176546777,250.86198365082632,220.0,208.0,1.269450683958064,8.0,-4.614201586402937,-10.75695644711469,-5.303977508286835
8660.0,244.21482077131603,250.8349244887183,220.0,208.0,1.2675936790923332,8.0,-4.6041830625110896,-10.750566648814505,-5.296082973921807
8670.0,244.19770050956055,250.80795809993833,220.0,208.0,1.2657418254157102,8.0,-4.594206242075074,-10.744204482289973,-5.288206072302228
8680.0,244.18065055178542,250.78108427600196,220.0,208.0,1.2638951086391916,8.0,-4.5842708934172745,-10.737869771612509,-5.280346979373235
8690.0,244.16367047439797,250.7543028063872,220.0,208.0,1.26205351451341,8.0,-4.574376786863682,-10.731562342850939,-5.27250586559137
8700.0,244.14675985855044,250.72761347859836,220.0,208.0,1.2602170288285248,8.0,-4.5645236947167485,-10.72528202403909,-5.264682896038335
8710.0,244.12991829006305,250.70101607822872,220.0,208.0,1.2583856374141131,8.0,-4.554711391228718,-10.719028645143977,-5.256878230532539
8720.0,244.1131453593485,250.67451038902175,220.0,208.0,1.2565593261390593,8.0,-4.544939652575419,-10.712802038034544,-5.249092023738604
8730.0,244.0964406613378,250.64809619293115,220.0,208.0,1.2547380809114461,8.0,-4.535208256830528,-10.706602036451041,-5.241324425274684
8740.0,244.07980379540749,250.62177327017955,220.0,208.0,1.2529218876784465,8.0,-4.525516983940285,-10.700428475974908,-5.233575579817648
8750.0,244.06323436530815,250.59554139931603,220.0,208.0,1.2511107324262145,8.0,-4.515865615698649,-10.694281193999233,-5.225845627206309
8760.0,244.04673197909432,250.56940035727254,220.0,208.0,1.249304601179778,8.0,-4.506253935722916,-10.688160029699823,-5.21813470254258
8770.0,244.03029624905548,250.54334991941894,220.0,208.0,1.2475034800029303,8.0,-4.496681729429712,-10.682064824006666,-5.21044293629077
8780.0,244.01392679164852,250.517389859617,220.0,208.0,1.245707354998122,8.0,-4.487148784011451,-10.675995419576058,-5.202770454374786
8790.0,243.99762322743126,250.49151995027327,220.0,208.0,1.2439162123063556,8.0,-4.4776548884131975,-10.669951660763163,-5.195117378273608
8800.0,243.98138518099728,250.46573996239087,220.0,208.0,1.2421300381070763,8.0,-4.468199833309894,-10.66393339359508,-5.187483825114874
8810.0,243.9652122809119,250.44004966562005,220.0,208.0,1.2403488186180671,8.0,-4.458783411084043,-10.657940465744463,-5.179869907766511
8820.0,243.94910415964932,250.41444882830785,220.0,208.0,1.2385725400953418,8.0,-4.449405415803716,-10.651972726503539,-5.172275734926825
8830.0,243.93306045353083,250.38893721754656,220.0,208.0,1.2368011888330384,8.0,-4.4400656432009855,-10.646030026758668,-5.164701411212582
8840.0,243.91708080266432,250.36351459922128,220.0,208.0,1.2350347511633144,8.0,-4.430763890650711,-10.640112218965355,-5.1571470372455686
8850.0,243.90116485088464,250.33818073805645,220.0,208.0,1.2332732134562407,8.0,-4.421499957149678,-10.634219157123667,-5.149612709737449
8860.0,243.88531224569525,250.31293539766125,220.0,208.0,1.231516562119697,8.0,-4.412273643296117,-10.62835069675417,-5.142098521572803
8870.0,243.86952263821078,250.28777834057428,220.0,208.0,1.2297647835992658,8.0,-4.403084751269558,-10.622506694874273,-5.1346045618907965
8880.0,243.85379568310077,250.262709328307,220.0,208.0,1.2280178643781288,8.0,-4.393933084811045,-10.616687009975005,-5.127130916164993
8890.0,243.83813103853421,250.2377281213866,220.0,208.0,1.2262757909769624,8.0,-4.384818449203653,-10.61089150199818,-5.1196776662819055
8900.0,243.8225283661253,250.2128344793975,220.0,208.0,1.224538549953834,8.0,-4.375740651253375,-10.605120032314055,-5.11224489061774
8910.0,243.80698733088008,250.18802816102237,220.0,208.0,1.2228061279040967,8.0,-4.366699499270303,-10.59937246369931,-5.104832664113838
8920.0,243.7915076011439,250.1633089240821,220.0,208.0,1.2210785114602882,8.0,-4.35769480305014,-10.593648660315477,-5.0974410583505465
8930.0,243.77608884855016,250.13867652557477,220.0,208.0,1.2193556872920261,8.0,-4.348726373856024,-10.587948487687733,-5.090070141619686
8940.0,243.76073074796963,250.11413072171413,220.0,208.0,1.2176376421059056,8.0,-4.339794024400655,-10.582271812684116,-5.082719978995602
8950.0,243.74543297746087,250.0896712679669,220.0,208.0,1.2159243626453968,8.0,-4.330897568828713,-10.576618503495064,-5.075390632404833
8960.0,243.73019521822147,250.06529791908943,220.0,208.0,1.2142158356907418,8.0,-4.322036822699584,-10.570988429613358,-5.068082160694371
8970.0,243.71501715454022,250.04101042916352,220.0,208.0,1.2125120480588543,8.0,-4.313211602970363,-10.565381461814415,-5.06079461969864
8980.0,243.69989847375,250.0168085516315,220.0,208.0,1.2108129866032158,8.0,-4.304421727979137,-10.559797472136923,-5.05352806230519
8990.0,243.6848388661817,249.9926920393305,220.0,208.0,1.2091186382137762,8.0,-4.295667017428552,-10.554236333863852,-5.046282538519041
9000.0,243.66983802511882,249.96866064452607,220.0,208.0,1.207428989816851,8.0,-4.286947292369656,-10.548697921503782,-5.039058095525798
9010.0,243.65489564675295,249.94471411894483,220.0,208.0,1.2057440283750216,8.0,-4.2782623751859985,-10.543182110772598,-5.031854777753506
9020.0,243.64001143014,249.92085221380668,220.0,208.0,1.2040637408870336,8.0,-4.269612089577989,-10.537688778575447,-5.024672626933352
9030.0,243.62518507715723,249.89707467985616,220.0,208.0,1.202388114387698,8.0,-4.260996260547519,-10.53221780298909,-5.017511682159148
9040.0,243.61041629246108,249.87338126739306,220.0,208.0,1.2007171359477888,8.0,-4.252414714382832,-10.526769063244531,-5.010371979945581
9050.0,243.59570478344565,249.8497717263025,220.0,208.0,1.1990507926739464,8.0,-4.24386727864364,-10.521342439709958,-5.003253554285471
9060.0,243.581050260202,249.82624580608424,220.0,208.0,1.197389071708575,8.0,-4.235353782146479,-10.515937813873993,-4.9961564367057925
9070.0,243.56645243547817,249.8028032558814,220.0,208.0,1.1957319602297456,8.0,-4.226874054950306,-10.510555068329234,-4.989080656322585
9080.0,243.55191102463988,249.77944382450843,220.0,208.0,1.194079445451096,8.0,-4.218427928342331,-10.505194086756124,-4.982026239894845
9090.0,243.53742574563194,249.75616726047858,220.0,208.0,1.192431514621732,8.0,-4.210015234824065,-10.499854753907048,-4.9749932118773135
9100.0,243.52299631894027,249.7329733120307,220.0,208.0,1.1907881550261301,8.0,-4.201635808097601,-10.49453695559074,-4.967981594472349
9110.0,243.50862246755477,249.7098617271555,220.0,208.0,1.1891493539840385,8.0,-4.193289483052111,-10.489240578656979,-4.960991407680581
9120.0,243.49430391693264,249.686832253621,220.0,208.0,1.1875150988503789,8.0,-4.1849760957505655,-10.483965510981548,-4.954022669350684
9130.0,243.48004039496246,249.6638846389977,220.0,208.0,1.18588537701515,8.0,-4.176695483416651,-10.478711641451435,-4.947075395228194
9140.0,243.4658316319289,249.641018630683,220.0,208.0,1.1842601759033298,8.0,-4.168447484421905,-10.473478859950328,-4.940149599003281
9150.0,243.45167736047796,249.61823397592505,220.0,208.0,1.1826394829747777,8.0,-4.160231938273043,-10.468267057344335,-4.933245292357674
9160.0,243.437577315583,249.59553042184626,220.0,208.0,1.1810232857241396,8.0,-4.152048685599512,-10.463076125467987,-4.9263624850106
9170.0,243.42353123451122,249.5729077154659,220.0,208.0,1.179411571680749,8.0,-4.143897568141198,-10.457905957110466,-4.9195011847637495
9180.0,243.40953885679065,249.5503656037226,220.0,208.0,1.1778043284085333,8.0,-4.135778428736366,-10.452756446002073,-4.9126613975455715
9190.0,243.39559992417796,249.52790383349603,220.0,208.0,1.176201543505916,8.0,-4.127691111309751,-10.447627486800924,-4.905843127454455
9200.0,243.3817141806267,249.50552215162818,220.0,208.0,1.1746032046057215,8.0,-4.119635460860872,-10.44251897507993,-4.8990463768011985
9210.0,243.36788137225602,249.48322030494418,220.0,208.0,1.1730092993750802,8.0,-4.111611323452504,-10.437430807313941,-4.892271146150529
9220.0,243.3541012473201,249.46099804027259,220.0,208.0,1.1714198155153326,8.0,-4.103618546199317,-10.43236288086713,-4.8855174343619865
9230.0,243.34037355617795,249.4388551044652,220.0,208.0,1.1698347407619343,8.0,-4.095656977256721,-10.42731509398063,-4.878785238629803
9240.0,243.32669805126383,249.41679124441646,220.0,208.0,1.1682540628843634,8.0,-4.08772646580986,-10.422287345760333,-4.872074554522101
9250.0,243.31307448705826,249.3948062070823,220.0,208.0,1.1666777696860229,8.0,-4.079826862062788,-10.417279536164974,-4.865385376019231
9260.0,243.2995026200593,249.37289973949862,220.0,208.0,1.1651058490041493,8.0,-4.071958017227786,-10.412291565994334,-4.858717695551468
9270.0,243.28598220875455,249.35107158879933,220.0,208.0,1.1635382887097165,8.0,-4.064119783514876,-10.40732333687771,-4.852071504035826
9280.0,243.27251301359357,249.3293215022339,220.0,208.0,1.1619750767073445,8.0,-4.056312014121459,-10.402374751262554,-4.845446790912274
9290.0,243.2590947969607,249.30764922718458,220.0,208.0,1.1604162009352041,8.0,-4.0485345632221375,-10.397445712403336,-4.838843544179099
9300.0,243.2457273231485,249.28605451118312,220.0,208.0,1.1588616493649257,8.0,-4.040787285958676,-10.392536124350556,-4.832261750427711
9310.0,243.23241035833138,249.26453710192712,220.0,208.0,1.1573114100015047,8.0,-4.0330700384301075,-10.38764589193998,-4.825701394876592
9320.0,243.21914367054012,249.24309674729597,220.0,208.0,1.15576547088321,8.0,-4.025382677683006,-10.38277492078207,-4.819162461404677
9330.0,243.20592702963637,249.22173319536645,220.0,208.0,1.1542238200814912,8.0,-4.017725061701883,-10.377923117251532,-4.8126449325840674
9340.0,243.19276020728788,249.20044619442797,220.0,208.0,1.152686445700887,8.0,-4.010097049399744,-10.373090388477124,-4.806148789712075
9350.0,243.17964297694405,249.1792354929972,220.0,208.0,1.151153335878933,8.0,-4.002498500608774,-10.368276642331598,-4.799674012842525
9360.0,243.16657511381194,249.15810083983274,220.0,208.0,1.1496244787860705,8.0,-3.994929276071161,-10.363481787421788,-4.793220580816637
9370.0,243.1535563948326,249.13704198394905,220.0,208.0,1.1480998626255556,8.0,-3.9873892374300555,-10.35870573307892,-4.7867884712931525
9380.0,243.14058659865793,249.1160586746302,220.0,208.0,1.1465794756333665,8.0,-3.9798782472206575,-10.353948389349041,-4.780377660777822
9390.0,243.1276655056279,249.09515066144343,220.0,208.0,1.1450633060781148,8.0,-3.972396168861459,-10.349209666983661,-4.773988124652419
9400.0,243.11479289774806,249.07431769425193,220.0,208.0,1.1435513422609538,8.0,-3.964942866645563,-10.344489477430493,-4.767619837203097
9410.0,243.10196855866758,249.0535595232278,220.0,208.0,1.1420435725154885,8.0,-3.957518205732182,-10.339787732824394,-4.761272771648168
9420.0,243.08919227365757,249.03287589886435,220.0,208.0,1.1405399852076856,8.0,-3.950122052138223,-10.335104345978447,-4.754946900165419
9430.0,243.07646382958976,249.0122665719882,220.0,208.0,1.1390405687357839,8.0,-3.942754272729999,-10.330439230375172,-4.74864219391875
9440.0,243.0637830149156,248.99173129377104,220.0,208.0,1.1375453115302043,8.0,-3.9354147352150797,-10.325792300157925,-4.7423586230843515
9450.0,243.05114961964574,248.97126981574112,220.0,208.0,1.1360542020534607,8.0,-3.9281033081342365,-10.321163470122421,-4.7360961568763065
9460.0,243.0385634353297,248.95088188979443,220.0,208.0,1.1345672288000719,8.0,-3.9208198608535034,-10.316552655708378,-4.72985476357178
9470.0,243.02602425503608,248.93056726820555,220.0,208.0,1.133084380296471,8.0,-3.9135642635563594,-10.311959772991338,-4.7236344105355785
9480.0,243.01353187333294,248.91032570363825,220.0,208.0,1.1316056451009184,8.0,-3.9063363872360197,-10.307384738674601,-4.717435064244251
9490.0,243.00108608626866,248.8901569491558,220.0,208.0,1.130131011803413,8.0,-3.89913610368783,-10.302827470081315,-4.71125669030971
9500.0,242.988686691353,248.870060758231,220.0,208.0,1.1286604690256041,8.0,-3.8919632855017703,-10.298287885146664,-4.705099253502408
9510.0,242.97633348753848,248.85003688475598,220.0,208.0,1.1271940054207041,8.0,-3.884817806055054,-10.293765902410197,-4.698962717773997
9520.0,242.96402627520223,248.83008508305164,220.0,208.0,1.1257316096733998,8.0,-3.8776995395048477,-10.289261441008332,-4.692847046279531
9530.0,242.9517648561279,248.81020510787695,220.0,208.0,1.1242732704997662,8.0,-3.8706083607810777,-10.284774420666903,-4.686752201399236
9540.0,242.93954903348813,248.79039671443792,220.0,208.0,1.122818976647179,8.0,-3.8635441455793393,-10.280304761693891,-4.680678144759827
9550.0,242.92737861182704,248.77065965839634,220.0,208.0,1.1213687168942277,8.0,-3.8565067703538967,-10.275852384972254,-4.674624837255442
9560.0,242.9152533970433,248.75099369587826,220.0,208.0,1.1199224800506293,8.0,-3.8494961123108014,-10.271417211952876,-4.668592239067971
9570.0,242.90317319637327,248.7313985834823,220.0,208.0,1.1184802549571415,8.0,-3.8425120494010723,-10.266999164647638,-4.662580309687224
9580.0,242.89113781837446,248.71187407828765,220.0,208.0,1.1170420304854778,8.0,-3.8355544603139875,-10.262598165622569,-4.656589007930552
9590.0,242.87914707290932,248.6924199378618,220.0,208.0,1.1156077955382193,8.0,-3.8286232244704603,-10.25821413799117,-4.6506182919619965
9600.0,242.8672007711293,248.67303592026826,220.0,208.0,1.1141775390487314,8.0,-3.8217182220165125,-10.253847005407797,-4.644668119311177
9610.0,242.85529872545908,248.65372178407375,220.0,208.0,1.1127512499810774,8.0,-3.8148393338168276,-10.249496692061173,-4.638738446891739
9620.0,242.84344074958122,248.6344772883555,220.0,208.0,1.1113289173299332,8.0,-3.8079864414483864,-10.245163122668005,-4.632829231019423
9630.0,242.83162665842087,248.61530219270804,220.0,208.0,1.1099105301205032,8.0,-3.8011594271941984,-10.240846222466697,-4.626940427429736
9640.0,242.81985626813088,248.59619625725006,220.0,208.0,1.108496077408434,8.0,-3.7943581740371015,-10.236545917211158,-4.621071991295344
9650.0,242.80812939607708,248.57715924263076,220.0,208.0,1.107085548279732,8.0,-3.787582565653659,-10.232262133164745,-4.615223877242943
9660.0,242.79644586082384,248.55819091003636,220.0,208.0,1.1056789318506774,8.0,-3.7808324864081246,-10.227994797094254,-4.609396039370018
9670.0,242.78480548211985,248.5392910211961,220.0,208.0,1.1042762172677418,8.0,-3.774107821346492,-10.223743836264052,-4.603588431261005
9680.0,242.77320808088413,248.52045933838824,220.0,208.0,1.102877393707503,8.0,-3.7674084561906205,-10.219509178430274,-4.597801006003283
9690.0,242.76165347919226,248.50169562444577,220.0,208.0,1.1014824503765626,8.0,-3.760734277332435,-10.215290751835127,-4.592033716202809
9700.0,242.75014150026286,248.48299964276208,220.0,208.0,1.1000913765114622,8.0,-3.754085171828206,-10.211088485201277,-4.58628651399938
9710.0,242.73867196844427,248.46437115729623,220.0,208.0,1.0987041613785997,8.0,-3.7474610273928946,-10.206902307726347,-4.58055935108157
9720.0,242.72724470920144,248.44580993257824,220.0,208.0,1.097320794274148,8.0,-3.7408617323945785,-10.202732149077464,-4.57485217870144
9730.0,242.71585954910307,248.42731573371415,220.0,208.0,1.095941264523972,8.0,-3.7342871758489444,-10.19857793938593,-4.569164947688864
9740.0,242.70451631580892,248.4088883263909,220.0,208.0,1.094565561483544,8.0,-3.7277372474138506,-10.194439609241957,-4.563497608465582
9750.0,242.6932148380573,248.39052747688098,220.0,208.0,1.0931936745378654,8.0,-3.7212118373839584,-10.190317089689492,-4.5578501110589515
9760.0,242.68195494565282,248.3722329520471,220.0,208.0,1.0918255931013816,8.0,-3.7147108366854305,-10.186210312221112,-4.552222405115436
9770.0,242.67073646945434,248.35400451934655,220.0,208.0,1.090461306617902,8.0,-3.7082341368706953,-10.182119208773022,-4.546614439913765
9780.0,242.65955924136304,248.33584194683536,220.0,208.0,1.089100804560518,8.0,-3.701781630113281,-10.178043711720115,-4.541026164377854
9790.0,242.64842309431074,248.31774500317258,220.0,208.0,1.0877440764315218,8.0,-3.6953532092027084,-10.173983753871104,-4.5354575270894655
9800.0,242.63732786224844,248.29971345762405,220.0,208.0,1.0863911117623255,8.0,-3.6889487675394523,-10.169939268463768,-4.529908476300489
9810.0,242.6262733801349,248.28174708006637,220.0,208.0,1.0850419001133802,8.0,-3.6825681991299555,-10.165910189160208,-4.52437895994517
9820.0,242.6152594839256,248.2638456409904,220.0,208.0,1.0836964310740949,8.0,-3.676211398581712,-10.161896450042239,-4.518868925651851
9830.0,242.6042860105617,248.246008911505,220.0,208.0,1.0823546942627582,8.0,-3.669878261098419,-10.157897985606816,-4.513378320754623
9840.0,242.59335279795928,248.22823666334014,220.0,208.0,1.0810166793264555,8.0,-3.663568682475154,-10.15391473076154,-4.507907092304686
9850.0,242.58245968499872,248.21052866885046,220.0,208.0,1.079682375940991,8.0,-3.65728255909366,-10.149946620820254,-4.502455187081387
9860.0,242.57160651151418,248.19288470101824,220.0,208.0,1.078351773810807,8.0,-3.6510197879176314,-10.145993591498645,-4.497022551603254
9870.0,242.5607931182834,248.17530453345643,220.0,208.0,1.0770248626689056,8.0,-3.6447802664881173,-10.142055578910018,-4.49160913213841
9880.0,242.55001934701755,248.1577879404115,220.0,208.0,1.075701632276768,8.0,-3.638563892918922,-10.138132519561019,-4.486214874715166
9890.0,242.53928504035122,248.14033469676633,220.0,208.0,1.0743820724242767,8.0,-3.632370565892106,-10.134224350347523,-4.480839725132092
9900.0,242.5285900418326,248.12294457804268,220.0,208.0,1.073066172929636,8.0,-3.6262001846535,-10.130331008550503,-4.475483628968073
9910.0,242.51793419591382,248.1056173604038,220.0,208.0,1.0717539236392941,8.0,-3.620052649008311,-10.126452431832009,-4.470146531591991
9920.0,242.50731734794155,248.08835282065695,220.0,208.0,1.070445314427864,8.0,-3.613927859316752,-10.12258855823122,-4.46482837817232
9930.0,242.49673934414747,248.0711507362555,220.0,208.0,1.0691403351980462,8.0,-3.6078257164897347,-10.118739326160512,-4.459529113686426
9940.0,242.48620003163916,248.05401088530127,220.0,208.0,1.0678389758805495,8.0,-3.6017461219846107,-10.114904674401618,-4.454248682929688
9950.0,242.475699258391,248.03693304654655,220.0,208.0,1.0665412264340153,8.0,-3.5956889778009615,-10.111084542101834,-4.448987030524449
9960.0,242.46523687323514,248.01991699939614,220.0,208.0,1.0652470768449378,8.0,-3.5896541864764266,-10.107278868770262,-4.443744100928803
9970.0,242.45481272585286,248.00296252390916,220.0,208.0,1.0639565171275889,8.0,-3.5836416510826004,-10.103487594274156,-4.438519838445041
9980.0,242.4444266667658,247.98606940080091,220.0,208.0,1.0626695373239394,8.0,-3.5776512752209637,-10.099710658835303,-4.433314187228098
9990.0,242.43407854732746,247.96923741144448,220.0,208.0,1.0613861275035834,8.0,-3.571682963018866,-10.095948003026429,-4.428127091293618
10000.0,242.4237682197148,247.95246633787238,220.0,208.0,1.0601062777636607,8.0,-3.565736619125537,-10.092199567767697,-4.422958494526074
10010.0,242.4134955369199,247.93575596277807,220.0,208.0,1.0588299782287813,8.0,-3.559812148708167,-10.088465294323225,-4.417808340686543
10020.0,242.4032603527419,247.9191060695173,220.0,208.0,1.0575572190509488,8.0,-3.553909457448017,-10.084745124297685,-4.412676573420322
10030.0,242.393062521779,247.90251644210952,220.0,208.0,1.0562879904094842,8.0,-3.548028451536581,-10.081038999632947,-4.407563136264412
10040.0,242.38290189942043,247.88598686523895,220.0,208.0,1.0550222825109499,8.0,-3.542169037671783,-10.077346862604761,-4.402467972654813
10050.0,242.37277834183874,247.8695171242559,220.0,208.0,1.0537600855890754,8.0,-3.53633112305421,-10.073668655819459,-4.397391025933735
10060.0,242.36269170598214,247.85310700517778,220.0,208.0,1.0525013899046805,8.0,-3.530514615383411,-10.07000432221079,-4.392332239356506
10070.0,242.35264184956694,247.83675629469,220.0,208.0,1.0512461857456008,8.0,-3.5247194228542096,-10.066353805036703,-4.387291556098444
10080.0,242.34262863107008,247.82046478014695,220.0,208.0,1.049994463426613,8.0,-3.5189454541530765,-10.062717047876253,-4.382268919261492
10090.0,242.33265190972185,247.80423224957283,220.0,208.0,1.0487462132893597,8.0,-3.5131926184545264,-10.059093994626503,-4.37726427188079
10100.0,242.32271154549863,247.78805849166238,220.0,208.0,1.0475014257022748,8.0,-3.507460825417567,-10.055484589499505,-4.372277556930999
10110.0,242.3128073991158,247.7719432957815,220.0,208.0,1.0462600910605095,8.0,-3.5017499851821756,-10.051888777019284,-4.3673087173325715
10120.0,242.3029393320207,247.755886451968,220.0,208.0,1.0450221997858586,8.0,-3.4960600083658253,-10.048306502018919,-4.362357695957826
10130.0,242.2931072063858,247.7398877509319,220.0,208.0,1.0437877423266855,8.0,-3.490390806060029,-10.044737709637609,-4.357424435636881
10140.0,242.28331088510177,247.72394698405614,220.0,208.0,1.0425567091578496,8.0,-3.4847422898269484,-10.041182345317827,-4.352508879163497
10150.0,242.27355023177094,247.70806394339684,220.0,208.0,1.041329090780632,8.0,-3.4791143716960153,-10.0376403548025,-4.347610969300717
10160.0,242.26382511070054,247.69223842168358,220.0,208.0,1.0401048777226625,8.0,-3.4735069641605882,-10.034111684132192,-4.342730648786437
10170.0,242.2541353868963,247.67647021231983,220.0,208.0,1.0388840605378467,8.0,-3.467919980174673,-10.030596279642413,-4.337867860338815
10180.0,242.244480926056,247.66075910938298,220.0,208.0,1.0376666298062927,8.0,-3.4623533331496352,-10.027094087960865,-4.3330225466615735
10190.0,242.23486159456314,247.64510490762459,220.0,208.0,1.0364525761342387,8.0,-3.456806936950982,-10.023605056004795,-4.328194650449155
10200.0,242.2252772594807,247.6295074024704,220.0,208.0,1.035241890153981,8.0,-3.451280705895162,-10.020129130978363,-4.323384114391774
10210.0,242.215727788545,247.61396639002047,220.0,208.0,1.0340345625238008,8.0,-3.4457745547463947,-10.01666626037004,-4.318590881180376
10220.0,242.20621305015973,247.59848166704893,220.0,208.0,1.032830583927892,8.0,-3.4402883987135477,-10.01321639195008,-4.313814893511358
10230.0,242.1967329133899,247.5830530310041,220.0,208.0,1.0316299450762907,8.0,-3.4348221534470262,-10.009779473767953,-4.309056094091375
10240.0,242.18728724795596,247.56768028000826,220.0,208.0,1.0304326367048022,8.0,-3.429375735035715,-10.006355454149908,-4.304314425641837
10250.0,242.17787592422806,247.5523632128574,220.0,208.0,1.0292386495749302,8.0,-3.4239490600039266,-10.002944281696465,-4.29958983090346
10260.0,242.16849881322028,247.537101629021,220.0,208.0,1.0280479744738047,8.0,-3.418542045308408,-9.999545905280048,-4.2948822526405825
10270.0,242.15915578658505,247.52189532864185,220.0,208.0,1.026860602214112,8.0,-3.4131546083353563,-9.996160274042564,-4.290191633645441
10280.0,242.14984671660753,247.50674411253544,220.0,208.0,1.0256765236340235,8.0,-3.407786666897475,-9.992787337393064,-4.285517916742333
10290.0,242.14057147620022,247.49164778218983,220.0,208.0,1.0244957295971246,8.0,-3.402438139231055,-9.989427045005426,-4.280861044791687
10300.0,242.13132993889752,247.476606139765,220.0,208.0,1.023318210992344,8.0,-3.3971089439930866,-9.986079346816059,-4.2762209606939905
10310.0,242.12212197885037,247.4616189880925,220.0,208.0,1.0221439587338843,8.0,-3.3917990002583984,-9.982744193021638,-4.27159760739371
10320.0,242.11294747082104,247.4466861306748,220.0,208.0,1.0209729637611513,8.0,-3.386508227516822,-9.979421534076874,-4.266990927883012
10330.0,242.103806290178,247.43180737168473,220.0,208.0,1.019805217038684,8.0,-3.3812365456704003,-9.97611132069235,-4.2624008652053815
10340.0,242.09469831289073,247.41698251596492,220.0,208.0,1.0186407095560854,8.0,-3.3759838750305984,-9.972813503832308,-4.257827362459352
10350.0,242.08562341552476,247.40221136902707,220.0,208.0,1.0174794323279523,8.0,-3.3707501363155603,-9.96952803471254,-4.253270362801845
10360.0,242.07658147523665,247.3874937370513,220.0,208.0,1.0163213763938068,8.0,-3.3655352506473792,-9.966254864798252,-4.24872980945172
10370.0,242.06757236976912,247.3728294268853,220.0,208.0,1.0151665328180262,8.0,-3.360339139549409,-9.962993945801998,-4.244205645692932
10380.0,242.05859597744626,247.35821824604363,220.0,208.0,1.0140148926897745,8.0,-3.355161724943589,-9.959745229681626,-4.2396978148779
10390.0,242.04965217716867,247.3436600027069,220.0,208.0,1.0128664471229343,8.0,-3.350002929147795,-9.956508668638229,-4.235206260430596
10400.0,242.04074084840886,247.32915450572088,220.0,208.0,1.0117211872560368,8.0,-3.3448626748732253,-9.953284215114172,-4.230730925849616
10410.0,242.03186187120653,247.31470156459557,220.0,208.0,1.0105791042521948,8.0,-3.339740885221797,-9.95007182179107,-4.226271754711229
10420.0,242.02301512616413,247.30030098950434,220.0,208.0,1.009440189299034,8.0,-3.33463748368359,-9.946871441587907,-4.221828690672169
10430.0,242.01420049444215,247.28595259128292,220.0,208.0,1.0083044336086244,8.0,-3.3295523941342786,-9.943683027659041,-4.217401677472617
10440.0,242.00541785775488,247.27165618142843,220.0,208.0,1.0071718284174134,8.0,-3.3244855408326273,-9.94050653339235,-4.212990658938838
10450.0,241.99666709836586,247.25741157209833,220.0,208.0,1.006042364986158,8.0,-3.3194368484179804,-9.93734191240733,-4.208595578985978
10460.0,241.98794809908364,247.24321857610937,220.0,208.0,1.004916034599857,8.0,-3.3144062419077884,-9.934189118553256,-4.2042163816205855
10470.0,241.97926074325747,247.22907700693648,220.0,208.0,1.0037928285676836,8.0,-3.3093936466951592,-9.931048105907367,-4.199853010943207
10480.0,241.97060491477308,247.2149866787117,220.0,208.0,1.0026727382229192,8.0,-3.304398988546417,-9.927918828773024,-4.195505411150907
10490.0,241.96198049804852,247.20094740622298,220.0,208.0,1.001555754922886,8.0,-3.2994221935987023,-9.92480124167796,-4.191173526539569
10500.0,241.95338737803004,247.18695900491298,220.0,208.0,1.00044187004888,8.0,-3.294463188357578,-9.92169529937251,-4.186857301506348
10510.0,241.94482544018808,247.17302129087795,220.0,208.0,0.9993310750061047,8.0,-3.2895218996946705,-9.918600956827879,-4.182556680551897
10520.0,241.9362945705132,247.15913408086647,220.0,208.0,0.9982233612236058,8.0,-3.2845982548453247,-9.915518169234408,-4.178271608282603
10530.0,241.92779465551223,247.14529719227812,220.0,208.0,0.997118720154203,8.0,-3.2796921814062787,-9.912446891999918,-4.174002029412714
10540.0,241.9193255822042,247.1315104431623,220.0,208.0,0.996017143274426,8.0,-3.274803607333362,-9.909387080747992,-4.169747888766483
10550.0,241.91088723811671,247.11777365221687,220.0,208.0,0.9949186220844478,8.0,-3.269932460939219,-9.90633869131636,-4.165509131280124
10560.0,241.90247951128194,247.1040866387868,220.0,208.0,0.9938231481080192,8.0,-3.265078670891041,-9.90330167975524,-4.161285702003897
10570.0,241.894102290233,247.0904492228629,220.0,208.0,0.9927307128924032,8.0,-3.260242166208332,-9.90027600232575,-4.157077546103915
10580.0,241.88575546400023,247.07686122508036,220.0,208.0,0.9916413080083105,8.0,-3.255422876260682,-9.8972616154983,-4.1528846088641105
10590.0,241.87743892210747,247.06332246671738,220.0,208.0,0.990554925049834,8.0,-3.250620730765573,-9.894258475951025,-4.148706835687927
10600.0,241.86915255456853,247.04983276969378,220.0,208.0,0.9894715556343834,8.0,-3.245835659786186,-9.891266540568232,-4.1445441721002
10610.0,241.86089625188353,247.03639195656953,220.0,208.0,0.9883911914026218,8.0,-3.2410675937292406,-9.888285766438855,-4.1403965637488005
10620.0,241.85266990503553,247.02299985054333,220.0,208.0,0.9873138240183996,8.0,-3.2363164633428636,-9.885316110854971,-4.136263956406242
10630.0,241.8444734054869,247.00965627545108,220.0,208.0,0.986239445168692,8.0,-3.2315821997144463,-9.882357531310266,-4.1321462959713475
10640.0,241.83630664517594,246.9963610557644,220.0,208.0,0.9851680465635331,8.0,-3.226864734268541,-9.87940998549857,-4.128043528470767
10650.0,241.82816951651353,246.98311401658918,220.0,208.0,0.9840996199359531,8.0,-3.2221639987647777,-9.876473431312395,-4.123955600060526
10660.0,241.82006191237974,246.96991498366398,220.0,208.0,0.9830341570419141,8.0,-3.2174799252957897,-9.873547826841499,-4.119882457027393
10670.0,241.81198372612053,246.9567637833585,220.0,208.0,0.9819716496602464,8.0,-3.2128124462851537,-9.870633130371447,-4.115824045790373
10680.0,241.80393485154448,246.943660242672,220.0,208.0,0.9809120895925856,8.0,-3.2081614944853647,-9.867729300382196,-4.1117803129020105
10690.0,241.79591518291954,246.93060418923176,220.0,208.0,0.9798554686633084,8.0,-3.203527002975802,-9.864836295546716,-4.107751205049772
10700.0,241.7879246149699,246.9175954512915,220.0,208.0,0.9788017787194703,8.0,-3.198908905160742,-9.861954074729605,-4.103736669057276
10710.0,241.77996304287282,246.9046338577297,220.0,208.0,0.9777510116307425,8.0,-3.194307134767363,-9.859082596985722,-4.099736651885496
10720.0,241.7720303622554,246.89171923804798,220.0,208.0,0.9767031592893489,8.0,-3.1897216258437724,-9.856221821558842,-4.095751100634061
10730.0,241.76412646919175,246.87885142236956,220.0,208.0,0.9756582136100043,8.0,-3.1851523127570753,-9.853371707880346,-4.09177996254225
10740.0,241.7562512601997,246.86603024143753,220.0,208.0,0.9746161665298504,8.0,-3.180599130191407,-9.850532215567874,-4.08782318499027
10750.0,241.7484046322379,246.8532555266132,220.0,208.0,0.9735770100083958,8.0,-3.1760620131460384,-9.847703304424034,-4.083880715500231
10760.0,241.74058648270295,246.84052710987442,220.0,208.0,0.9725407360274522,8.0,-3.171540896933461,-9.844884934435138,-4.0799525017371705
10770.0,241.7327967094263,246.82784482381388,220.0,208.0,0.9715073365910731,8.0,-3.167035717177499,-9.84207706576992,-4.076038491510054
10780.0,241.72503521067145,246.81520850163747,220.0,208.0,0.9704768037254924,8.0,-3.1625464098114313,-9.839279658778251,-4.072138632772817
10790.0,241.71730188513106,246.80261797716253,220.0,208.0,0.9694491294790626,8.0,-3.1580729110761467,-9.836492673989952,-4.06825287362517
10800.0,241.70959663192411,246.79007308481607,220.0,208.0,0.9684243059221932,8.0,-3.1536151575182836,-9.83371607211351,-4.064381162313566
10810.0,241.70191935059313,246.77757365963316,220.0,208.0,0.96740232514729,8.0,-3.149173085988414,-9.830949814034902,-4.060523447232026
10820.0,241.69426994110142,246.76511953725512,220.0,208.0,0.9663831792686938,8.0,-3.144746633639228,-9.828193860816386,-4.056679676922954
10830.0,241.68664830383034,246.75271055392776,220.0,208.0,0.9653668604226197,8.0,-3.140335737923733,-9.825448173695305,-4.052849800077934
10840.0,241.6790543395765,246.74034654649964,220.0,208.0,0.9643533607670961,8.0,-3.1359403365934657,-9.822712714082911,-4.0490337655385025
10850.0,241.67148794954923,246.7280273524203,220.0,208.0,0.9633426724819047,8.0,-3.1315603676967227,-9.819987443563198,-4.045231522296854
10860.0,241.66394903536786,246.7157528097385,220.0,208.0,0.9623347877685198,8.0,-3.127195769576814,-9.817272323891787,-4.0414430194965005
10870.0,241.65643749905914,246.70352275710036,220.0,208.0,0.9613296988500479,8.0,-3.1228464808703107,-9.81456731699475,-4.037668206432977
10880.0,241.64895324305462,246.6913370337477,220.0,208.0,0.9603273979711686,8.0,-3.11851244050532,-9.811872384967522,-4.033907032554453
10890.0,241.64149617018813,246.6791954795161,220.0,208.0,0.9593278773980738,8.0,-3.114193587699769,-9.809187490073743,-4.03015944746237
10900.0,241.63406618369325,246.6670979348332,220.0,208.0,0.9583311294184083,8.0,-3.1098898619597017,-9.8065125947442,-4.026425400911967
10910.0,241.62666318720076,246.65504424071688,220.0,208.0,0.9573371463412106,8.0,-3.105601203077593,-9.803847661575718,-4.0227048428128915
10920.0,241.61928708473624,246.64303423877334,220.0,208.0,0.9563459204968534,8.0,-3.101327551130672,-9.801192653330082,-4.018997723229677
10930.0,241.6119377807176,246.63106777119535,220.0,208.0,0.9553574442369839,8.0,-3.0970688464792615,-9.798547532932982,-4.015303992382201
10940.0,241.60461517995267,246.61914468076046,220.0,208.0,0.9543717099344657,8.0,-3.092825029765132,-9.795912263472976,-4.011623600646226
10950.0,241.5973191876368,246.60726481082907,220.0,208.0,0.9533887099833196,8.0,-3.0885960419098564,-9.793286808200394,-4.0079564985538125
10960.0,241.59004970935047,246.59542800534265,220.0,208.0,0.9524084367986643,8.0,-3.08438182411319,-9.790671130526352,-4.00430263679375
10970.0,241.58280665105698,246.5836341088219,220.0,208.0,0.9514308828166584,8.0,-3.080182317851459,-9.788065194021717,-4.0006619662119425
10980.0,241.57558991910017,246.57188296636488,220.0,208.0,0.9504560404944429,8.0,-3.0759974648759645,-9.785468962416093,-3.997034437811772
10990.0,241.56839942020204,246.5601744236451,220.0,208.0,0.949483902310081,8.0,-3.0718272072113884,-9.782882399596827,-3.9934200027544424
11000.0,241.56123506146062,246.5485083269097,220.0,208.0,0.9485144607625016,8.0,-3.0676714871542297,-9.78030546960803,-3.9898186123592723
11010.0,241.55409675034755,246.53688452297774,220.0,208.0,0.9475477083714412,8.0,-3.0635302472712227,-9.777738136649555,-3.9862302181041516
11020.0,241.54698439470602,246.52530285923802,220.0,208.0,0.946583637677386,8.0,-3.0594034303978033,-9.775180365076075,-3.9826547716256075
11030.0,241.5398979027485,246.5137631836475,220.0,208.0,0.9456222412415135,8.0,-3.0552909796365606,-9.772632119396103,-3.9790922247192158
11040.0,241.53283718305457,246.5022653447293,220.0,208.0,0.9446635116456372,8.0,-3.051192838355712,-9.770093364271046,-3.975542529339782
11050.0,241.5258021445688,246.4908091915708,220.0,208.0,0.9437074414921474,8.0,-3.047108950187578,-9.767564064514245,-3.972005637601615
11060.0,241.51879269659855,246.47939457382182,220.0,208.0,0.9427540234039544,8.0,-3.043039259027087,-9.765044185090073,-3.9684815017786153
11070.0,241.51180874881203,246.46802134169275,220.0,208.0,0.9418032500244327,8.0,-3.038983709030279,-9.762533691113,-3.964970074304574
11080.0,241.504850211236,246.4566893459526,220.0,208.0,0.9408551140173633,8.0,-3.0349422446128154,-9.760032547846677,-3.961471307773286
11090.0,241.49791699425387,246.4453984379272,220.0,208.0,0.9399096080668772,8.0,-3.030914810448512,-9.757540720703041,-3.9579851549386604
11100.0,241.49100900860358,246.43414846949722,220.0,208.0,0.938966724877399,8.0,-3.0269013514678775,-9.75505817524141,-3.9545115687149064
11110.0,241.4841261653756,246.4229392930964,220.0,208.0,0.9380264571735907,8.0,-3.022901812856659,-9.752584877167607,-3.9510505021766225
11120.0,241.47726837601095,246.41177076170953,220.0,208.0,0.9370887977002957,8.0,-3.018916140054403,-9.75012079233307,-3.9476019085588634
11130.0,241.47043555229916,246.4006427288707,220.0,208.0,0.9361537392224828,8.0,-3.0149442787530294,-9.747665886734,-3.944165741257234
11140.0,241.46362760637635,246.3895550486613,220.0,208.0,0.9352212745251895,8.0,-3.0109861748954,-9.745220126510475,-3.940741953827956
11150.0,241.4568444507233,246.37850757570817,220.0,208.0,0.9342913964134678,8.0,-3.0070417746739273,-9.742783477945638,-3.9373304999878886
11160.0,241.45008599816353,246.36750016518175,220.0,208.0,0.9333640977123276,8.0,-3.00311102452916,-9.740355907464812,-3.933931333614578
11170.0,241.44335216186133,246.35653267279415,220.0,208.0,0.9324393712666819,8.0,-2.9991938711484023,-9.73793738163469,-3.930544408746255
11180.0,241.43664285531992,246.34560495479718,220.0,208.0,0.931517209941291,8.0,-2.9952902614643273,-9.735527867162483,-3.927169679581812
11190.0,241.42995799237963,246.33471686798063,220.0,208.0,0.930597606620708,8.0,-2.9914001426536188,-9.733127330895138,-3.9238071004808037
11200.0,241.42329748721593,246.32386826967027,220.0,208.0,0.9296805542092237,8.0,-2.9875234621355964,-9.73073573981848,-3.9204566259634706
11210.0,241.41666125433775,246.31305901772598,220.0,208.0,0.928766045630812,8.0,-2.9836601675708856,-9.728353061056453,-3.917118210710578
11220.0,241.41004920858552,246.30228897053985,220.0,208.0,0.9278540738290747,8.0,-2.9798102068600545,-9.725979261870274,-3.913791809563463
11230.0,241.40346126512947,246.2915579870343,220.0,208.0,0.9269446317671881,8.0,-2.975973528142306,-9.723614309657687,-3.9104773775238755
11240.0,241.39689733946778,246.28086592666023,220.0,208.0,0.9260377124278478,8.0,-2.972150079794137,-9.721258171952151,-3.9071748697539537
11250.0,241.3903573474249,246.27021264939506,220.0,208.0,0.925133308813215,8.0,-2.9683398104280387,-9.718910816422081,-3.903884241576134
11260.0,241.3838412051497,246.25959801574092,220.0,208.0,0.9242314139448619,8.0,-2.964542668891187,-9.716572210870073,-3.9006054484729704
11270.0,241.37734882911388,246.24902188672272,220.0,208.0,0.9233320208637188,8.0,-2.9607586042641563,-9.714242323232146,-3.897338446087065
11280.0,241.3708801361101,246.23848412388628,220.0,208.0,0.92243512263002,8.0,-2.956987565859625,-9.71192112157698,-3.894083190220954
11290.0,241.36443504325032,246.22798458929645,220.0,208.0,0.92154071232325,8.0,-2.953229503221106,-9.709608574105179,-3.8908396368369043
11300.0,241.35801346796424,246.21752314553524,220.0,208.0,0.92064878304209,8.0,-2.9494843661216765,-9.707304649148515,-3.8876077420567983
11310.0,241.35161532799745,246.20709965569992,220.0,208.0,0.9197593279043654,8.0,-2.9457521045627217,-9.705009315169212,-3.8843874621619765
11320.0,241.3452405414099,246.19671398340117,220.0,208.0,0.9188723400469919,8.0,-2.9420326687726863,-9.702722540759204,-3.8811787535930082
11330.0,241.33888902657426,246.18636599276118,220.0,208.0,0.9179878126259231,8.0,-2.9383260092058334,-9.700444294639436,-3.877981572949534
11340.0,241.3325607021742,246.17605554841185,220.0,208.0,0.9171057388160974,8.0,-2.9346320765410057,-9.698174545659107,-3.874795876990129
11350.0,241.32625548720287,246.16578251549282,220.0,208.0,0.916226111811385,8.0,-2.930950821680415,-9.695913262795013,-3.8716216226319604
11360.0,241.31997330096127,246.15554675964967,220.0,208.0,0.9153489248245367,8.0,-2.9272821957484085,-9.693660415150793,-3.868458766950721
11370.0,241.3137140630567,246.14534814703202,220.0,208.0,0.9144741710871296,8.0,-2.92362615009028,-9.691415971956287,-3.865307267180265
11380.0,241.3074776934011,246.1351865442917,220.0,208.0,0.9136018438495164,8.0,-2.9199826362710524,-9.689179902566783,-3.862167080712493
11390.0,241.30126411220965,246.12506181858095,220.0,208.0,0.9127319363807728,8.0,-2.9163516060743064,-9.686952176462402,-3.859038165097036
11400.0,241.2950732399991,246.1149738375504,220.0,208.0,0.9118644419686455,8.0,-2.9127330115009835,-9.684732763247366,-3.8559204780410257
11410.0,241.28890499758631,246.10492246934737,220.0,208.0,0.9109993539195003,8.0,-2.909126804768213,-9.682521632649348,-3.852813977408846
11420.0,241.2827593060867,246.09490758261396,220.0,208.0,0.910136665558271,8.0,-2.90553293830815,-9.680318754518801,-3.849718621221814
11430.0,241.27663608691273,246.0849290464852,220.0,208.0,0.9092763702284075,8.0,-2.9019513647668127,-9.678124098828302,-3.8466343676579755
11440.0,241.27053526177252,246.07498673058728,220.0,208.0,0.9084184612918238,8.0,-2.898382037002931,-9.675937635671882,-3.8435611750518093
11450.0,241.26445675266828,246.06508050503558,220.0,208.0,0.9075629321288482,8.0,-2.894824908086806,-9.673759335264409,-3.840499001893841
11460.0,241.25840048189482,246.05521024043296,220.0,208.0,0.9067097761381712,8.0,-2.8912799312991666,-9.67158916794089,-3.8374478068305056
11470.0,241.25236637203818,246.04537580786783,220.0,208.0,0.9058589867367948,8.0,-2.887747060130046,-9.669427104155872,-3.834407548663717
11480.0,241.2463543459742,246.0355770789124,220.0,208.0,0.9050105573599815,8.0,-2.884226248277666,-9.667273114482816,-3.8313781863505714
11490.0,241.24036432686697,246.0258139256209,220.0,208.0,0.9041644814612044,8.0,-2.88071744964731,-9.665127169613429,-3.8283596790031424
11500.0,241.2343962381676,246.0160862205275,220.0,208.0,0.9033207525120961,8.0,-2.8772206183502353,-9.662989240357083,-3.8253519858879375
11510.0,241.2284500036126,246.0063938366449,220.0,208.0,0.9024793640023976,8.0,-2.8737357087025504,-9.660859297640151,-3.8223550664258257
11520.0,241.22252554722274,245.9967366474621,220.0,208.0,0.9016403094399099,8.0,-2.8702626752241462,-9.658737312505442,-3.8193688801914734
11530.0,241.21662279330144,245.9871145269429,220.0,208.0,0.9008035823504422,8.0,-2.866801472637597,-9.65662325611156,-3.81639338691316
11540.0,241.2107416664335,245.97752734952397,220.0,208.0,0.8999691762777629,8.0,-2.8633520558670877,-9.65451709973231,-3.813428546472369
11550.0,241.2048820914838,245.96797499011305,220.0,208.0,0.8991370847835493,8.0,-2.859914380037345,-9.652418814756096,-3.8104743189034025
11560.0,241.1990439935958,245.95845732408716,220.0,208.0,0.8983073014473382,8.0,-2.8564884004725677,-9.650328372685335,-3.8075306643930844
11570.0,241.1932272981904,245.94897422729085,220.0,208.0,0.8974798198664763,8.0,-2.8530740726953825,-9.648245745135872,-3.8045975432803516
11580.0,241.18743193096444,245.93952557603433,220.0,208.0,0.8966546336560708,8.0,-2.849671352425778,-9.646170903836374,-3.801674916055913
11590.0,241.18165781788946,245.93011124709176,220.0,208.0,0.8958317364489401,8.0,-2.846280195580077,-9.644103820627773,-3.79876274336184
11600.0,241.17590488521043,245.92073111769943,220.0,208.0,0.8950111218955645,8.0,-2.8429005582698927,-9.642044467462688,-3.795860985991203
11610.0,241.17017305944435,245.91138506555404,220.0,208.0,0.8941927836640376,8.0,-2.8395323968010944,-9.639992816404822,-3.7929696048877535
11620.0,241.1644622673791,245.90207296881084,220.0,208.0,0.8933767154400172,8.0,-2.836175667672797,-9.637948839628448,-3.790088561145399
11630.0,241.158772436072,245.89279470608196,220.0,208.0,0.8925629109266764,8.0,-2.832830327576334,-9.635912509417809,-3.787217816007956
11640.0,241.1531034928488,245.88355015643458,220.0,208.0,0.8917513638446553,8.0,-2.8294963333942587,-9.633883798166584,-3.784357330868625
11650.0,241.1474553653021,245.8743391993892,220.0,208.0,0.8909420679320127,8.0,-2.8261736421993295,-9.63186267837732,-3.781507067269672
11660.0,241.14182798129036,245.8651617149179,220.0,208.0,0.8901350169441773,8.0,-2.8228622112535167,-9.629849122660875,-3.7786669869020217
11670.0,241.13622126893654,245.85601758344256,220.0,208.0,0.8893302046538997,8.0,-2.8195619980070155,-9.6278431037359,-3.775837051604822
11680.0,241.13063515662694,245.8469066858332,220.0,208.0,0.8885276248512046,8.0,-2.816272960097264,-9.625844594428283,-3.773017223365014
11690.0,241.1250695730099,245.83782890340615,220.0,208.0,0.8877272713433428,8.0,-2.8129950553479546,-9.623853567670608,-3.770207464316991
11700.0,241.11952444699472,245.8287841179223,220.0,208.0,0.8869291379547428,8.0,-2.809728241768071,-9.621869996501632,-3.7674077367420753
11710.0,241.11399970775028,245.81977221158553,220.0,208.0,0.8861332185269644,8.0,-2.8064724775509213,-9.61989385406575,-3.764618003068199
11720.0,241.10849528470405,245.81079306704078,220.0,208.0,0.8853395069186496,8.0,-2.8032277210731786,-9.61792511361249,-3.7618382258693828
11730.0,241.10301110754074,245.8018465673725,220.0,208.0,0.8845479970054768,8.0,-2.7999939308939235,-9.61596374849595,-3.759068367865416
11740.0,241.0975471062012,245.7929325961029,220.0,208.0,0.8837586826801125,8.0,-2.7967710657536995,-9.614009732174324,-3.756308391921357
11750.0,241.0921032108813,245.78405103719015,220.0,208.0,0.8829715578521644,8.0,-2.793559084573576,-9.61206303820937,-3.7535582610470786
11760.0,241.0866793520307,245.77520177502677,220.0,208.0,0.8821866164481345,8.0,-2.7903579464542054,-9.610123640265911,-3.7508179383968585
11770.0,241.08127546035172,245.76638469443793,220.0,208.0,0.8814038524113722,8.0,-2.787167610674899,-9.608191512111317,-3.74808738726897
11780.0,241.0758914667982,245.75759968067976,220.0,208.0,0.8806232597020278,8.0,-2.7839880366926972,-9.606266627615007,-3.745366571105251
11790.0,241.0705273025744,245.7488466194376,220.0,208.0,0.8798448322970056,8.0,-2.7808191841414565,-9.604348960747956,-3.7426554534905563
11800.0,241.06518289913384,245.74012539682434,220.0,208.0,0.8790685641899173,8.0,-2.7776610128309382,-9.602438485582208,-3.739953998152396
11810.0,241.05985818817823,245.73143589937888,220.0,208.0,0.8782944493910361,8.0,-2.7745134827458946,-9.600535176290363,-3.737262168960524
11820.0,241.05455310165627,245.72277801406423,220.0,208.0,0.87752248192725,8.0,-2.771376554045173,-9.59863900714511,-3.734579929926372
11830.0,241.04926757176264,245.71415162826602,220.0,208.0,0.8767526558420161,8.0,-2.7682501870608185,-9.596749952518724,-3.731907245202706
11840.0,241.0440015309369,245.70555662979078,220.0,208.0,0.8759849651953147,8.0,-2.7651343422971855,-9.594867986882617,-3.7292440790831054
11850.0,241.03875491186236,245.69699290686427,220.0,208.0,0.8752194040636029,8.0,-2.762028980430055,-9.59299308480683,-3.7265903960015296
11860.0,241.03352764746504,245.68846034812987,220.0,208.0,0.8744559665397693,8.0,-2.7589340623057494,-9.591125220959578,-3.723946160531864
11870.0,241.02831967091257,245.6799588426469,220.0,208.0,0.8736946467330888,8.0,-2.7558495489402626,-9.589264370106763,-3.721311337387465
11880.0,241.02313091561314,245.67148827988902,220.0,208.0,0.8729354387691761,8.0,-2.7527754015183876,-9.587410507111517,-3.718685891420705
11890.0,241.0179613152145,245.66304854974257,220.0,208.0,0.8721783367899414,8.0,-2.7497115813928676,-9.585563606933766,-3.7160697876224504
11900.0,241.01281080360283,245.65463954250492,220.0,208.0,0.8714233349535447,8.0,-2.7466580500835183,-9.583723644629714,-3.7134629911216734
11910.0,241.0076793149017,245.64626114888293,220.0,208.0,0.8706704274343506,8.0,-2.7436147692763853,-9.581890595351418,-3.7108654671849766
11920.0,241.00256678347114,245.63791325999122,220.0,208.0,0.8699196084228842,8.0,-2.740581700822903,-9.580064434346346,-3.7082771812160673
11930.0,240.99747314390646,245.62959576735068,220.0,208.0,0.8691708721257847,8.0,-2.7375588067390377,-9.578245136956898,-3.7056980987553745
11940.0,240.99239833103738,245.62130856288678,220.0,208.0,0.8684242127657625,8.0,-2.734546049204466,-9.57643267861998,-3.703128185479523
11950.0,240.9873422799269,245.61305153892798,220.0,208.0,0.8676796245815535,8.0,-2.7315433905617312,-9.574627034866541,-3.700567407200856
11960.0,240.98230492587038,245.60482458820417,220.0,208.0,0.8669371018278743,8.0,-2.72855079331542,-9.57282818132115,-3.6980157298670293
11970.0,240.97728620439446,245.59662760384506,220.0,208.0,0.8661966387753794,8.0,-2.725568220131343,-9.571036093701538,-3.695473119560484
11980.0,240.97228605125616,245.5884604793786,220.0,208.0,0.8654582297106155,8.0,-2.7225956338357187,-9.569250747818192,-3.692939542497948
11990.0,240.9673044024418,245.58032310872937,220.0,208.0,0.8647218689359781,8.0,-2.7196329974143567,-9.56747211957389,-3.6904149650300497
12000.0,240.9623411941661,245.57221538621712,220.0,208.0,0.8639875507696677,8.0,-2.7166802740118516,-9.565700184963283,-3.687899353640819
12010.0,240.95739636287112,245.56413720655505,220.0,208.0,0.8632552695456451,8.0,-2.713737426930785,-9.563934920072478,-3.6853926749471384
12020.0,240.95246984522538,245.55608846484833,220.0,208.0,0.8625250196135887,8.0,-2.710804419630922,-9.562176301078596,-3.6828948956983596
12030.0,240.94756157812282,245.54806905659257,220.0,208.0,0.8617967953388503,8.0,-2.707881215728421,-9.560424304249363,-3.680405982775801
12040.0,240.94267149868188,245.54007887767222,220.0,208.0,0.8610705911024119,8.0,-2.7049677789950457,-9.558678905942685,-3.677925903192272
12050.0,240.9377995442446,245.53211782435903,220.0,208.0,0.8603464013008422,8.0,-2.7020640733573877,-9.556940082606246,-3.675454624091549
12060.0,240.9329456523756,245.52418579331055,220.0,208.0,0.8596242203462532,8.0,-2.699170062896079,-9.555207810777077,-3.672992112747966
12070.0,240.92810976086116,245.51628268156855,220.0,208.0,0.8589040426662574,8.0,-2.6962857118450216,-9.553482067081157,-3.6705383365659148
12080.0,240.92329180770835,245.50840838655756,220.0,208.0,0.8581858627039247,8.0,-2.6934109845906224,-9.551762828233008,-3.668093263079368
12090.0,240.91849173114397,245.50056280608325,220.0,208.0,0.8574696749177396,8.0,-2.690545845671017,-9.550050071035262,-3.665656859951423
12100.0,240.9137094696138,245.492745838331,220.0,208.0,0.8567554737815581,8.0,-2.6876902597753234,-9.548343772378312,-3.663229094973758
12110.0,240.90894496178151,245.48495738186432,220.0,208.0,0.8560432537845655,8.0,-2.6848441917428767,-9.546643909239847,-3.6608099360662436
12120.0,240.90419814652793,245.47719733562343,220.0,208.0,0.8553330094312336,8.0,-2.6820076065624825,-9.54495045868452,-3.6583993512763984
12130.0,240.89946896294998,245.46946559892368,220.0,208.0,0.8546247352412782,8.0,-2.6791804693716657,-9.543263397863491,-3.655997308778956
12140.0,240.89475735035992,245.46176207145407,220.0,208.0,0.8539184257496174,8.0,-2.676362745455939,-9.541582704014099,-3.6536037768753205
12150.0,240.89006324828432,245.45408665327585,220.0,208.0,0.8532140755063287,8.0,-2.673554400248046,-9.539908354459406,-3.6512187239932246
12160.0,240.8853865964633,245.4464392448209,220.0,208.0,0.8525116790766072,8.0,-2.6707553993272484,-9.538240326607875,-3.6488421186860935
12170.0,240.8807273348495,245.43881974689037,220.0,208.0,0.851811231040724,8.0,-2.6679657084185764,-9.53657859795292,-3.6464739296327027
12180.0,240.8760854036074,245.43122806065315,220.0,208.0,0.8511127259939841,8.0,-2.6651852933921263,-9.534923146072584,-3.644114125636611
12190.0,240.87146074311227,245.4236640876444,220.0,208.0,0.8504161585466844,8.0,-2.6624141202623193,-9.53327394862912,-3.641762675625705
12200.0,240.8668532939494,245.4161277297641,220.0,208.0,0.8497215233240727,8.0,-2.6596521551871932,-9.53163098336862,-3.6394195486517678
12210.0,240.8622629969132,245.4086188892756,220.0,208.0,0.8490288149663059,8.0,-2.6568993644676926,-9.529994228120659,-3.637084713889931
12220.0,240.85768979300636,245.4011374688042,220.0,208.0,0.8483380281284086,8.0,-2.6541557145469574,-9.528363660797897,-3.6347581406382687
12230.0,240.85313362343902,245.39368337133567,220.0,208.0,0.8476491574802321,8.0,-2.6514211720096172,-9.526739259395724,-3.6324397983173187
12240.0,240.8485944296279,245.38625650021478,220.0,208.0,0.846962197706413,8.0,-2.648695703581098,-9.52512100199189,-3.6301296564695122
12250.0,240.8440721531954,245.37885675914399,220.0,208.0,0.8462771435063323,8.0,-2.6459792761269147,-9.523508866746129,-3.627827684758859
12260.0,240.83956673596893,245.37148405218184,220.0,208.0,0.8455939895940747,8.0,-2.6432718566519906,-9.521902831899808,-3.62553385297033
12270.0,240.83507811997987,245.36413828374174,220.0,208.0,0.8449127306983875,8.0,-2.6405734122999625,-9.520302875775553,-3.6232481310094955
12280.0,240.83060624746292,245.35681935859034,220.0,208.0,0.8442333615626397,8.0,-2.637883910352502,-9.518708976776914,-3.620970488901935
12290.0,240.82615106085518,245.3495271818463,220.0,208.0,0.8435558769447826,8.0,-2.635203318228631,-9.51712111338797,-3.6187008967928933
12300.0,240.82171250279538,245.3422616589788,220.0,208.0,0.8428802716173077,8.0,-2.6325316034840487,-9.515539264173015,-3.616439324946737
12310.0,240.817290516123,245.33502269580612,220.0,208.0,0.8422065403672079,8.0,-2.629868733810455,-9.513963407776156,-3.614185743746498
12320.0,240.81288504387754,245.3278101984943,220.0,208.0,0.8415346779959358,8.0,-2.627214677034887,-9.512393522921018,-3.6119401236933983
12330.0,240.80849602929771,245.3206240735557,220.0,208.0,0.8408646793193654,8.0,-2.6245694011190563,-9.510829588410354,-3.6097024354063936
12340.0,240.80412341582058,245.31346422784773,220.0,208.0,0.8401965391677501,8.0,-2.6219328741586807,-9.509271583125726,-3.607472649621718
12350.0,240.79976714708084,245.30633056857133,220.0,208.0,0.8395302523856844,8.0,-2.619305064382837,-9.50771948602713,-3.605250737192387
12360.0,240.79542716690995,245.29922300326967,220.0,208.0,0.838865813832063,8.0,-2.6166859401532956,-9.506173276152676,-3.603036669087783
12370.0,240.7911034193354,245.29214143982676,220.0,208.0,0.8382032183800422,8.0,-2.614075469963885,-9.504632932618252,-3.6008304163930918
12380.0,240.78679584857994,245.28508578646614,220.0,208.0,0.8375424609169992,8.0,-2.6114736224398363,-9.503098434617163,-3.598631950308959
12390.0,240.78250439906077,245.27805595174948,220.0,208.0,0.8368835363444939,8.0,-2.608880366337146,-9.50156976141981,-3.596441242150968
12400.0,240.77822901538877,245.2710518445752,220.0,208.0,0.8362264395782282,8.0,-2.6062956705419382,-9.50004689237336,-3.5942582633491384
12410.0,240.77396964236777,245.26407337417723,220.0,208.0,0.8355711655480078,8.0,-2.6037195040698258,-9.498529806901402,-3.5920829854475644
12420.0,240.76972622499375,245.25712045012355,220.0,208.0,0.8349177091977027,8.0,-2.601151836065284,-9.497018484503617,-3.589915380103844
12430.0,240.76549870845406,245.25019298231496,220.0,208.0,0.8342660654852082,8.0,-2.598592635801021,-9.49551290475546,-3.587755419088717
12440.0,240.76128703812674,245.24329088098366,220.0,208.0,0.833616229382406,8.0,-2.596041872677355,-9.494013047307822,-3.585603074285541
12450.0,240.7570911595797,245.236414056692,220.0,208.0,0.8329681958751254,8.0,-2.593499516221591,-9.492518891886709,-3.5834583176898605
12460.0,240.75291101857,245.22956242033118,220.0,208.0,0.8323219599631045,8.0,-2.590965536087412,-9.49103041829293,-3.581321121408951
12470.0,240.74874656104308,245.22273588311978,220.0,208.0,0.8316775166599522,8.0,-2.5884399020542546,-9.489547606401747,-3.5791914576613637
12480.0,240.74459773313208,245.2159343566027,220.0,208.0,0.8310348609931086,8.0,-2.585922584026706,-9.488070436162586,-3.5770692987764963
12490.0,240.74046448115706,245.20915775264962,220.0,208.0,0.830393988003808,8.0,-2.5834135520339014,-9.486598887598708,-3.574954617194044
12500.0,240.73634675162424,245.20240598345387,220.0,208.0,0.8297548927470393,8.0,-2.580912776228908,-9.485132940806883,-3.572847385463706
12510.0,240.73224449122537,245.1956789615311,220.0,208.0,0.8291175702915089,8.0,-2.578420226888145,-9.48367257595711,-3.570747576244571
12520.0,240.72815764683688,245.18897659971788,220.0,208.0,0.828482015719602,8.0,-2.5759358744107645,-9.482217773292243,-3.568655162304799
12530.0,240.72408616551925,245.18229881117063,220.0,208.0,0.8278482241273453,8.0,-2.5734596893180797,-9.48076851312775,-3.5665701165210977
12540.0,240.7200299945163,245.17564550936416,220.0,208.0,0.8272161906243679,8.0,-2.5709916422529617,-9.47932477585136,-3.564492411878291
12550.0,240.7159890812544,245.1690166080905,220.0,208.0,0.8265859103338653,8.0,-2.568531703979263,-9.477886541922777,-3.562422021468865
12560.0,240.71196337334186,245.16241202145758,220.0,208.0,0.8259573783925606,8.0,-2.5660798453812266,-9.476453791873363,-3.5603589184925797
12570.0,240.7079528185681,245.15583166388805,220.0,208.0,0.8253305899506669,8.0,-2.5636360374629064,-9.475026506305827,-3.5583030762559704
12580.0,240.70395736490306,245.1492754501179,220.0,208.0,0.8247055401718507,8.0,-2.5612002513476018,-9.473604665893955,-3.5562544681718693
12590.0,240.6999769604965,245.14274329519534,220.0,208.0,0.824082224233194,8.0,-2.5587724582772755,-9.472188251382283,-3.554213067759065
12600.0,240.69601155367724,245.13623511447952,220.0,208.0,0.823460637325157,8.0,-2.5563526296119803,-9.470777243585799,-3.552178848641825
12610.0,240.69206109295243,245.12975082363923,220.0,208.0,0.8228407746515413,8.0,-2.553940736829299,-9.469371623389643,-3.5501517845494392
12620.0,240.68812552700703,245.1232903386517,220.0,208.0,0.8222226314294528,8.0,-2.5515367515237837,-9.46797137174885,-3.5481318493157463
12630.0,240.684204804703,245.11685357580149,220.0,208.0,0.8216062028892651,8.0,-2.5491406454063887,-9.466576469688011,-3.546119016878788
12640.0,240.68029887507865,245.110440451679,220.0,208.0,0.8209914842745819,8.0,-2.5467523903039178,-9.465186898300999,-3.5441132612802906
12650.0,240.6764076873479,245.10405088317955,220.0,208.0,0.820378470842201,8.0,-2.54437195815846,-9.463802638750671,-3.54211455666532
12660.0,240.67253119089978,245.09768478750195,220.0,208.0,0.8197671578620773,8.0,-2.5419993210268577,-9.462423672268606,-3.5401228772817377
12670.0,240.66866933529755,245.09134208214738,220.0,208.0,0.8191575406172867,8.0,-2.5396344510801407,-9.461049980154781,-3.538138197479862
12680.0,240.66482207027818,245.08502268491821,220.0,208.0,0.8185496144039895,8.0,-2.537277320602988,-9.459681543777306,-3.5361604917120304
12690.0,240.66098934575163,245.0787265139168,220.0,208.0,0.817943374531394,8.0,-2.5349279019931896,-9.458318344572138,-3.534189734532129
12700.0,240.65717111180018,245.0724534875442,220.0,208.0,0.8173388163217202,8.0,-2.532586167761099,-9.456960364042796,-3.532225900595222
12710.0,240.65336731867782,245.06620352449912,220.0,208.0,0.8167359351101643,8.0,-2.5302520905291055,-9.455607583760079,-3.5302689646570347
12720.0,240.64957791680956,245.05997654377663,220.0,208.0,0.816134726244862,8.0,-2.5279256430310983,-9.454259985361796,-3.5283189015736527
12730.0,240.64580285679077,245.05377246466702,220.0,208.0,0.8155351850868532,8.0,-2.525606798111931,-9.452917550552463,-3.5263756863010034
12740.0,240.64204208938656,245.04759120675465,220.0,208.0,0.8149373070100455,8.0,-2.523295528726905,-9.451580261103068,-3.5244392938944658
12750.0,240.63829556553117,245.04143268991675,220.0,208.0,0.8143410874011793,8.0,-2.520991807941238,-9.450248098850754,-3.5225096995084644
12760.0,240.6345632363272,245.03529683432225,220.0,208.0,0.8137465216597917,8.0,-2.518695608929542,-9.448921045698567,-3.5205868783960343
12770.0,240.63084505304516,245.0291835604307,220.0,208.0,0.813153605198181,8.0,-2.5164069049753097,-9.447599083615188,-3.518670805908437
12780.0,240.62714096712264,245.02309278899102,220.0,208.0,0.8125623334413719,8.0,-2.5141256694703933,-9.446282194634636,-3.516761457494704
12790.0,240.62345093016387,245.0170244410404,220.0,208.0,0.8119727018270789,8.0,-2.511851875914501,-9.444970360856043,-3.514858808701229
12800.0,240.6197748939389,245.01097843790316,220.0,208.0,0.8113847058056728,8.0,-2.509585497914673,-9.44366356444334,-3.512962835171402
12810.0,240.61611281038316,245.00495470118955,220.0,208.0,0.8107983408401442,8.0,-2.5073265091847863,-9.442361787625021,-3.511073512645112
12820.0,240.61246463159668,244.99895315279474,220.0,208.0,0.8102136024060692,8.0,-2.5050748835450456,-9.441065012693867,-3.5091908169584487
12830.0,240.6088303098436,244.99297371489757,220.0,208.0,0.8096304859915742,8.0,-2.502830594921483,-9.439773222006684,-3.507314724043181
12840.0,240.60520979755142,244.98701630995947,220.0,208.0,0.8090489870973012,8.0,-2.500593617345455,-9.438486397984033,-3.5054452099264384
12850.0,240.60160304731053,244.98108086072338,220.0,208.0,0.8084691012363734,8.0,-2.4983639249531517,-9.437204523109981,-3.5035822507302785
12860.0,240.5980100118735,244.97516729021257,220.0,208.0,0.8078908239343598,8.0,-2.496141491985101,-9.43592757993184,-3.501725822671256
12870.0,240.5944306441545,244.9692755217296,220.0,208.0,0.8073141507292414,8.0,-2.493926292785678,-9.434655551059905,-3.4998759020600803
12880.0,240.5908648972287,244.96340547885512,220.0,208.0,0.8067390771713763,8.0,-2.491718301802615,-9.433388419167189,-3.4980324653011396
12890.0,240.58731272433167,244.95755708544687,220.0,208.0,0.8061655988234656,8.0,-2.489517493586519,-9.432126166989185,-3.4961954888921585
12900.0,240.5837740788588,244.9517302656385,220.0,208.0,0.8055937112605195,8.0,-2.4873238427903908,-9.43086877732361,-3.4943649494237663
12910.0,240.58024891436463,244.9459249438386,220.0,208.0,0.8050234100698221,8.0,-2.4851373241691355,-9.429616233030128,-3.4925408235791795
12920.0,240.57673718456238,244.94014104472944,220.0,208.0,0.8044546908508988,8.0,-2.482957912579098,-9.42836851703013,-3.4907230881336546
12930.0,240.5732388433232,244.93437849326602,220.0,208.0,0.8038875492154809,8.0,-2.480785582977573,-9.427125612306455,-3.4889117199542627
12940.0,240.56975384467574,244.92863721467498,220.0,208.0,0.803321980787473,8.0,-2.478620310422348,-9.425887501903167,-3.487106695999387
12950.0,240.56628214280548,244.92291713445346,220.0,208.0,0.8027579812029181,8.0,-2.4764620700712223,-9.42465416892529,-3.4853079933183837
12960.0,240.56282369205414,244.91721817836807,220.0,208.0,0.8021955461099649,8.0,-2.474310837181544,-9.423425596538571,-3.483515589051149
12970.0,240.55937844691917,244.9115402724539,220.0,208.0,0.8016346711688337,8.0,-2.472166587109748,-9.422201767969236,-3.4817294604277778
12980.0,240.55594636205308,244.9058833430133,220.0,208.0,0.8010753520517828,8.0,-2.470029295310885,-9.420982666503722,-3.4799495847681783
12990.0,240.55252739226293,244.90024731661498,220.0,208.0,0.8005175844430756,8.0,-2.46789893733817,-9.419768275488469,-3.4781759394816394
13000.0,240.54912149250976,244.8946321200929,220.0,208.0,0.799961364038947,8.0,-2.465775488842522,-9.418558578329655,-3.4764085020665108
13010.0,240.54572861790797,244.8890376805452,220.0,208.0,0.7994066865475701,8.0,-2.4636589255721093,-9.417353558492971,-3.4746472501097743
13020.0,240.5423487237248,244.88346392533316,220.0,208.0,0.7988535476890231,8.0,-2.4615492233718963,-9.416153199503368,-3.472892161286677
13030.0,240.5389817653798,244.87791078208025,220.0,208.0,0.7983019431952566,8.0,-2.459446358183194,-9.414957484944818,-3.4711432133603695
13040.0,240.53562769844413,244.872378178671,220.0,208.0,0.7977518688100604,8.0,-2.457350306043217,-9.413766398460108,-3.469400384181495
13050.0,240.53228647864017,244.86686604324998,220.0,208.0,0.7972033202890305,8.0,-2.455261043084627,-9.412579923750554,-3.467663651687849
13060.0,240.52895806184085,244.86137430422087,220.0,208.0,0.7966562933995369,8.0,-2.4531785455351014,-9.411398044575806,-3.4659329939040164
13070.0,240.52564240406915,244.85590289024532,220.0,208.0,0.7961107839206903,8.0,-2.4511027897168876,-9.410220744753603,-3.464208388940938
13080.0,240.52233946149752,244.850451730242,220.0,208.0,0.7955667876433099,8.0,-2.449033752046368,-9.409048008159537,-3.4624898149955925
13090.0,240.51904919044736,244.84502075338565,220.0,208.0,0.7950243003698909,8.0,-2.4469714090336185,-9.407879818726824,-3.460777250350634
13100.0,240.51577154738845,244.8396098891059,220.0,208.0,0.7944833179145718,8.0,-2.444915737281982,-9.406716160446086,-3.459070673373958
13110.0,240.5125064889384,244.83421906708642,220.0,208.0,0.793943836103103,8.0,-2.4428667134876334,-9.40555701736509,-3.4573700625184074
13120.0,240.50925397186217,244.8288482172639,220.0,208.0,0.7934058507728132,8.0,-2.44082431443915,-9.404402373588564,-3.4556753963213853
13130.0,240.50601395307143,244.82349726982702,220.0,208.0,0.7928693577725784,8.0,-2.4387885170170915,-9.403252213277948,-3.453986653404468
13140.0,240.5027863896241,244.81816615521547,220.0,208.0,0.7923343529627895,8.0,-2.4367592981935653,-9.402106520651147,-3.4523038124730876
13150.0,240.49957123872383,244.81285480411896,220.0,208.0,0.7918008322153204,8.0,-2.4347366350318165,-9.400965279982357,-3.4506268523161
13160.0,240.49636845771937,244.8075631474763,220.0,208.0,0.7912687914134959,8.0,-2.4327205046857956,-9.399828475601803,-3.4489557518055336
13170.0,240.49317800410415,244.80229111647432,220.0,208.0,0.7907382264520602,8.0,-2.430710884399753,-9.39869609189552,-3.4472904898961363
13180.0,240.48999983551568,244.79703864254702,220.0,208.0,0.7902091332371454,8.0,-2.428707751507814,-9.397568113305148,-3.4456310456250776
13190.0,240.48683390973508,244.7918056573745,220.0,208.0,0.7896815076862393,8.0,-2.4267110834335757,-9.396444524327714,-3.4439773981115422
13200.0,240.4836801846865,244.78659209288205,220.0,208.0,0.7891553457281548,8.0,-2.424720857689685,-9.395325309515389,-3.442329526556432
13210.0,240.4805386184367,244.78139788123912,220.0,208.0,0.7886306433029973,8.0,-2.4227370518774416,-9.394210453475303,-3.440687410241935
13220.0,240.47740916919435,244.7762229548585,220.0,208.0,0.7881073963621346,8.0,-2.4207596436863783,-9.393099940869282,-3.4390510285313214
13230.0,240.4742917953097,244.77106724639526,220.0,208.0,0.7875856008681645,8.0,-2.4187886108938694,-9.391993756413692,-3.4374203608684413
13240.0,240.47118645527402,244.76593068874584,220.0,208.0,0.7870652527948852,8.0,-2.4168239313647217,-9.39089188487917,-3.435795386777454
13250.0,240.46809310771903,244.76081321504708,220.0,208.0,0.7865463481272622,8.0,-2.414865583050778,-9.389794311090464,-3.4341760858624415
13260.0,240.4650117114164,244.7557147586753,220.0,208.0,0.786028882861399,8.0,-2.4129135439905114,-9.388701019926154,-3.4325624378071327
13270.0,240.46194222527728,244.75063525324543,220.0,208.0,0.7855128530045057,8.0,-2.410967792308638,-9.387611996318496,-3.430954422374521
13280.0,240.45888460835184,244.74557463260996,220.0,208.0,0.7849982545748676,8.0,-2.4090283062157223,-9.386527225253191,-3.429352019406497
13290.0,240.45583881982864,244.7405328308581,220.0,208.0,0.7844850836018153,8.0,-2.40709506400778,-9.385446691769179,-3.427755208823555
13300.0,240.45280481903424,244.73550978231478,220.0,208.0,0.783973336125694,8.0,-2.4051680440658916,-9.384370380958421,-3.4261639706244296
13310.0,240.44978256543266,244.73050542153985,220.0,208.0,0.783463008197832,8.0,-2.403247224855817,-9.3832982779657,-3.4245782848857518
13320.0,240.4467720186249,244.72551968332704,220.0,208.0,0.7829540958805115,8.0,-2.4013325849276095,-9.382230367988432,-3.4229981317617106
13330.0,240.44377313834843,244.72055250270313,220.0,208.0,0.7824465952469372,8.0,-2.399424102915228,-9.381166636276422,-3.4214234914837562
13340.0,240.4407858844767,244.71560381492702,220.0,208.0,0.7819405023812067,8.0,-2.397521757536158,-9.380107068131682,-3.4198543443602603
13350.0,240.43781021701864,244.71067355548882,220.0,208.0,0.78143581337828,8.0,-2.395625527591032,-9.37905164890823,-3.4182906707761505
13360.0,240.43484609611824,244.70576166010898,220.0,208.0,0.7809325243439493,8.0,-2.3937353919632565,-9.378000364011887,-3.4167324511925927
13370.0,240.43189348205397,244.7008680647373,220.0,208.0,0.7804306313948093,8.0,-2.3918513296186297,-9.376953198900063,-3.4151796661466736
13380.0,240.42895233523834,244.6959927055522,220.0,208.0,0.7799301306582263,8.0,-2.389973319604967,-9.375910139081565,-3.4136322962510803
13390.0,240.42602261621744,244.69113551895967,220.0,208.0,0.7794310182723095,8.0,-2.388101341051737,-9.374871170116394,-3.4120903221937855
13400.0,240.42310428567043,244.68629644159253,220.0,208.0,0.7789332903858809,8.0,-2.3862353731696886,-9.373836277615554,-3.410553724737679
13410.0,240.4201973044091,244.68147541030942,220.0,208.0,0.7784369431584448,8.0,-2.3843753952504803,-9.372805447240852,-3.4090224847202535
13420.0,240.41730163337735,244.676672362194,220.0,208.0,0.7779419727601591,8.0,-2.382521386666319,-9.371778664704697,-3.40749658305333
13430.0,240.4144172336507,244.6718872345541,220.0,208.0,0.7774483753718054,8.0,-2.3806733268695894,-9.37075591576989,-3.405976000722717
13440.0,240.41154406643597,244.66711996492074,220.0,208.0,0.7769561471847592,8.0,-2.378831195392503,-9.369737186249465,-3.404460718787823
13450.0,240.40868209307055,244.6623704910474,220.0,208.0,0.7764652844009614,8.0,-2.376994971846725,-9.368722462006458,-3.402950718381476
13460.0,240.40583127502217,244.6576387509091,220.0,208.0,0.775975783232888,8.0,-2.375164635923023,-9.367711728953726,-3.4014459807095365
13470.0,240.40299157388833,244.65292468270144,220.0,208.0,0.775487639903521,8.0,-2.373340167390913,-9.366704973053778,-3.3999464870504883
13480.0,240.40016295139588,244.64822822483998,220.0,208.0,0.7750008506463204,8.0,-2.371521546098304,-9.365702180318554,-3.3984522187552786
13490.0,240.39734536940048,244.6435493159592,220.0,208.0,0.7745154117051936,8.0,-2.3697087519711357,-9.36470333680923,-3.396963157246978
13500.0,240.3945387898862,244.6388878949117,220.0,208.0,0.7740313193344673,8.0,-2.3679017650130394,-9.363708428636054,-3.395479284020394
13510.0,240.39174317496511,244.63424390076736,220.0,208.0,0.7735485697988588,8.0,-2.3661005653049854,-9.362717441958145,-3.394000580641796
13520.0,240.38895848687673,244.62961727281254,220.0,208.0,0.7730671593734462,8.0,-2.3643051330049367,-9.36173036298331,-3.3925270287486455
13530.0,240.38618468798762,244.6250079505492,220.0,208.0,0.7725870843436403,8.0,-2.362515448347498,-9.360747177967848,-3.391058610049254
13540.0,240.3834217407909,244.62041587369404,220.0,208.0,0.7721083410051565,8.0,-2.3607314916435755,-9.359767873216345,-3.389595306322508
13550.0,240.3806696079059,244.6158409821778,220.0,208.0,0.7716309256639848,8.0,-2.358953243280041,-9.358792435081554,-3.388137099417509
13560.0,240.37792825207757,244.61128321614424,220.0,208.0,0.7711548346363628,8.0,-2.357180683719381,-9.357820849964131,-3.3866839712533423
13570.0,240.37519763617613,244.60674251594955,220.0,208.0,0.7706800642487461,8.0,-2.3554137934993675,-9.356853104312506,-3.3852359038187387
13580.0,240.3724777231966,244.6022188221613,220.0,208.0,0.7702066108377806,8.0,-2.353652553232715,-9.355889184622685,-3.383792879171756
13590.0,240.36976847625837,244.59771207555778,220.0,208.0,0.769734470750274,8.0,-2.351896943606753,-9.354929077438051,-3.382354879439527
13600.0,240.36706985860474,244.59322221712716,220.0,208.0,0.7692636403431679,8.0,-2.350146945383083,-9.35397276934921,-3.3809218868179416
13610.0,240.36438183360244,244.58874918806666,220.0,208.0,0.7687941159835091,8.0,-2.3484025393972523,-9.353020246993783,-3.3794938835713766
13620.0,240.3617043647413,244.58429292978172,220.0,208.0,0.7683258940484223,8.0,-2.34666370655843,-9.352071497056254,-3.378070852032329
13630.0,240.35903741563376,244.57985338388528,220.0,208.0,0.7678589709250814,8.0,-2.3449304278490652,-9.351126506267772,-3.3766527746012116
13640.0,240.3563809500144,244.5754304921969,220.0,208.0,0.7673933430106824,8.0,-2.3432026843245777,-9.35018526140598,-3.3752396337459913
13650.0,240.35373493173955,244.57102419674197,220.0,208.0,0.7669290067124148,8.0,-2.341480457113019,-9.34924774929484,-3.373831412001937
13660.0,240.35109932478687,244.56663443975108,220.0,208.0,0.7664659584474347,8.0,-2.3397637274147565,-9.34831395680445,-3.3724280919713694
13670.0,240.34847409325488,244.56226116365897,220.0,208.0,0.7660041946428364,8.0,-2.3380524765021486,-9.347383870850871,-3.3710296563232762
13680.0,240.34585920136257,244.55790431110398,220.0,208.0,0.7655437117356254,8.0,-2.336346685719229,-9.346457478395955,-3.3696360877931286
13690.0,240.34325461344898,244.5535638249271,220.0,208.0,0.7650845061726904,8.0,-2.3346463364813874,-9.345534766447173,-3.3682473691824955
13700.0,240.34066029397275,244.5492396481713,220.0,208.0,0.7646265744107765,8.0,-2.3329514102750517,-9.34461572205744,-3.3668634833588387
13710.0,240.3380762075117,244.54493172408073,220.0,208.0,0.7641699129164572,8.0,-2.3312618886573735,-9.34370033232493,-3.365484413255217
13720.0,240.33550231876245,244.5406399960999,220.0,208.0,0.7637145181661076,8.0,-2.329577753255914,-9.342788584392926,-3.3641101418699693
13730.0,240.33293859253993,244.53636440787304,220.0,208.0,0.7632603866458771,8.0,-2.3278989857683356,-9.341880465449627,-3.3627406522664844
13740.0,240.33038499377705,244.53210490324318,220.0,208.0,0.7628075148516622,8.0,-2.326225567962089,-9.340975962727999,-3.361375927572908
13750.0,240.32784148752418,244.5278614262515,220.0,208.0,0.7623558992890797,8.0,-2.324557481674104,-9.340075063505582,-3.360015950981847
13760.0,240.32530803894892,244.52363392113648,220.0,208.0,0.7619055364734391,8.0,-2.322894708810492,-9.339177755104366,-3.358660705750049
13770.0,240.32278461333544,244.5194223323333,220.0,208.0,0.7614564229297165,8.0,-2.321237231346223,-9.338284024890559,-3.3573101751982906
13780.0,240.3202711760843,244.51522660447293,220.0,208.0,0.7610085551925274,8.0,-2.3195850313248414,-9.33739386027447,-3.3559643427109
13790.0,240.3177676927119,244.51104668238142,220.0,208.0,0.7605619298061002,8.0,-2.3179380908581493,-9.336507248710324,-3.354623191735618
13800.0,240.31527412885012,244.50688251107923,220.0,208.0,0.7601165433242488,8.0,-2.316296392125914,-9.335624177696104,-3.353286705783285
13810.0,240.3127904502459,244.50273403578043,220.0,208.0,0.7596723923103472,8.0,-2.3146599173755615,-9.33474463477336,-3.351954868427629
13820.0,240.3103166227609,244.49860120189197,220.0,208.0,0.759229473337302,8.0,-2.31302864892189,-9.33386860752709,-3.350627663304863
13830.0,240.307852612371,244.49448395501292,220.0,208.0,0.7587877829875261,8.0,-2.311402569146764,-9.332996083585542,-3.349305074113545
13840.0,240.30539838516597,244.49038224093383,220.0,208.0,0.7583473178529131,8.0,-2.309781660498823,-9.332127050620059,-3.3479870846142834
13850.0,240.30295390734906,244.48629600563586,220.0,208.0,0.7579080745348098,8.0,-2.3081659054931882,-9.33126149634492,-3.3466736786294407
13860.0,240.3005191452366,244.4822251952902,220.0,208.0,0.757470049643991,8.0,-2.3065552867111725,-9.330399408517183,-3.345364840042885
13870.0,240.29809406525757,244.47816975625722,220.0,208.0,0.7570332398006329,8.0,-2.3049497867999906,-9.329540774936518,-3.344060552799715
13880.0,240.2956786339533,244.47412963508586,220.0,208.0,0.7565976416342869,8.0,-2.303349388472466,-9.328685583445044,-3.342760800906058
13890.0,240.2932728179769,244.47010477851285,220.0,208.0,0.7561632517838539,8.0,-2.301754074506747,-9.327833821927175,-3.3414655684287484
13900.0,240.29087658409316,244.46609513346203,220.0,208.0,0.7557300668975582,8.0,-2.3001638277460223,-9.326985478309473,-3.340174839495103
13910.0,240.28848989917785,244.4621006470436,220.0,208.0,0.7552980836329217,8.0,-2.2985786310982377,-9.326140540560466,-3.3388885982926015
13920.0,240.28611273021752,244.45812126655343,220.0,208.0,0.7548672986567382,8.0,-2.2969984675358055,-9.325298996690508,-3.3376068290687275
13930.0,240.2837450443091,244.4541569394724,220.0,208.0,0.7544377086450471,8.0,-2.2954233200953316,-9.324460834751621,-3.33632951613065
13940.0,240.28138680865936,244.4502076134656,220.0,208.0,0.7540093102831088,8.0,-2.293853171877328,-9.32362604283732,-3.3350566438449962
13950.0,240.2790379905848,244.44627323638178,220.0,208.0,0.7535821002653781,8.0,-2.2922880060459443,-9.322794609082496,-3.3337881966375793
13960.0,240.27669855751108,244.4423537562525,220.0,208.0,0.7531560752954793,8.0,-2.290727805828683,-9.321966521663237,-3.332524158993124
13970.0,240.27436847697263,244.43844912129148,220.0,208.0,0.7527312320861808,8.0,-2.2891725545161243,-9.321141768796666,-3.3312645154550866
13980.0,240.27204771661232,244.43455927989405,220.0,208.0,0.7523075673593689,8.0,-2.2876222354616496,-9.3203203387408,-3.3300092506253804
13990.0,240.26973624418116,244.43068418063626,220.0,208.0,0.7518850778460239,8.0,-2.286076832081178,-9.319502219794412,-3.3287583491640818
14000.0,240.2674340275378,244.42682377227433,220.0,208.0,0.7514637602861935,8.0,-2.2845363278528863,-9.318687400296852,-3.3275117957892237
14010.0,240.2651410346482,244.42297800374388,220.0,208.0,0.7510436114289688,8.0,-2.2830007063169355,-9.317875868627906,-3.3262695752765468
14020.0,240.2628572335853,244.41914682415936,220.0,208.0,0.7506246280324582,8.0,-2.281469951075215,-9.317067613207664,-3.3250316724592497
14030.0,240.26058259252858,244.41533018281328,220.0,208.0,0.7502068068637631,8.0,-2.279944045791061,-9.316262622496335,-3.32379807222776
14040.0,240.25831707976374,244.4115280291756,220.0,208.0,0.7497901446989524,8.0,-2.2784229741889974,-9.315460884994126,-3.322568759529486
14050.0,240.25606066368235,244.407740312893,220.0,208.0,0.7493746383230386,8.0,-2.2769067200544733,-9.314662389241095,-3.3213437193685196
14060.0,240.25381331278138,244.40396698378828,220.0,208.0,0.7489602845299518,8.0,-2.2753952672335895,-9.313867123816966,-3.320122936805524
14070.0,240.25157499566296,244.40020799185965,220.0,208.0,0.7485470801225155,8.0,-2.273888599632848,-9.313075077341034,-3.3189063969573454
14080.0,240.249345681034,244.39646328728008,220.0,208.0,0.748135021912422,8.0,-2.272386701218885,-9.312286238471993,-3.317694084996879
14090.0,240.2471253377057,244.39273282039667,220.0,208.0,0.747724106720208,8.0,-2.2708895560182136,-9.311500595907782,-3.3164859861527702
14100.0,240.24491393459337,244.38901654172997,220.0,208.0,0.7473143313752293,8.0,-2.2693971481169557,-9.310718138385447,-3.315282085709282
14110.0,240.2427114407159,244.38531440197332,220.0,208.0,0.7469056927156371,8.0,-2.2679094616606,-9.309938854681,-3.314082369005928
14120.0,240.24051782519558,244.3816263519922,220.0,208.0,0.7464981875883534,8.0,-2.266426480853739,-9.309162733609277,-3.3128868214372917
14130.0,240.23833305725753,244.37795234282362,220.0,208.0,0.7460918128490466,8.0,-2.264948189959809,-9.308389764023778,-3.3116954284528677
14140.0,240.2361571062296,244.37429232567547,220.0,208.0,0.7456865653621069,8.0,-2.2634745733008512,-9.30761993481656,-3.310508175556697
14150.0,240.23398994154175,244.3706462519258,220.0,208.0,0.7452824420006227,8.0,-2.262005615257241,-9.30685323491804,-3.3093250483072327
14160.0,240.23183153272592,244.36701407312228,220.0,208.0,0.7448794396463563,8.0,-2.2605413002674544,-9.306089653296915,-3.308146032317086
14170.0,240.22968184941553,244.36339574098153,220.0,208.0,0.7444775551897195,8.0,-2.2590816128278073,-9.305329178959967,-3.306971113252803
14180.0,240.22754086134523,244.35979120738847,220.0,208.0,0.74407678552975,8.0,-2.2576265374922144,-9.30457180095197,-3.3058002768345887
14190.0,240.2254085383505,244.3562004243957,220.0,208.0,0.7436771275740874,8.0,-2.256176058871939,-9.303817508355511,-3.3046335088361505
14200.0,240.2232848503673,244.35262334422288,220.0,208.0,0.7432785782389493,8.0,-2.2547301616353423,-9.303066290290863,-3.303470795084468
14210.0,240.22116976743172,244.3490599192561,220.0,208.0,0.7428811344491071,8.0,-2.2532888305076493,-9.302318135915865,-3.3023121214594995
14220.0,240.21906325967967,244.34551010204726,220.0,208.0,0.7424847931378632,8.0,-2.2518520502706947,-9.301573034425752,-3.3011574738940683
14230.0,240.21696529734655,244.34197384531345,220.0,208.0,0.7420895512470264,8.0,-2.2504198057626903,-9.300830975053051,-3.3000068383735197
14240.0,240.21487585076682,244.33845110193633,220.0,208.0,0.7416954057268885,8.0,-2.248992081877976,-9.300091947067413,-3.2988602009356103
14250.0,240.21279489037377,244.3349418249615,220.0,208.0,0.7413023535362018,8.0,-2.2475688635667885,-9.299355939775507,-3.297717547670186
14260.0,240.2107223866991,244.33144596759792,220.0,208.0,0.7409103916421538,8.0,-2.2461501358350118,-9.298622942520861,-3.2965788647190495
14270.0,240.2086583103726,244.32796348321725,220.0,208.0,0.7405195170203454,8.0,-2.2447358837439473,-9.297892944683728,-3.295444138275707
14280.0,240.2066026321219,244.32449432535333,220.0,208.0,0.7401297266547667,8.0,-2.2433260924100806,-9.297165935680972,-3.2943133545851424
14290.0,240.20455532277194,244.32103844770148,220.0,208.0,0.7397410175377742,8.0,-2.241920747004835,-9.296441904965913,-3.2931864999436358
14300.0,240.20251635324485,244.31759580411796,220.0,208.0,0.7393533866700671,8.0,-2.2405198327543485,-9.295720842028196,-3.292063560698489
14310.0,240.20048569455946,244.31416634861932,220.0,208.0,0.7389668310606645,8.0,-2.239123334939234,-9.29500273639367,-3.2909445232478904
14320.0,240.1984633178311,244.3107500353819,220.0,208.0,0.7385813477268826,8.0,-2.2377312388943555,-9.294287577624255,-3.289829374040619
14330.0,240.19644919427117,244.30734681874108,220.0,208.0,0.7381969336943106,8.0,-2.236343530008586,-9.293575355317786,-3.288718099575931
14340.0,240.1944432951868,244.30395665319085,220.0,208.0,0.7378135859967894,8.0,-2.234960193724589,-9.292866059107915,-3.287610686403241
14350.0,240.19244559198063,244.30057949338314,220.0,208.0,0.7374313016763869,8.0,-2.2335812155385844,-9.292159678663959,-3.2865071211220087
14360.0,240.1904560561504,244.2972152941272,220.0,208.0,0.7370500777833768,8.0,-2.232206581000125,-9.291456203690778,-3.2854073903814425
14370.0,240.18847465928863,244.29386401038906,220.0,208.0,0.7366699113762148,8.0,-2.230836275711867,-9.29075562392865,-3.2843114808803424
14380.0,240.18650137308234,244.29052559729098,220.0,208.0,0.7362907995215162,8.0,-2.229470285329347,-9.290057929153125,-3.283219379366915
14390.0,240.18453616931265,244.2872000101108,220.0,208.0,0.7359127392940333,8.0,-2.228108595560755,-9.28936310917491,-3.2821310726385264
14400.0,240.18257901985453,244.28388720428146,220.0,208.0,0.7355357277766329,8.0,-2.2267511921667156,-9.288671153839733,-3.2810465475415413
