time_s,theta_rad,omega_rad_s,control_torque_Nm
0.0,0.6108652381980153,0.0,-0.008
0.05,0.6107819061667531,-0.003333255209798165,-0.008
0.1,0.6105319152808848,-0.00666635419010346,-0.008
0.15000000000000002,0.6101152733507132,-0.009999296993644326,-0.008
0.2,0.6095319881830263,-0.013332083708288317,-0.008
0.25,0.6087820675793406,-0.016664714457022334,-0.008
0.30000000000000004,0.6078655193341457,-0.019997189397924952,-0.008
0.35000000000000003,0.6067823512331507,-0.023329508724130837,-0.008
0.4,0.6055325710515327,-0.02666167266378732,-0.008
0.45,0.6041161865521869,-0.02999368148000305,-0.008
0.5,0.6025332054839804,-0.03332553547078878,-0.008
0.55,0.6007836355800086,-0.03665723496899036,-0.008
0.6000000000000001,0.5988674845558551,-0.03998878034221378,-0.008
0.65,0.5967847601078562,-0.04332017199274253,-0.008
0.7000000000000001,0.5945354699113686,-0.04665141035744706,-0.008
0.75,0.5921196216190432,-0.04998249590768646,-0.008
0.8,0.5895372228591026,-0.05331342914920246,-0.008
0.8500000000000001,0.5867882812336253,-0.05664421062200557,-0.008
0.9,0.583872804316835,-0.05997484090025366,-0.008
0.9500000000000001,0.5807907996533964,-0.06330532059212271,-0.008
1.0,0.5775422747567182,-0.06663565033967002,-0.008
1.05,0.5741272371072615,-0.06996583081868972,-0.008
1.1,0.5705456941508582,-0.07329586273856073,-0.008
1.1500000000000001,0.5667976532970344,-0.07662574684208714,-0.008
1.2000000000000002,0.5628831219173439,-0.07995548390533112,-0.008
1.25,0.5588021073437097,-0.08328507473743825,-0.008
1.3,0.5545546168667742,-0.08661452018045554,-0.008
1.35,0.5501406577342589,-0.0899438211091419,-0.008
1.4000000000000001,0.5455602371493334,-0.09327297843077137,-0.008
1.4500000000000002,0.5408133622689952,-0.09660199308492895,-0.008
1.5,0.5359000402024592,-0.09993086604329923,-0.008
1.55,0.530821147069752,-0.1032017829227639,-0.00766849177827145
1.6,0.5255827117879313,-0.10630743789753866,-0.007262886321834845
1.6500000000000001,0.5201931915116168,-0.1092457975166823,-0.00686613194401392
1.7000000000000002,0.5146608589394668,-0.1120205413440306,-0.006478182460661555
1.75,0.5089938032859453,-0.11463532891247262,-0.00609898778558055
1.8,0.503199931322969,-0.11709379813100268,-0.0057284940892088545
1.85,0.49728696849955817,-0.11939956375727995,-0.005366643954404348
1.9000000000000001,0.49126246013624747,-0.12155621593448719,-0.005013376529328447
1.9500000000000002,0.4851337726910715,-0.12356731879128002,-0.004668627677429742
2.0,0.4789080950940005,-0.12543640910361886,-0.004332330124530506
2.0500000000000003,0.47259244014676277,-0.1271669950172775,-0.004004413603020684
2.1,0.4661936459850499,-0.12876255482982427,-0.0036848049931655566
2.15,0.4597183776001608,-0.13022653583087512,-0.0033734284615348133
2.2,0.45317312841720164,-0.13156235319942058,-0.003070205596562403
2.25,0.4465642219270172,-0.1327733889570339,-0.0027750555412478055
2.3000000000000003,0.4398978133690897,-0.1338629909757715,-0.002487895123010968
2.35,0.43317989146269975,-0.1348344720395829,-0.0022086389807143593
2.4000000000000004,0.4264162801837039,-0.13569110895805245,-0.0019371996888669207
2.45,0.41961264058434117,-0.1364361417313024,-0.0016734878790260442
2.5,0.41277447265353917,-0.1370727727648934,-0.0014174123584147023
2.5500000000000003,0.4059071172152501,-0.1376041661335658,-0.0011688802257722383
2.6,0.39901575786240223,-0.13803344689267308,-0.0009277969844582196
2.6500000000000004,0.392105422924111,-0.13836370043616777,-0.0006940666528299066
2.7,0.38518098746385115,-0.13859797190000772,-0.00046759187191491684
2.75,0.3782471753063457,-0.13873926560986072,-0.00024827401040151444
2.8000000000000003,0.3713085610909861,-0.13879054457199497,-3.6013266969983984e-05
2.85,0.3643695723496509,-0.13875473000625224,0.00016929123001065312
2.9000000000000004,0.3574344916068464,-0.13863470092001148,0.00036774132539552605
2.95,0.3505074585001474,-0.13843329372206098,0.0005594397427604557
3.0,0.343592471918968,-0.13815330187530797,0.0007444899924555978
3.0500000000000003,0.33669339215974914,-0.13779747558726635,0.0009229962821888336
3.1,0.32981394309569867,-0.1373685215372739,0.0010950634301109523
3.1500000000000004,0.3229577143592738,-0.136869102639403,0.0012607967803740273
3.2,0.3161281635356474,-0.13630183784004019,0.001420302121133794
3.25,0.3093286183654493,-0.13566930194912283,0.0015736856049663479
3.3000000000000003,0.30256227895512555,-0.134974025504033,0.0017210536716688752
3.35,0.2958322199933073,-0.13421849466516186,0.00186251297341373
3.4000000000000004,0.289141392971629,-0.1334051511421705,0.0019981703022247718
3.45,0.2824926284084877,-0.13253639214998642,0.0021281325197442837
3.5,0.27588863807427755,-0.13161457039358768,0.002252506489258687
3.5500000000000003,0.2693320172166856,-0.13064199408064076,0.0023713990099506945
3.6,0.2628252467846788,-0.12962092696107094,0.0024849167533453117
3.6500000000000004,0.25637069564985704,-0.1285535883926584,0.0025931662019169615
3.7,0.24997062282389593,-0.12744215343176618,0.0026962535898244176
3.75,0.24362717967084163,-0.12628875294832081,0.002794284845740417
3.8000000000000003,0.2373424121130695,-0.12509547376417976,0.0028873655377422954
3.85,0.23111826282975728,-0.12386435881403392,0.002975600820229995
3.9000000000000004,0.22495657344676673,-0.1225974073280078,0.003059095382837623
3.95,0.2188590867168707,-0.1212965750351339,0.0031379534013045917
4.0,0.21282744868930104,-0.11996377438689164,0.003212278490272301
4.05,0.20686321086763462,-0.11860087480001634,0.003282173657972269
4.1000000000000005,0.20096783235507365,-0.11720970291779684,0.0033477412627715376
4.15,0.19514268198621498,-0.11579204288909548,0.0034090829715411894
4.2,0.18938904044444038,-0.11434963666433766,0.0034662997198138014
4.25,0.18370810236409923,-0.11288418430773335,0.0035194916736956926
4.3,0.17810097841668926,-0.1113973443250061,0.003568758193499811
4.3500000000000005,0.17256869738027766,-0.10989073400592007,0.003614197799065276
4.4,0.16711220819144113,-0.10836592978090964,0.0036559081367295377
4.45,0.161732381979035,-0.10682446759112965,0.0036939859479193232
4.5,0.15643001407913928,-0.10526784327125965,0.0037285270393265938
4.55,0.15120582603055882,-0.10369751294440832,0.0037596262546359003
4.6000000000000005,0.14606046755028904,-0.1021148934284789,0.0037873774477696414
4.65,0.14099451848839042,-0.10052136265337044,0.003811873457617923
4.7,0.13600849076174393,-0.09891826008840282,0.0038332060842199076
4.75,0.13110283026619282,-0.09730688717936826,0.003851466066363677
4.800000000000001,0.12627791876660313,-0.09568850779462496,0.003866743060571903
4.8500000000000005,0.12153407576440564,-0.0940643486796624,0.0038791256214408235
4.9,0.11687156034220865,-0.09243559991958114,0.0038887011833002322
4.95,0.11229057298510113,-0.09080341540894371,0.0038955560431624633
5.0,0.10779125737828962,-0.08916891332846616,0.003899775344928604
5.050000000000001,0.10337370218074046,-0.08753317662803302,0.003901443064820428
5.1000000000000005,0.09903794277452396,-0.08589725351553189,0.0039006419980068324
5.15,0.09478396298958097,-0.08426215795101595,0.003897453746393847
5.2,0.0906116968036588,-0.0826288701457168,0.003891958707547581
5.25,0.08652103001718461,-0.08099833706544148,0.0038842360647197796
5.300000000000001,0.08251180190286886,-0.07937147293790073,0.003874363777945993
5.3500000000000005,0.07858380682985353,-0.0777491597635283,0.0038624185761866586
5.4,0.07473679586224041,-0.07613224782936212,0.0038484759504817576
5.45,0.0709704783318582,-0.0745215562255723,0.0038326101480900382
5.5,0.06728452338514501,-0.07291787336423086,0.0038148941675841186
5.550000000000001,0.06367856150404475,-0.07132195749993152,0.0037953997548731792
5.6000000000000005,0.06015218600083429,-0.06973453725187882,0.003774197400125277
5.65,0.056704954486816735,-0.06815631212707747,0.0037513563355616956
5.7,0.05333639031483569,-0.06658795304426467,0.0037269445340961027
5.75,0.05004598399558131,-0.06503010285823893,0.0037010287087916754
5.800000000000001,0.046833194587676985,-0.06348337688425024,0.003673674313109709
5.8500000000000005,0.04369745106155209,-0.06194836342212747,0.0036449455419236354
5.9,0.04063815363712085,-0.060425624279829324,0.0036149053332727205
5.95,0.03765467509530505,-0.05891569529611638,0.003583615370830159
6.0,0.03474636206345084,-0.05741908686205165,0.0035511360870606077
6.050000000000001,0.031912536274705805,-0.05593628444104768,0.0035175266670426407
6.1000000000000005,0.02915249580143588,-0.054467749087188405,0.0034828450529319965
6.15,0.026465516262774325,-0.05301391796156356,0.0034471479490418553
6.2,0.023850852006409407,-0.05157520484636391,0.0034104908275168306
6.25,0.021307737264728135,-0.05015200065649458,0.003372927934577723
6.300000000000001,0.018835387285446266,-0.048744673948473524,0.003334512297314494
6.3500000000000005,0.016432999436866127,-0.0473535714263916,0.003295295731005344
6.4,0.014099754287913982,-0.045979018444719355,0.0032553288469401287
6.45,0.011834816663120602,-0.0446213195077554,0.003214661060726814
6.5,0.009637336672717283,-0.04328075876551925,0.0031733406010600214
6.550000000000001,0.007506450718030062,-0.04195760050590059,0.0031314145189311453
6.6000000000000005,0.0054412824723639956,-0.04065208964288548,0.0030889286972599185
6.65,0.003440943837577429,-0.039364452200687704,0.003045927860927693
6.7,0.0015045358765558479,-0.03809489579362249,0.0030024555871931238
6.75,-0.00036885027819844236,-0.0368436101015671,0.0029585543164713213
6.800000000000001,-0.002180132539636246,-0.03561076734086079,0.002914265363457951
6.8500000000000005,-0.003930237004659304,-0.034396522730504545,0.002869628928580143
6.9,-0.005620097115808142,-0.033201014953527806,0.0028246841097564687
6.95,-0.007250652845894499,-0.03202436661339768,0.0027794689144486494
7.0,-0.008822849905327963,-0.03086668468535231,0.0027340202719880234
7.050000000000001,-0.01033763897188004,-0.029728060962547688,0.002688374046160216
7.1000000000000005,-0.011795974942623605,-0.028608572496913818,0.0026425650480318137
7.15,-0.013198816207781098,-0.02750828203462261,0.0025966270490032414
7.2,-0.014547123946209243,-0.026427238446076893,0.002550592794072429
7.25,-0.0158418614422446,-0.02536547715033573,0.0025044940152941964
7.300000000000001,-0.01708399342362965,-0.0243230205338977,0.0024583614454207056
7.3500000000000005,-0.018274485420235353,-0.02329987836376994,0.0024122248317086556
7.4,-0.01941430314329312,-0.022296048194756182,0.002366112949879288
7.45,-0.020504411884845183,-0.021311515770903407,0.002320053618217628
7.5,-0.021545775937120204,-0.020346255421051732,0.0022740737117977446
7.550000000000001,-0.0225393580315379,-0.019400230448437847,0.0022281991768211646
7.6000000000000005,-0.02348611879704417,-0.018473393514307688,0.00218245504505594
7.65,-0.024387016237476414,-0.017565687015498783,0.002136865448364195
7.7,-0.02524300522765633,-0.0166770434559583,0.002091453633306354
7.75,-0.026055037027906458,-0.015807385812167098,0.0020462419758105616
7.800000000000001,-0.026824058816685047,-0.014956627892445095,0.002001251995896159
7.8500000000000005,-0.027551013241032738,-0.014124674690117925,0.001956504372440416
7.9,-0.02823683798452389,-0.013311422730528821,0.0019120189579780224
7.95,-0.028882465352414278,-0.012516760411884672,0.0018678147935232022
8.0,-0.029488821873676824,-0.011740568339928691,0.0018239101234046
8.05,-0.030056827919616568,-0.01098271965643656,0.0017803224101034217
8.1,-0.030587397338755977,-0.010243080361536767,0.0017370683490856207
8.15,-0.0310814371076821,-0.00952150962985929,0.0016941638836192063
8.200000000000001,-0.03153984699754682,-0.008817860120521217,0.001651624219568102
8.25,-0.031963519255912724,-0.008131978280960333,0.0016094638401542081
8.3,-0.03235333830363712,-0.007463704644631957,0.0015676965206796699
8.35,-0.03271018044648771,-0.006812874122587499,0.0015263353432016314
8.4,-0.03303491360118494,-0.006179316288955612,0.001485392711151997
8.450000000000001,-0.03332839703556617,-0.005562855660351106,0.0014448803638950735
8.5,-0.0335914811225693,-0.0049633119692384636,0.001404809391216156
8.55,-0.03382500710773395,-0.004380500431280419,0.001365190247734452
8.6,-0.03402980688992034,-0.0038142320067047274,0.0013260327672339886
8.65,-0.034206702814947816,-0.003264313655724135,0.0012873461769063652
8.700000000000001,-0.03435650748185636,-0.0027305485880481876,0.001249139111499546
8.75,-0.03448002356149692,-0.0022127365065267544,0.0012114196273670479
8.8,-0.034578043627158044,-0.0017106738449681725,0.001174195216412195
8.85,-0.03465134999693875,-0.0012241540001770364,0.0011374728199223254
8.9,-0.034700714587579715,-0.0007529675582581264,0.0011012588422880415
8.950000000000001,-0.03472689877946735,-0.00029690251523593306,0.0010655591646028951
9.0,-0.03473065329252781,0.00014425550795984572,0.0010303791581390464
9.05,-0.034712718072730464,0.0005707230560900456,0.0009957236976947102
9.1,-0.034673822188923266,0.0009827186357285519,0.0009615971748094137
9.15,-0.03461468373972489,0.0013804625168560495,0.0009280035108432628
9.200000000000001,-0.03453600977020169,0.001764176539867094,0.0008949461699166829
9.25,-0.0344384961980601,0.0021340839279319797,0.0008624281717072447
9.3,-0.03432282774908842,0.002490409104652989,0.0008304521041004137
9.35,-0.03418967790158464,0.0028333775169533714,0.0007990201356912695
9.4,-0.0340397088395103,0.0031632154631366376,0.000768134028134378
9.450000000000001,-0.03387357141411353,0.0034801499260519383,0.000737795148339251
9.5,-0.03369190511376744,0.003784408411300945,0.0007080044805089474
9.55,-0.0334953380417735,0.004076218790420235,0.0006787626380195862
9.600000000000001,-0.03328448690188288,0.004355809148972331,0.0006500698751386999
9.65,-0.03305995699129187,0.004623407639478003,0.0006219260985805157
9.700000000000001,-0.03282234220087102,0.004879242339121368,0.0005943308788964211
9.75,-0.032572225022391293,0.005123541112158684,0.000567283461699044
9.8,-0.032310176562513476,0.005356531476961385,0.0005407827787184934
9.850000000000001,-0.03203675656331117,0.005578440477622864,0.0005148274586895059
9.9,-0.031752513429100744,0.005789494560058502,0.0004894158380683421
9.950000000000001,-0.03145798425935544,0.005989919452527675,0.0004645459715784492
10.0,-0.031153694887484398,0.006179940050506109,0.00044021564258404314
10.05,-0.03084015992526066,0.006359780305836908,0.00041642237329086714
10.100000000000001,-0.030517882812686324,0.006529663120087865,0.00039316343477356045
10.15,-0.030187355873086064,0.006689810242042878,0.0003704358568291516
10.200000000000001,-0.029849060373224236,0.006840442169254847,0.00034823643765633937
10.25,-0.029503466588244442,0.00698177805358736,0.00032656175336034433
10.3,-0.02915103387123361,0.007114035610672579,0.000305408167283202
10.350000000000001,-0.028792210727216994,0.007237431033212414,0.0002847718391595167
10.4,-0.0284274348913934,0.007352178908050415,0.0002646487340977687
10.450000000000001,-0.028057133411424098,0.007458492136941663,0.00024503463138738995
10.5,-0.027681722733592373,0.0075565818609480764,0.00022592513313192506
10.55,-0.02730160879265405,0.00764665738838687,0.00020731567270867188
10.600000000000001,-0.02691718710520344,0.007728926126259822,0.00018920152305531733
10.65,-0.02652884286638215,0.007803593515091497,0.0001715778047841446
10.700000000000001,-0.026136951049762304,0.007870862967104673,0.00015443949412449515
10.75,-0.025741876510239136,0.007930935807661538,0.0001377814306942509
10.8,-0.025343974089771175,0.007984011219899681,0.00012159832510116072
10.850000000000001,-0.024943588725810456,0.008030286192492074,0.00010588476637494776
10.9,-0.024541055562267926,0.008069955470460828,9.063522923117141e-05
10.950000000000001,-0.024136700062863305,0.008103211508974813,7.584408116791401e-05
11.0,-0.02373083812671204,0.008130244430061726,6.150558939642316e-05
11.05,-0.023323776206005026,0.008151241982165717,4.7613927606893376e-05
11.100000000000001,-0.02291581142564094,0.008166389502482111,3.416318257065925e-05
11.15,-0.02250723170467369,0.0081758698820014,2.114736058009877e-05
11.200000000000001,-0.022098315879441336,0.008179863533195147,8.560393727628313e-06
11.25,-0.021689333828246206,0.008178548360277104,-3.6038539747821913e-06
11.3,-0.02128054659745872,0.008172099731973402,-1.53515806341106e-05
11.350000000000001,-0.020872206528921584,0.008160690456736333,-2.66890406712591e-05
11.4,-0.020464557388533408,0.008144490760336855,-3.762253917094613e-05
11.450000000000001,-0.020057834495894555,0.00812366826577166,-4.815842638489622e-05
11.5,-0.01965226485490125,0.008098387975421291,-5.830309238666581e-05
11.55,-0.01924806728517661,0.008068812255396495,-6.806296187642142e-05
11.600000000000001,-0.018845452554231146,0.008035100822010774,-7.744448913392745e-05
11.65,-0.018444623510247626,0.00799741073031771,-8.645415311798804e-05
11.700000000000001,-0.018045775215388714,0.007955896364652524,-9.509845271054055e-05
11.75,-0.017649095079528825,0.007910709431117961,-0.00010338390210357215
11.8,-0.017254762994314082,0.007861998951955447,-0.00011131702632701337
11.850000000000001,-0.016862951467458025,0.007809911261743206,-0.00011890435691571581
11.9,-0.01647382575718279,0.00775459000536381,-0.00012615242771362107
11.950000000000001,-0.01608754400671887,0.007696176137684454,-0.00013306777081319025
12.0,-0.015704257378779334,0.007634807924894072,-0.0001396569126281458
12.05,-0.015324110189926722,0.00757062094744215,-0.00014592637009757037
12.100000000000001,-0.014947240044754296,0.007503748104525027,-0.0001518826470193733
12.15,-0.01457377796980526,0.007434319620066201,-0.00015753223051113822
12.200000000000001,-0.014203848547156714,0.00736246305013805,-0.0001628815875963426
12.25,-0.013837570047597707,0.007288303291773235,-0.00016793716191392763
12.3,-0.013475054563332839,0.0072119625931148,-0.0001727053705491988
12.350000000000001,-0.013116408140146123,0.007133560564854973,-0.00017719260098401424
12.4,-0.012761730908961603,0.007053214192913396,-0.00018140520816422359
12.450000000000001,-0.01241111721674007,0.006971037852306418,-0.00018534951168231134
12.5,-0.012064655756653662,0.006887143322160002,-0.00018903179307319028
12.55,-0.011722429697482014,0.006801639801819483,-0.0001924582932210983
12.600000000000001,-0.011384516812176641,0.006714633928010498,-0.00019563520987554066
12.65,-0.011050989605541805,0.0066262297930060445,-0.00019856869527422945
12.700000000000001,-0.010721915440982801,0.006536528963755637,-0.00020126485387096692
12.75,-0.01039735666627476,0.006445630501933338,-0.00020372974016642429
12.8,-0.010077370738306774,0.006353630984862231,-0.0002059693566397753
12.850000000000001,-0.009762010346758936,0.006260624527273892,-0.0002079896517791434
12.9,-0.00945132353667126,0.00616670280386211,-0.00020979651820883098
12.950000000000001,-0.009145353829865907,0.006071955072591057,-0.00021139579091130733
13.0,-0.008844140345186036,0.00597646819871896,-0.0002127932455419357
13.05,-0.008547717917516247,0.005880326679499048,-0.00021399459683443648
13.100000000000001,-0.008256117215551965,0.005783612669520552,-0.0002150054970950852
13.15,-0.007969364858286442,0.005686406006653217,-0.00021583153478366412
13.200000000000001,-0.007687483530186175,0.005588784238559681,-0.00021647823317918926
13.25,-0.007410492095027352,0.00549082264974095,-0.00021695104912845543
13.3,-0.0071384057083672525,0.005392594289080844,-0.00021725537187544997
13.350000000000001,-0.006871235928626787,0.005294169997856332,-0.00021739652196970294
13.4,-0.00660899082676146,0.005195618438181246,-0.00021737975025165593
13.450000000000001,-0.006351675094499969,0.005097006121851823,-0.0002172102369131468
13.5,-0.006099290151131216,0.0049983974395632754,-0.00021689309063112555
13.55,-0.0058518342488217134,0.004899854690467289,-0.00021643334777273173
13.600000000000001,-0.005609302576447325,0.0048014381120412815,-0.0002158359716698828
13.65,-0.005371687361924265,0.004703205910240856,-0.00021510585196154056
13.700000000000001,-0.005138977973025974,0.004605214289907756,-0.00021424780400184124
13.75,-0.004911161016673856,0.004507517485406381,-0.00021326656833229481
13.8,-0.004688220436690896,0.004410167791462552,-0.0002121668102162773
13.850000000000001,-0.004470137610008944,0.004313215594179132,-0.00021095311923406224
13.9,-0.00425689144132123,0.004216709402203657,-0.00020963000893665563
13.950000000000001,-0.0040484584561731995,0.004120695878023966,-0.00020820191655672132
14.0,-0.0038448128924859337,0.004025219869368527,-0.00020667320277490417
14.05,-0.0036459267905072966,0.003930324440688745,-0.00020504815153988068
14.100000000000001,-0.0034517700811874837,0.0038360509047014133,-0.00020333096994048857
14.15,-0.003262310672976317,0.003742438853969964,-0.0002015257881283076
14.200000000000001,-0.0030775145370409416,0.00364952619250397,-0.00019963665928908933
14.25,-0.00289734579090357,0.0035573491673570154,-0.00019766755966145417
14.3,-0.002721766780499682,0.003465942400203586,-0.00019562238860129644
14.350000000000001,-0.0025507381606583858,0.003375338918876457,-0.000193504968690365
14.4,-0.0023842189740072134,0.003285570188846519,-0.00019131904588750513
14.450000000000001,-0.0022221667283047267,0.0031966661446277134,-0.00018906828972107528
14.5,-0.0020645374722051573,0.003108655221090369,-0.00018675629352107482
14.55,-0.0019112858694599205,0.0030215643846667247,-0.00018438657468954037
14.600000000000001,-0.0017623652715619588,0.002935419164433191,-0.0001819625750077965
14.65,-0.0016177277888393096,0.0028502436830543216,-0.00017948766097916646
14.700000000000001,-0.0014773243600052356,0.0027660606875741464,-0.00017696512420577464
14.75,-0.0013411048201729416,0.002682891580041083,-0.00017439818179809842
14.8,-0.001209017967343412,0.0026007564479530953,-0.00017178997681594526
14.850000000000001,-0.0010810116273758193,0.00251967409451048,-0.00016914357873956383
14.9,-0.0009570327174503127,0.002439662068664028,-0.00016646198396961287
14.950000000000001,-0.000837027308033758,0.0023607366949469424,-0.00016374811635474267
15.0,-0.0007209406833595629,0.002282913103079407,-0.00016100482774556569
15.05,-0.0006087174004331192,0.0022062052573351026,-0.00015823489857381463
15.100000000000001,-0.0005003013465751413,0.002130625985659624,-0.00015544103845551569
15.15,-0.0003956357955154499,0.002056187008531077,-0.00015262588681702269
15.200000000000001,-0.00029466346205036446,0.0019828989675537106,-0.00014979201354278592
15.25,-0.00019732655527730596,0.0019107714537759007,-0.00014694191964375288
15.3,-0.000103566830420512,0.0018398130357241663,-0.00014407803794531793
15.350000000000001,-1.332563926236506e-05,0.0017700312871454888,-0.00014120273379376817
15.4,7.345602080498178e-05,0.0017014328144504976,-0.00013831830578018927
15.450000000000001,0.0001568374590925135,0.0016340232838505993,-0.00013542698648082334
15.5,0.00023687824527630002,0.0015678074481825467,-0.00013253094321289273
15.55,0.00031363816439277303,0.0015027891734142598,-0.00012963227880492397
15.600000000000001,0.00038717717315116246,0.0014389714648262468,-0.00012673303238063463
15.65,0.00045755535754681004,0.0013763564928632212,-0.00012383518015546198
15.700000000000001,0.000524832891758713,0.0013149456186509819,-0.00012094063624483994
15.75,0.0005890699983144231,0.0012547394191739798,-0.00011805125348335107
15.8,0.0006503269095052873,0.0011957377121092838,-0.00011516882425390133
15.850000000000001,0.0007086638300346811,0.0011379395803131273,-0.00011229508132609062
15.9,0.0007641409008818318,0.0010813433959564371,-0.00010943169870296993
15.950000000000001,0.0008168181643635735,0.0010259468443061537,-0.0001065802924753995
16.0,0.0008667555303762339,0.0009717469471494768,-0.00010374242168324516
16.05,0.000914012743799779,0.0009187400858584098,-0.00010091958918266616
16.1,0.000958649353046119,0.0008669220240923931,-9.811324251877503e-05
16.150000000000002,0.0010007246797334747,0.0008162879301370037,-9.532477480296453e-05
16.2,0.0010402977894685339,0.0007668323988770717,-9.255552559422176e-05
16.25,0.0010774274637181092,0.0007185494734027759,-8.980678178376536e-05
16.3,0.0011121721727518745,0.0006714326662476404,-8.707977848236746e-05
16.35,0.001144590049637806,0.0006254749802574919,-8.437569990973353e-05
16.400000000000002,0.00117473886527182,0.0005806689290898158,-8.169568028533987e-05
16.45,0.0012026760044231291,0.0005370065573431255,-7.90408047201439e-05
16.5,0.0012284584427768254,0.0004944794603162007,-7.641211010860081e-05
16.55,0.0012521427249551538,0.0004530788033973454,-7.381058602044224e-05
16.6,0.0012737849434990242,0.0004127953410839278,-7.123717559168495e-05
16.650000000000002,0.0012934407187912599,0.0003736194356327937,-6.86927764143613e-05
16.7,0.0013111651799031531,0.00033554107534228733,-6.617824142447758e-05
16.75,0.001327012946345939,0.00029854989246682,-6.369437978772378e-05
16.8,0.001341038110708821,0.00026263518076517355,-6.124195778247851e-05
16.85,0.0013532942221652958,0.00022778591268381854,-5.8821699679664357e-05
16.900000000000002,0.0013638342708295452,0.00019399075617680214,-5.6434288619030526e-05
16.95,0.0013727106729447699,0.00016123809116387863,-5.4080367481453386e-05
17.0,0.0013799752568854284,0.00012951602562872525,-5.176053975686087e-05
17.05,0.0013856792499554258,9.881241135929197e-05,-4.947537040740613e-05
17.1,0.0013898732659644215,6.911485933240508e-05,-4.7225386725525046e-05
17.150000000000002,0.0013926072935645203,4.041075474497415e-05,-4.5011079186533544e-05
17.2,0.0013939306853297398,1.2687271694244423e-05,-4.283290229543175e-05
17.25,0.0013938921475607706,-1.4068612490325193e-05,-4.0691275427597105e-05
17.3,0.0013925397307976764,-3.987010326081171e-05,-3.8586583663065354e-05
17.35,0.0013899208210233261,-6.473057520740399e-05,-3.651917861410746e-05
17.400000000000002,0.0013860821315404871,-8.866355875481838e-05,-3.4489379245829146e-05
17.45,0.0013810696955056658,-0.00011168272719549572,-3.249747268953032e-05
17.5,0.0013749288591029334,-0.0001338018840564139,-3.054371504857489e-05
17.55,0.0013677042753411418,-0.0001550349507962169,-2.8628332196536905e-05
17.6,0.0013594398984580916,-0.00017539595482932459,-2.675152056739678e-05
17.650000000000002,0.0013501789789153941,-0.00019489901787353943,-2.4913447937578665e-05
17.7,0.0013399640589679394,-0.000213558344617616,-2.3114254199628895e-05
17.75,0.001328836968792058,-0.00023138821170517622,-2.1354052127347637e-05
17.8,0.0013168388231566634,-0.0002484029570312535,-1.9632928132199617e-05
17.85,0.0013040100186218215,-0.0002646169693477245,-1.7950943010836684e-05
17.900000000000002,0.001290390231249411,-0.00028004467817377556,-1.6308132683580286e-05
17.95,0.001276018414810715,-0.00029470054400751726,-1.4704508923720068e-05
18.0,0.0012609327994759789,-0.0003085990488348019,-1.3140060077495218e-05
18.05,0.001245170890971195,-0.0003217546869312258,-1.1614751774637775e-05
18.1,0.0012287694701875265,-0.0003341819559532876,-1.0128527629362787e-05
18.150000000000002,0.0012117645932290387,-0.0003458953483145916,-8.68130993170383e-06
18.2,0.0011941915918845779,-0.0003569093428429697,-7.2730003290997605e-06
18.25,0.0011760850745098528,-0.00036723839671435325,-5.903480498147324e-06
18.3,0.0011574789273060039,-0.0003768969376591831,-4.57261280644547e-06
18.35,0.0011384063159811137,-0.000385899356437141,-3.2802409644621246e-06
18.400000000000002,0.0011188996877813673,-0.0003942599995759362,-2.0261906673661227e-06
18.45,0.001098990773878762,-0.0004019931623698723,-8.102702267730809e-07
18.5,0.0010787105921024763,-0.0004091130821339033,3.677288076379766e-07
18.55,0.001058089450001252,-0.00041563393170885834,1.5080310366711035e-06
18.6,0.0010371569482243133,-0.0004215698132135242,2.6108766103525414e-06
18.650000000000002,0.001015941984208606,-0.000426934752039247,3.6765206368815887e-06
18.7,0.0009944727561603348,-0.00043174269108271806,4.7052326018074065e-06
18.75,0.0009727767673189902,-0.0004360074852126057,5.697295797438752e-06
18.8,0.0009508808304923017,-0.000439742895965689,6.653006762486064e-06
18.85,0.0009288110728507236,-0.00044296258646816145,7.5726747319312105e-06
18.900000000000002,0.0009065929409703228,-0.0004456801165777687,8.456621097111816e-06
18.95,0.0008842512061131302,-0.0004479089382424562,9.305178876002585e-06
19.0,0.0008618099697342282,-0.00044966239107121396,1.0118692193670272e-05
19.05,0.0008392926692050969,-0.00045095369811281406,1.089751577287222e-05
19.1,0.0008167220837428994,-0.00045179596183815573,1.1642014434765477e-05
19.150000000000002,0.0007941203405356569,-0.0004522021603219465,1.2352562609686015e-05
19.200000000000003,0.0007715089210534429,-0.0004521851436194677,1.3029543857954131e-05
19.25,0.0007489086675359522,-0.00045175763033419424,1.3673350400656976e-05
19.3,0.0007263397896469974,-0.00045093220437206053,1.4284382660354921e-05
19.35,0.0007038218712867283,-0.0004497213118781898,1.4863048811653338e-05
19.400000000000002,0.000681373877552525,-0.0004481372583519304,1.5409764341578685e-05
19.450000000000003,0.0006590141618397748,-0.00044619220593606994,1.5924951619692354e-05
19.5,0.00063676047307392,-0.0004438981708761307,1.6409039477872856e-05
19.55,0.0006146299630653648,-0.000441267021145676,1.6862462799693136e-05
19.6,0.0005926391939790677,-0.0004383104742335975,1.728566211931577e-05
19.650000000000002,0.000570804145910787,-0.0004350400950893794,1.767908322982674e-05
19.700000000000003,0.0005491402245622041,-0.00043146729422237763,1.8043176800924093e-05
19.75,0.0005276622690073147,-0.0004276033259511862,1.8378398005875456e-05
19.8,0.0005063845595426731,-0.0004234592867991995,1.8685206157655774e-05
19.85,0.00048532082561429787,-0.0004190461140325248,1.896406435417305e-05
19.900000000000002,0.00046448425381418926,-0.00041437458433642984,1.921543913248871e-05
19.950000000000003,0.00044388749593964543,-0.0004094553126265608,1.9439800131935498e-05
20.0,0.00042354267710872684,-0.00040429875099120416,1.963761976603453e-05
20.05,0.0004034614039254012,-0.000398915187760907,1.9809372903110523e-05
20.1,0.0003836547726881132,-0.00039331474670182306,1.995553655550245e-05
20.150000000000002,0.000364133377635655,-0.0003875073863291836,2.007658957726504e-05
20.200000000000003,0.00034490731922444076,-0.00038150289933735,2.0173012370254782e-05
20.25,0.0003259862124314372,-0.00037531091214294544,2.0245286598492524e-05
20.3,0.00030737919507717597,-0.00036894088453760777,2.0293894910693344e-05
20.35,0.0002890949361634721,-0.0003624021094469638,2.0319320670852942e-05
20.400000000000002,0.0002711416442205952,-0.00035570371279245686,2.0322047696778696e-05
20.450000000000003,0.00025352707565885356,-0.0003488546534527237,2.0302560006452292e-05
20.5,0.00023625854311968856,-0.00034186372332125763,2.0261341572109957e-05
20.55,0.00021934292382153978,-0.00033473954745714295,2.0198876081925242e-05
20.6,0.00020278666789592465,-0.0003274905843257067,2.0115646709178796e-05
20.650000000000002,0.00018659580670929053,-0.0003201251261259652,2.00121358887985e-05
20.700000000000003,0.00017077596116639438,-0.00031265129920181165,1.98888251011531e-05
20.75,0.00015533234999109234,-0.0003050770645339317,1.9746194662981766e-05
20.8,0.00014026979798057162,-0.00029741021830948324,1.958472352534151e-05
20.85,0.00012559274422922583,-0.00028965839256664064,1.9404889078454476e-05
20.900000000000002,0.00011130525031848045,-0.00028182905591113384,1.9207166963336295e-05
20.950000000000003,9.74110084690553e-05,-0.00027392951430198377,1.8992030890087045e-05
21.0,8.391334965226775e-05,-0.00026596691190367586,1.8759952462726037e-05
21.05,7.081525165711807e-05,-0.0002579482320020647,1.8511401010451634e-05
21.1,5.811934711005106e-05,-0.00024988029798136513,1.824684342520768e-05
21.150000000000002,4.582793144438588e-05,-0.00024176977435961606,1.7966744005437707e-05
21.200000000000003,3.3942970816568745e-05,-0.00023362316788007572,1.7671564305908995e-05
21.25,2.2466109966509692e-05,-0.0002254468286560449,1.7361762993488305e-05
21.3,1.139868001938961e-05,-0.00021724695136666653,1.7037795708751635e-05
21.35,7.417062264608617e-07,-0.00020902957650131238,1.6700114933311165e-05
21.400000000000002,-9.504084357544932e-06,-0.00020080059165019715,1.634916986274212e-05
21.450000000000003,-1.9338255262643688e-05,-0.0001925657328389314,1.598540628499382e-05
21.5,-2.876065305960491e-05,-0.00018433058590476315,1.56092664641692e-05
21.55,-3.777139988576943e-05,-0.00017610058791230738,1.5221189029557675e-05
21.6,-4.637088604258948e-05,-0.00016788102860662427,1.4821608869807626e-05
21.650000000000002,-5.455976266671901e-05,-0.00015967705190153575,1.441095703212443e-05
21.700000000000003,-6.233893447635475e-05,-0.00015149365740113857,1.3989660626381727e-05
21.75,-6.970955259444127e-05,-0.00014333570195251033,1.3558142734034066e-05
21.8,-7.667300745025278e-05,-0.00013520790122765138,1.3116822321719693e-05
21.85,-8.323092176075816e-05,-0.00012711483133276627,1.2666114159444048e-05
21.900000000000002,-8.938514359309969e-05,-0.00011906093044301497,1.2206428743234188e-05
21.950000000000003,-9.513773950940585e-05,-0.00011105050046093089,1.1738172222156646e-05
22.0,-0.0001004909877950799,-0.00010308770869673877,1.1261746329591497e-05
22.05,-0.00010544737177161776,-9.517658956885035e-05,1.077754831865656e-05
22.1,-0.00011000957319491664,-8.732104632287379e-05,1.0285970901677402e-05
22.150000000000002,-0.00011418046573996642,-7.952485276749749e-05,9.787402193598792e-06
22.200000000000003,-0.00011796310857272235,-7.179165502567352e-05,9.282225659235552e-06
22.25,-0.0001213607400098874,-6.412497329955893e-05,8.770820064261336e-06
22.3,-0.00012437677126725532,-5.6528203647716764e-05,8.253559429835e-06
22.35,-0.00012701478029718795,-4.900461977313257e-05,7.730812990766243e-06
22.400000000000002,-0.00012927850571573622,-4.155737482062613e-05,7.202945157122177e-06
22.450000000000003,-0.0001311718408198371,-3.418950318229857e-05,6.670315479178999e-06
22.5,-0.0001326988276949562,-2.6903922309686333e-05,6.133278615623593e-06
22.55,-0.00013386365141347924,-1.9703434531334025e-05,5.5921843049110985e-06
22.6,-0.0001346706343240909,-1.2590728874549264e-05,5.047377339686668e-06
22.650000000000002,-0.0001351242304323214,-5.568382890124192e-06,4.499197544179577e-06
22.700000000000003,-0.00013522901987237873,1.3611355211344106e-06,3.947979754480609e-06
22.75,-0.00013498970347032918,8.195466281195921e-06,3.3940538016142012e-06
22.8,-0.00013441109739863213,1.4932355308009165e-05,2.8377444973182306e-06
22.85,-0.000133498127921983,2.1569652690162293e-05,2.279371622446506e-06
22.900000000000002,-0.0001322558262343651,2.810531086402364e-05,1.7192499179090613e-06
22.950000000000003,-0.00013068932338716204,3.453738279433471e-05,1.157689078068084e-06
23.0,-0.0001288038453081348,4.0864020159200203e-05,5.949937465080277e-07
23.05,-0.00012660470791101951,4.708347154038518e-05,3.1463514099770774e-08
23.1,-0.00012409731229546096,5.319408061978545e-05,-5.326070807190078e-07
23.150000000000002,-0.00012128714003694915,5.919428438291962e-05,-1.0969285495250954e-06
23.200000000000003,-0.0001181797485663897,6.508261133024197e-05,-1.661216449427667e-06
23.25,-0.00011478076663889692,7.085767969705182e-05,-2.225191376597238e-06
23.3,-0.0001110958898913598,7.651819568274268e-05,-2.78857895787862e-06
23.35,-0.00010713087648829969,8.206295169009499e-05,-3.351109840558609e-06
23.400000000000002,-0.00010289154285549545,8.74908245752997e-05,-3.912519680359114e-06
23.450000000000003,-9.838375950082695e-05,9.280077390935536e-05,-4.472549127723621e-06
23.5,-9.361344692175142e-05,9.799184025146021e-05,-5.0309438124642745e-06
23.55,-8.858657159879634e-05,0.00010306314343499123,-5.587454326835408e-06
23.6,-8.330914207443022e-05,0.00010801388086662668,-6.1418362070972275e-06
23.650000000000002,-7.778720511663421e-05,0.00011284332583915343,-6.693849913633249e-06
23.700000000000003,-7.202684196648222e-05,0.00011755082585846076,-7.2432608096823945e-06
23.75,-6.603416466900673e-05,0.00012213580098520256,-7.789839138746004e-06
23.8,-5.981531248660314e-05,0.0001265977421915842,-8.333360000728643e-06
23.85,-5.3376448394212e-05,0.00013093620973369797,-8.873603326869478e-06
23.900000000000002,-4.672375565548286e-05,0.00013515083153981783,-9.410353853520942e-06
23.950000000000003,-3.9863434479118727e-05,0.00013924130161502854,-9.943401094828721e-06
24.0,-3.2801698754573205e-05,0.00014320737846254715,-1.0472539314366577e-05
24.05,-2.554477286625479e-05,0.00014704888352207141,-1.099756749577807e-05
24.1,-1.809888858538662e-05,0.0001507656996254617,-1.1518289312475338e-05
24.150000000000002,-1.0470282038637595e-05,0.00015435776947005084,-1.203451309644494e-05
24.200000000000003,-2.6651907526443158e-06,0.000157825094109845,-1.2546051806208271e-05
24.25,5.310149226479482e-06,0.00016116773146486395,-1.30527229939835e-05
24.3,1.344950613956157e-05,0.0001643857948488479,-1.355434877209468e-05
24.35,2.1746655247633e-05,0.00016747945151553433,-1.4050755778671737e-05
24.400000000000002,3.0195381492977682e-05,0.0001704489212236968,-1.4541775142685075e-05
24.450000000000003,3.8789482088903585e-05,0.00017329447482111125,-1.5027242448356007e-05
24.5,4.752276903918861e-05,0.00017601643284760165,-1.550699769898379e-05
24.55,5.638907158816164e-05,0.00017861516415729908,-1.5980885280228776e-05
24.6,6.538223860237307e-05,0.00018109108456022753,-1.6448753922889395e-05
24.650000000000002,7.449614088483621e-05,0.00018344465548331986,-1.6910456665210674e-05
24.700000000000003,8.372467342280385e-05,0.0001856763826509443,-1.736585081475966e-05
24.75,9.306175757006027e-05,0.00018778681478501087,-1.7814797909902676e-05
24.8,0.00010250134316471263,0.00018977654232471067,-1.8257163680918234e-05
24.85,0.00011203741058345425,0.00019164619616592485,-1.8692818010777614e-05
24.900000000000002,0.0001216639727332973,0.00019339644642032988,-1.912163489562531e-05
24.950000000000003,0.00013137507698175003,0.0001950280011942078,-1.9543492404989124e-05
25.0,0.00014116480702642718,0.00019654160538695942,-1.9958272641749568e-05
25.05,0.0001510272847050817,0.0001979380395093059,-2.0365861701896922e-05
25.1,0.00016095667174703129,0.0001992181185211493,-2.0766149634102883e-05
25.150000000000002,0.00017094717146697564,0.00020038269068905535,-2.11590303991337e-05
25.200000000000003,0.00018099303040217387,0.00020143263646330543,-2.154440182912965e-05
25.25,0.00019108853989396234,0.00020236886737445722,-2.1922165586775446e-05
25.3,0.00020122803761459058,0.00020319232494934192,-2.229222712438507e-05
25.35,0.0002114059090403339,0.00020390397964641465,-2.2654495642923192e-05
25.400000000000002,0.00022161658887186279,0.00020450482981036744,-2.3008884050985277e-05
25.450000000000003,0.00023185456240281869,0.00020499590064590242,-2.3355308923756753e-05
25.5,0.00024211436683755527,0.00020537824321055538,-2.3693690461971088e-05
25.55,0.0002523905925589983,0.0002056529334264511,-2.4023952450886037e-05
25.6,0.0002626778843475566,0.00020582107111086293,-2.4346022219295733e-05
25.650000000000002,0.0002729709425520358,0.00020588377902544262,-2.4659830598596486e-05
25.700000000000003,0.0002832645242134733,0.00020584220194397792,-2.496531188192243e-05
25.75,0.00029355344414282164,0.00020569750573852898,-2.5262403783366968e-05
25.8,0.00030383257595339855,0.00020545087648378722,-2.5551047397304932e-05
25.85,0.0003140968530489996,0.00020510351957949517,-2.5831187157829603e-05
25.900000000000002,0.00032434126956858714,0.0002046566588907583,-2.6102770798318278e-05
25.950000000000003,0.0003345608812884353,0.00020411153590607533,-2.6365749311139086e-05
26.0,0.0003447508064826154,0.00020346940891290748,-2.662007690751106e-05
26.05,0.00035490622674269785,0.0002027315521906019,-2.686571097752909e-05
26.1,0.00036502238775752363,0.00020189925522048105,-2.7102612050364193e-05
26.150000000000002,0.00037509460005391196,0.000200973821912903,-2.73307437546496e-05
26.200000000000003,0.0003851182396991377,0.0001999565698510959,-2.7550072779061805e-05
26.25,0.00039508874896601576,0.00019884882955156454,-2.7760568833105637e-05
26.3,0.00040500163696141937,0.00019765194374086285,-2.796220460811161e-05
26.35,0.0004148524802190345,0.0001963672666485256,-2.8154955738453082e-05
26.400000000000002,0.00042463692325716803,0.00019499616331594515,-2.833880076299065e-05
26.450000000000003,0.00043435067910238957,0.00019354000892098024,-2.8513721086750108e-05
26.5,0.00044398952977979343,0.00019200018811807933,-2.867970094284015e-05
26.55,0.00045354932677065267,0.00019037809439369815,-2.8836727354615434e-05
26.6,0.0004630259914382156,0.00018867512943679168,-2.8984790098089803e-05
26.650000000000002,0.00047241551542240534,0.00018689270252415498,-2.9123881664604557e-05
26.700000000000003,0.0004817139610041501,0.0001850322299203892,-2.925399722375564e-05
26.75,0.0004909174614400721,0.00018309513429226595,-2.937513458658344e-05
26.8,0.000500022221268254,0.00018108284413726166,-2.948729416902855e-05
26.85,0.0005090245165857738,0.0001789967932260349,-2.9590478955656006e-05
26.900000000000002,0.0005179206952987154,0.00017683842005861505,-2.9684694463650664e-05
26.950000000000003,0.000526707177345322,0.00017460916733407354,-2.9769948707085543e-05
27.0,0.0005353804548929662,0.00017231048143344713,-2.9846252161464756e-05
27.05,0.0005439370925095956,0.00016994381191568113,-2.9913617728542356e-05
27.1,0.0005523737273102899,0.00016751061102636443,-2.997206070141785e-05
27.150000000000002,0.0005606870690795762,0.00016501233321902244,-3.002159872990908e-05
27.200000000000003,0.0005688739003701146,0.0001624504346887395,-3.00622517862026e-05
27.25,0.0005769310765783692,0.0001598263729178805,-3.0094042130781516e-05
27.3,0.0005848555259978645,0.0001571416062336809,-3.0116994278630407e-05
27.35,0.000592644249850609,0.00015439759337747936,-3.013113496571662e-05
27.400000000000002,0.000600294322297271,0.0001515957930853616,-3.013649311574706e-05
27.450000000000003,0.0006078028904266656,0.00014873766367999106,-3.0133099807199253e-05
27.5,0.0006151671742251072,0.00014582466267340003,-3.012098824062522e-05
27.55,0.0006223844665261742,0.00014285824638051578,-3.0100193706226487e-05
27.6,0.000629452132941408,0.00013983986954320152,-3.007075355169836e-05
27.650000000000002,0.0006363676117724781,0.00013677098496458676,-3.0032707150341288e-05
27.700000000000003,0.0006431284139053134,0.00013365304315346996,-2.9986095869437003e-05
27.75,0.0006497321226867006,0.00013048749197857456,-2.9930963038886982e-05
27.8,0.0006561763937838402,0.0001272757763324406,-2.9867353920110453e-05
27.85,0.0006624589550273287,0.00012401933780474092,-2.9795315675199134e-05
27.900000000000002,0.0006685776062380419,0.00012071961436480491,-2.9714897336325647e-05
27.950000000000003,0.0006745302190383689,0.000117378040053143,-2.9626149775402506e-05
28.0,0.0006803147366482418,0.00011399604468176234,-2.952912567398824e-05
28.05,0.0006859291736663997,0.00011057505354306673,-2.9423879493437326e-05
28.1,0.0006913716158373037,0.00010711648712714065,-2.931046744529036e-05
28.150000000000002,0.0006966402198041251,0.00010362176084721168,-2.9188947461900683e-05
28.200000000000003,0.000701733212848206,0.00010009228477309581,-2.9059379167293846e-05
28.25,0.0007066488926153866,9.652946337242871e-05,-2.8921823848255894e-05
28.3,0.0007113856268295872,9.293469525948773e-05,-2.8776344425646634e-05
28.35,0.0007159418529940132,8.930937295141793e-05,-2.862300542593383e-05
28.400000000000002,0.0007203160780803562,8.565488263166844e-05,-2.846187295294416e-05
28.450000000000003,0.0007245068782063419,8.19726039204579e-05,-2.829301465982689e-05
28.5,0.0007285128983019723,7.826390965208469e-05,-2.811649972122594e-05
28.55,0.0007323328517648031,7.453016565890124e-05,-2.7932398805656192e-05
28.6,0.0007359655201045801,7.0772730561779e-05,-2.774078404807972e-05
28.650000000000002,0.0007394097525775587,6.699295556688523e-05,-2.7541729022677576e-05
28.700000000000003,0.0007426644658108172,6.319218426860405e-05,-2.733530871581284e-05
28.75,0.0007457286434168648,5.9371752458432746e-05,-2.712159949918056e-05
28.8,0.0007486013355988419,5.5532987939686605e-05,-2.6900679103140184e-05
28.85,0.0007512816587465955,5.1677210347854396e-05,-2.6672626590226216e-05
28.900000000000002,0.0007537687950239122,4.780573097644008e-05,-2.6437522328832572e-05
28.950000000000003,0.0007560619919471762,4.391985260813865e-05,-2.619544796706638e-05
29.0,0.0007581605619557165,4.002086935119217e-05,-2.5946486406766866e-05
29.05,0.0007600638819740984,3.611006648077452e-05,-2.5690721777684912e-05
29.1,0.0007617713929666066,3.218872028526243e-05,-2.542823941181919e-05
29.150000000000002,0.000763282599484161,2.8258097917243696e-05,-2.5159125817904324e-05
29.200000000000003,0.0007645970692038989,2.431945724912605e-05,-2.4883468656047047e-05
29.25,0.0007657144324616492,2.0374046733208105e-05,-2.4601356712506125e-05
29.3,0.0007666343817775194,1.642310526607651e-05,-2.43128798746117e-05
29.35,0.0007673566713748074,1.2467862057202418e-05,-2.401812910582041e-05
29.400000000000002,0.0007678811166924457,8.509536501603584e-06,-2.371719642090166e-05
29.450000000000003,0.0007682075938911779,4.5493380564511854e-06,-2.3410174861251433e-05
29.5,0.0007683360393536612,5.884661214981941e-07,-2.309715847032969e-05
29.55,0.0007682664491786834,-3.371890076791088e-06,-2.2778242269217215e-05
29.6,0.0007679988786696773,-7.330551597521753e-06,-2.245352223228858e-05
29.650000000000002,0.000767533441817707,-1.1286349894177762e-05,-2.212309526299699e-05
29.700000000000003,0.0007668703107790998,-1.5238126920065638e-05,-2.1787059169767745e-05
29.75,0.0007660097153478866,-1.918473523050033e-05,-2.144551264199657e-05
29.8,0.0007649519424232128,-2.3125038081838613e-05,-2.1098555226149295e-05
29.85,0.0007636973354718743,-2.7057909527456342e-05,-2.074628730195972e-05
29.900000000000002,0.0007622462939861288,-3.0982234510773006e-05,-2.0388810058722024e-05
29.950000000000003,0.0007605992729369281,-3.489690895541428e-05,-2.0026225471674698e-05
30.0,0.0007587567822227112,-3.880083985260589e-05,-1.9658636278472863e-05
30.05,0.0007567193861138953,-4.2692945345889315e-05,-1.928614595574571e-05
30.1,0.000754487702693197,-4.657215481324132e-05,-1.8908858695736603e-05
30.150000000000002,0.0007520624032919096,-5.043740894668631e-05,-1.8526879383022383e-05
30.200000000000003,0.0007494442119222611,-5.4287659829478094e-05,-1.8140313571309586e-05
30.25,0.0007466339047059728,-5.812187101093019e-05,-1.7749267460304767e-05
30.3,0.0007436323092991319,-6.193901757897117e-05,-1.7353847872656265e-05
30.35,0.0007404403043134946,-6.573808623049364e-05,-1.695416223096535e-05
30.400000000000002,0.0007370588187343228,-6.951807533957176e-05,-1.655031853486394e-05
30.450000000000003,0.000733488831334863,-7.327799502361085e-05,-1.6142425338157018e-05
30.5,0.0007297313700875678,-7.701686720749456e-05,-1.5730591726027467e-05
30.55,0.0007257875115721583,-8.07337256857934e-05,-1.5314927292301277e-05
30.6,0.0007216583803806252,-8.442761618308998e-05,-1.4895542116771557e-05
30.650000000000002,0.0007173451485192571,-8.80975964124833e-05,-1.447254674257905e-05
30.700000000000003,0.000712849034807789,-9.174273613232295e-05,-1.4046052153647836e-05
30.75,0.0007081713042757584,-9.536211720122652e-05,-1.361616975217463e-05
30.8,0.0007033132675561491,-9.89548336314317e-05,-1.3183011336169937e-05
30.85,0.0006982762802764128,-0.00010251999164052638,-1.2746689077050272e-05
30.900000000000002,0.0006930617424469397,-0.00010605670970160765,-1.2307315497279578e-05
30.950000000000003,0.0006876710978470611,-0.00010956411859190853,-1.1865003448059149e-05
31.0,0.0006821058334086592,-0.00011304136143993471,-1.1419866087064998e-05
31.05,0.0006763674785974527,-0.00011648759377115136,-1.097201685623147e-05
31.1,0.0006704576047920396,-0.00011990198355225283,-1.0521569459580963e-05
31.150000000000002,0.0006643778246607558,-0.0001232837112340546,-1.0068637841098304e-05
31.200000000000003,0.000658129791536425,-0.0001266319697930366,-9.61333616264982e-06
31.25,0.0006517151987890654,-0.00012994596477156943,-9.155778781946407e-06
31.3,0.0006451357791966143,-0.0001332249143168533,-8.696080230550162e-06
31.35,0.0006383933043137421,-0.00013646804921859323,-8.234355191924803e-06
31.400000000000002,0.0006314895838388094,-0.00013967461294543942,-7.770718479529125e-06
31.450000000000003,0.0006244264649790344,-0.00014284386168021305,-7.305285014953989e-06
31.5,0.0006172058318139292,-0.00014597506435393956,-6.838169806102708e-06
31.55,0.000609829604657061,-0.00014906750267871022,-6.36948792541501e-06
31.6,0.0006022997394162046,-0.00015212047117938666,-5.899354488135205e-06
31.650000000000002,0.0005946182269519331,-0.00015513327722416908,-5.427884630624468e-06
31.700000000000003,0.0005867870924347105,-0.0001581052410540394,-4.955193488718162e-06
31.75,0.0005788083947005399,-0.00016103569581109387,-4.481396176128685e-06
31.8,0.000570684225605221,-0.00016392398756577756,-4.006607762894424e-06
31.85,0.0005624167093772772,-0.00016676947534302822,-3.530943253876057e-06
31.900000000000002,0.0005540080019695979,-0.00016957153114734194,-3.0545175673005832e-06
31.950000000000003,0.0005454602904098569,-0.00017232953998676563,-2.577445513354453e-06
32.0,0.0005367757921497575,-0.00017504289989582285,-2.0998417728268965e-06
32.050000000000004,0.0005279567544131553,-0.0001777110219573794,-1.6218208758043068e-06
32.1,0.0005190054535431227,-0.00018033333032344782,-1.1434971804178537e-06
32.15,0.0005099241943479852,-0.000182909262234941,-6.649848516442784e-07
32.2,0.0005007153094464091,-0.00018543826804036785,-1.8639784016284486e-07
32.25,0.0004913811586115793,-0.0001879198112134751,2.9215013873062913e-07
32.300000000000004,0.00048192412811450946,-0.0001903533683698373,7.705456261517017e-07
32.35,0.0004723466300665687,-0.00019273842928238484,1.2486754405937272e-06
32.4,0.0004626511017612381,-0.00019507449689587703,1.7264266988330207e-06
32.45,0.0004528400050151837,-0.000197361087340308,2.2036868367691295e-06
32.5,0.00044291582550868593,-0.00019959772994324407,2.680343630198948e-06
32.550000000000004,0.00043288107212546514,-0.00020178396724108985,3.156285215523235e-06
32.6,0.000422738276291992,-0.00020391935498926902,3.631400110381763e-06
32.65,0.00041248999131629456,-0.00020600346217132154,4.105577234216889e-06
32.7,0.0004021387917263522,-0.0002080358710069018,4.5787059287615785e-06
32.75,0.0003916872726081173,-0.00021001617695867185,5.05067597845023e-06
32.800000000000004,0.00038113804894320533,-0.0002119439887380833,5.521377630750506e-06
32.85,0.0003704937549463464,-0.00021381892831003058,5.990701616412057e-06
32.9,0.00035975704340260946,-0.00021564063089637344,6.458539169631591e-06
32.95,0.0003489305850044949,-0.0002174087449783104,6.924782048129987e-06
33.0,0.00033801706768893646,-0.00021912293229759436,7.389322553139454e-06
33.050000000000004,0.00032701919597425696,-0.00022078286785658042,7.852053549298727e-06
33.1,0.0003159396902971741,-0.00022238823991708713,8.312868484451748e-06
33.15,0.00030478128634986944,-0.00022393874999806522,8.771661409349134e-06
33.2,0.0002935467344172202,-0.00022543411287205442,9.228326997247748e-06
33.25,0.00028223879871423844,-0.00022687405656041687,9.682760563406196e-06
33.300000000000004,0.0002708602567237638,-0.000228258322327335,1.0134858084473886e-05
33.35,0.00025941389853451145,-0.00022958666467255405,1.0584516217768983e-05
33.4,0.00024790252617949026,-0.0002308588513228608,1.1031632320444157e-05
33.45,0.00023632895297489556,-0.0002320746632222783,1.1476104468535398e-05
33.5,0.0002246960028595242,-0.00023323389452096374,1.1917831475891375e-05
33.550000000000004,0.0002130065097347612,-0.0002343363525627953,1.2356712912980787e-05
33.6,0.0002012633168052449,-0.00023538185787162893,1.2792649125572967e-05
33.65,0.00018946927592022807,-0.00023637024413621376,1.322554125329026e-05
33.7,0.0001776272469157435,-0.00023730135819374665,1.3655291248027427e-05
33.75,0.0001657400969576265,-0.0002381750600120521,1.4081801892235374e-05
33.800000000000004,0.00015381069988544614,-0.0002389912226703726,1.4504976817066423e-05
33.85,0.00014184193555745738,-0.00023974973233875044,1.4924720520376315e-05
33.9,0.00012983668919659428,-0.00024045048825598948,1.534093838458133e-05
33.95,0.0001177978507376179,-0.00024109340270617738,1.5753536694365656e-05
34.0,0.00010572831417547437,-0.00024167840099375475,1.616242265423615e-05
34.050000000000004,9.363097691491918e-05,-0.00024220542141711591,1.65675044059217e-05
34.1,8.150873912152404e-05,-0.0002426744152407241,1.6968691045612204e-05
34.15,6.936450307408979e-05,-0.00024308534666572817,1.7365892641035562e-05
34.2,5.72011725185833e-05,-0.00024343819279906378,1.7759020248367602e-05
34.25,4.502165202365771e-05,-0.0002437329436210251,1.8147985928972277e-05
34.300000000000004,3.282884633781518e-05,-0.00024396960195129273,1.8532702765968962e-05
34.35,2.0625659748333222e-05,-0.0002441481834134024,1.8913084880622194e-05
34.4,8.414995441980767e-06,-0.00024426871639764115,1.9289047448551867e-05
34.45,-3.8002451323535307e-06,-0.0002443312420223569,1.9660506715759157e-05
34.5,-1.6017162899058567e-05,-0.00024433581409366725,2.002738001446514e-05
34.550000000000004,-2.8232861789160565e-05,-0.0002442824990635552,2.0389585778759233e-05
34.6,-4.0444449371520986e-05,-0.00024417137598633804,2.0747043560052673e-05
34.65,-5.2649037481843e-05,-0.00024400253647349724,2.1099674042335072e-05
34.7,-6.484374284936084e-05,-0.00024377608464685698,2.1447399057229386e-05
34.75,-7.702568772114661e-05,-0.00024349213709009957,2.1790141598842365e-05
34.800000000000004,-8.919200048396829e-05,-0.00024315082279860586,2.212782583840752e-05
34.85,-0.00010133981628357181,-0.00024275228312761068,2.246037713871601e-05
34.9,-0.00011346627764135434,-0.00024229667173866122,2.2787722068333528e-05
34.95,-0.0001255685350683007,-0.00024178415454436964,2.3109788415598593e-05
35.0,-0.00013764374767611453,-0.00024121490965144945,2.3426505202399394e-05
35.050000000000004,-0.00014968908378547533,-0.00024058912730202603,2.373780269772634e-05
35.1,-0.00016170172153129206,-0.00023990700981321413,2.404361243099589e-05
35.15,-0.0001736788494649177,-0.00023916877151495188,2.4343867205143684e-05
35.2,-0.0001856176671531947,-0.00023837463868608562,2.463850110948269e-05
35.25,-0.00019751538577426084,-0.00023752484948869754,2.4927449532323628e-05
35.300000000000004,-0.0002093692287100443,-0.0002366196539006683,2.5210649173354793e-05
35.35,-0.00022117643213531737,-0.00023565931364647136,2.548803805577723e-05
35.4,-0.00023293424560327065,-0.00023464410212618983,2.5759555538193307e-05
35.45,-0.0002446399326274769,-0.00023357430434275378,2.6025142326244607e-05
35.5,-0.000256290771260172,-0.00023245021682739272,2.6284740483996576e-05
35.550000000000004,-0.0002678840546667809,-0.0002312721475632973,2.653829344506721e-05
35.6,-0.0002794170916965563,-0.0002300404159074913,2.6785746023495992e-05
35.65,-0.00029088720744929145,-0.00022875535251090588,2.7027044424351215e-05
35.7,-0.0003022917438379751,-0.00022741729923665864,2.7262136254071947e-05
35.75,-0.0003136280601473151,-0.00022602660907653394,2.7490970530542166e-05
35.800000000000004,-0.00032489353358805805,-0.0002245836460656619,2.7713497692894692e-05
35.85,-0.00033608555984697284,-0.00022308878519540054,2.7929669611041226e-05
35.9,-0.00034720155363245796,-0.00022154241232441542,2.813943959492697e-05
35.95,-0.00035823894921564156,-0.0002199449240879629,2.834276240350628e-05
36.0,-0.000369195200966901,-0.00021829672780537674,2.8539594253437168e-05
36.050000000000004,-0.0003800677838877274,-0.00021659824138575758,2.8729892827492428e-05
36.1,-0.0003908541941378064,-0.0002148498932318744,2.8913617282684148e-05
36.15,-0.00040155194955727286,-0.0002130521221422742,2.909072825810012e-05
36.2,-0.00041215859018401037,-0.00021120537721160986,2.92611878824491e-05
36.25,-0.0004226716787659234,-0.00020931011772918918,2.9424959781312835e-05
36.300000000000004,-0.00043308880126810735,-0.0002073668130757472,2.9582009084102993e-05
36.35,-0.00044340756737479026,-0.00020537594261845518,2.973230243072012e-05
36.4,-0.00045362561098600363,-0.00020333799560416435,2.9875807977913255e-05
36.45,-0.0004637405907088566,-0.00020125347105089908,3.0012495405337623e-05
36.5,-0.0004737501903433411,-0.00019912287763760472,3.014233592130861e-05
36.550000000000004,-0.0004836521193625954,-0.0001969467335921556,3.026530226825031e-05
36.6,-0.0004934441133875037,-0.00019472556657764038,3.0381368727836342e-05
36.65,-0.0005031239346555877,-0.00019245991357692542,3.0490511125821664e-05
36.7,-0.0005126893724840697,-0.00019015032077551437,3.059270683656324e-05
36.75,-0.0005221382437270371,-0.0001877973434427127,3.068793478722813e-05
36.800000000000004,-0.0005314683932266355,-0.0001854015458111054,3.0776175461687495e-05
36.85,-0.000540677694258174,-0.0001829635009543687,3.085741090409472e-05
36.9,-0.0005497640489691003,-0.00018048379066341929,3.093162472214655e-05
36.95,-0.0005587253888117274,-0.00017796300532092318,3.099880209002568e-05
37.0,-0.000567559674969647,-0.00017540174377417517,3.1058929751023424e-05
37.050000000000004,-0.0005762648987777572,-0.00017280061320636088,3.111199601984159e-05
37.1,-0.000584839082135796,-0.00017016022900622556,3.1157990784571926e-05
37.15,-0.000593280277915336,-0.00016748121463615564,3.119690550835253e-05
37.2,-0.0006015865703601327,-0.0001647642014986989,3.122873323069989e-05
37.25,-0.0006097560754797595,-0.0001620098288015372,3.125346856851576e-05
37.300000000000004,-0.0006177869414364652,-0.0001592187434209264,3.127110771676807e-05
37.35,-0.0006256773489251476,-0.0001563915997636315,3.128164844884495e-05
37.4,-0.0006334255115464046,-0.00015352905962736526,3.1285090116581355e-05
37.45,-0.0006410296761725584,-0.00015063179205975952,3.128143364995751e-05
37.5,-0.000648488123306592,-0.00014770047321588657,3.127068155646868e-05
37.550000000000004,-0.000655799167433937,-0.00014473578621434705,3.1252837920165875e-05
37.6,-0.000662961157367015,-0.00014173842099195669,3.122790840036699e-05
37.65,-0.0006699724765824929,-0.00013870907415704188,3.119590023003814e-05
37.7,-0.00067683154355116,-0.000135648448841377,3.115682221384496e-05
37.75,-0.0006835368120603678,-0.00013255725455078323,3.1110684725873696e-05
37.800000000000004,-0.0006900867715289767,-0.0001294362070144081,3.105749970702195e-05
37.85,-0.0006964799473147195,-0.0001262860280327215,3.09972806620593e-05
37.9,-0.0007027149010139477,-0.00012310744532423952,3.093004265635759e-05
37.95,-0.0007087902307536736,-0.00011990119237101352,3.085580231229129e-05
38.0,-0.0007147045714758557,-0.00011666800826290531,3.0774577805308096e-05
38.050000000000004,-0.0007204565952138779,-0.00011340863754067097,3.068638885967001e-05
38.1,-0.0007260450113611401,-0.00011012383003789158,3.059125674386553e-05
38.15,-0.0007314685669317298,-0.00010681434072176479,3.0489204265693077e-05
38.2,-0.0007367260468130972,-0.00010348092953279669,3.0380255767016646e-05
38.25,-0.0007418162740106883,-0.00010012436122341806,3.0264437118194092e-05
38.300000000000004,-0.0007467381098844901,-9.674540519554912e-05,3.0141775712178632e-05
38.35,-0.0007514904543774166,-9.334483533715418e-05,3.0012300458294834e-05
38.400000000000006,-0.0007560722462355103,-8.992342985780115e-05,2.9876041775689397e-05
38.45,-0.0007604824632198857,-8.648197112327182e-05,2.9733031586458314e-05
38.5,-0.0007647201223103906,-8.302124548923844e-05,2.9583303308450795e-05
38.550000000000004,-0.000768784279900922,-7.954204313405007e-05,2.9426891847751665e-05
38.6,-0.0007726740319863594,-7.604515789065543e-05,2.9263833590843217e-05
38.650000000000006,-0.00077638851434108,-7.253138707768903e-05,2.909416639644752e-05
38.7,-0.0007799269026889984,-6.900153132976563e-05,2.8917929587051203e-05
38.75,-0.0007832884128651114,-6.545639442700061e-05,2.8735163940113392e-05
38.800000000000004,-0.0007864723009684934,-6.18967831238019e-05,2.854591167895895e-05
38.85,-0.0007894778635067153,-5.832350697696189e-05,2.835021646335841e-05
38.900000000000006,-0.0007923044375316549,-5.473737817307808e-05,2.814812337979589e-05
38.95,-0.0007949514007666563,-5.113921135534918e-05,2.7939678931427623e-05
39.0,-0.00079741817172502,-4.752982344976597e-05,2.7724931027731873e-05
39.050000000000004,-0.0007997042098197842,-4.391003349074425e-05,2.7503928973853064e-05
39.1,-0.000801809015464775,-4.028066244622999e-05,2.727672345964165e-05
39.150000000000006,-0.0008037321301669024,-3.6642533042306786e-05,2.7043366548391613e-05
39.2,-0.0008054731366096703,-3.2996469587354015e-05,2.680391166527843e-05
39.25,-0.0008070316587278886,-2.9343297795776394e-05,2.6558413585498767e-05
39.300000000000004,-0.0008084073617735584,-2.568384461135362e-05,2.6306928422115038e-05
39.35,-0.0008095999523729168,-2.2018938030241577e-05,2.604951361360683e-05
39.400000000000006,-0.0008106091785746256,-1.8349406923656446e-05,2.5786227911131282e-05
39.45,-0.000811434829889084,-1.4676080860291468e-05,2.5517131365495836e-05
39.5,-0.000812076737318859,-1.0999789928487953e-05,2.5242285313844805e-05
39.550000000000004,-0.0008125347733802175,-7.321364558210639e-06,2.4961752366063375e-05
39.6,-0.0008128088521157529,-3.6416353428597843e-06,2.467559639090137e-05
39.650000000000006,-0.0008128989290981003,3.856713904780469e-08,2.438388250181918e-05
39.7,-0.0008128050014247317,3.7184125022778324e-06,2.4086677042559727e-05
39.75,-0.0008125271077038315,7.397070733335412e-06,2.3784047572448108e-05
39.800000000000004,-0.0008120653280312467,1.1073712368928813e-05,2.34760628514231e-05
39.85,-0.0008114197839585171,1.474750867440691e-05,2.316279282480296e-05
39.900000000000006,-0.000810590638451982,1.8417631822137385e-05,2.2844308607788467e-05
39.95,-0.0008095780958429732,2.2083255069774105e-05,2.2520682469707267e-05
40.0,-0.0008083824017690964,2.574355293839085e-05,2.219198781800162e-05
40.050000000000004,-0.0008070038431066096,2.9397701390429806e-05,2.1858299181963905e-05
40.1,-0.0008054427478939128,3.3044878007431236e-05,2.151969219622288e-05
40.150000000000006,-0.000803699485246152,3.6684262167510984e-05,2.117624358398368e-05
40.2,-0.0008017744652609629,4.0315035222533856e-05,2.0828031140026177e-05
40.25,-0.000799668138915358,4.393638067495971e-05,2.047513371346396e-05
40.300000000000004,-0.0007973809979537849,4.7547484354310434e-05,2.0117631190268713e-05
40.35,-0.0007949135747673711,5.114753459322421e-05,1.9755604475563194e-05
40.400000000000006,-0.0007922664422643734,5.4735722403063235e-05,1.938913547568614e-05
40.45,-0.0007894402137318645,5.8311241649023286e-05,1.9018307080034073e-05
40.5,-0.0007864355426886725,6.187328922472153e-05,1.864320314268245e-05
40.550000000000004,-0.0007832531227296071,6.542106522621126e-05,1.8263908463791313e-05
40.6,-0.0007798936873610022,6.895377312538957e-05,1.7880508770798902e-05
40.650000000000006,-0.0007763580098275984,7.247061994276462e-05,1.749309069940678e-05
40.7,-0.0007726469029308107,7.59708164195311e-05,1.710174177436183e-05
40.75,-0.0007687612188384049,7.945357718893026e-05,1.6706550390037724e-05
40.800000000000004,-0.0007647018488856277,8.291812094684391e-05,1.6307605790821317e-05
40.85,-0.0007604697233678283,8.63636706215885e-05,1.5904998051307766e-05
40.900000000000006,-0.000756065811324605,8.978945354287638e-05,1.549881805630804e-05
40.95,-0.0007514911203155352,9.319470160989367e-05,1.5089157480674562e-05
41.0,-0.0007467466961875131,9.657865145847107e-05,1.4676108768947706e-05
41.050000000000004,-0.0007418336228337608,9.994054462729814e-05,1.425976511482897e-05
41.1,-0.0007367530219445523,0.00010327962772314775,1.3840220440484747e-05
41.150000000000006,-0.0007315060527496951,0.00010659515258507807,1.3417569375684606e-05
41.2,-0.0007260939117528386,0.00010988637644756278,1.2991907236780136e-05
41.25,-0.0007205178324576435,0.00011315256210252656,1.2563330005527177e-05
41.300000000000004,-0.000714779085085883,0.00011639297806023701,1.2131934307757529e-05
41.35,-0.0007088789762875315,0.00011960689870902092,1.169781739190427e-05
41.400000000000006,-0.0007028188488428874,0.00012279360447377296,1.1261077107384786e-05
41.45,-0.0006966000813568149,0.00012595238197320893,1.082181188284773e-05
41.5,-0.0006902240879451421,0.00012908252417584103,1.0380120704286978e-05
41.550000000000004,-0.0006836923179133021,0.0001321833305546281,9.936103093028815e-06
41.6,-0.0006770062554272753,0.00013525410724026958,9.489859083596692e-06
41.650000000000006,-0.0006701674191768922,0.00013829416717311263,9.041489201457757e-06
41.7,-0.000663177362031591,0.00014130283025362564,8.59109444065768e-06
41.75,-0.0006560376706886728,0.0001442794234914171,8.138776241346817e-06
41.800000000000004,-0.0006487499653141535,0.0001472232811527541,7.684636467204274e-06
41.85,-0.0006413158991762775,0.00015013374490655096,7.2287773827642495e-06
41.900000000000006,-0.0006337371582717615,0.00015301016396879777,6.771301630649023e-06
41.95,-0.0006260154609448708,0.0001558518952453854,6.31231220871529e-06
42.0,-0.0006181525574993807,0.00015865830347330586,5.851912447116953e-06
42.050000000000004,-0.0006101502298035289,0.00016142876136018483,5.390205985291079e-06
42.1,-0.0006020102908880344,0.0001641626497221182,4.9272967488715765e-06
42.150000000000006,-0.0005937345845372559,0.00016685935761978415,4.463288926534944e-06
42.2,-0.0005853249848736057,0.00016951828249278926,3.998286946785026e-06
42.25,-0.0005767833959352737,0.00017213883029222875,3.5323954546799083e-06
42.300000000000004,-0.0005681117512473808,0.00017472041561142042,3.0657192885077876e-06
42.35,-0.0005593120133866408,0.00017726246181478522,2.5983634564164048e-06
42.400000000000006,-0.0005503861735396147,0.00017976440116484818,2.130433113000588e-06
42.45,-0.0005413362510546797,0.00018222567494732036,1.662033535854761e-06
42.5,-0.0005321642929877745,0.00018464573359424356,1.193270102093749e-06
42.550000000000004,-0.000522872373642049,0.00018702403680515955,7.24248264848707e-07
42.6,-0.0005134625941015058,0.00018936005366627917,2.5507352974283975e-07
42.650000000000006,-0.0005039370817587204,0.00019165326276762639,-2.1414856864849964e-07
42.7,-0.0004942979898367751,0.00019390315231812108,-6.833124903464332e-07
42.75,-0.0004845474969054715,0.00019610922025858362,-1.1523127135225454e-06
42.800000000000004,-0.000474687806391958,0.0001982709743726259,-1.621043758051331e-06
42.85,-0.0004647211460858667,0.0002003879323954061,-2.0894002090564853e-06
42.900000000000006,-0.00045464976763905237,0.0002024596221202245,-2.5572767404463897e-06
42.95,-0.0004444759460600775,0.00020448558150292713,-3.024568138431847e-06
43.0,-0.0004342019792035106,0.00020646535876410132,-3.491169325022788e-06
43.050000000000004,-0.0004238301872541853,0.00020839851248903197,-3.956975381497e-06
43.1,-0.0004133629122065181,0.00021028461172539718,-4.4218815718362326e-06
43.150000000000006,-0.0004028025173389833,0.00021212323607868271,-4.885783366125119e-06
43.2,-0.00039215138668389745,0.0002139139758052859,-5.34857646390595e-06
43.25,-0.00038141192449258384,0.00021565643190329435,-5.8101568174860345e-06
43.300000000000004,-0.0003705865546960721,0.00021735021620091147,-6.270420655190757e-06
43.35,-0.00035967772036143595,0.00021899495144250998,-6.72926450455772e-06
43.400000000000006,-0.00034868788314387203,0.0002205902713722953,-7.186585215467464e-06
43.45,-0.00033761952273467965,0.0002221358208155524,-7.642279983203804e-06
43.5,-0.0003264751363052151,0.0002236312557574638,-8.09624637144065e-06
43.550000000000004,-0.0003152572379469823,0.00022507624341947387,-8.548382335148442e-06
43.6,-0.00030396835810796657,0.00022647046233318307,-8.998586243415648e-06
43.650000000000006,-0.0002926110430253202,0.0002278136024117565,-9.446756902180913e-06
43.7,-0.000281187854154564,0.00022910536501882407,-9.892793576869006e-06
43.75,-0.00026970136759538275,0.00023034546303486164,-1.0336596014927449e-05
43.800000000000004,-0.00025815417351418113,0.00023153362092103187,-1.0778064468257116e-05
43.85,-0.0002465488755635113,0.00023266957478047128,-1.1217099715532365e-05
43.900000000000006,-0.00023488809029848418,0.00023375307241701012,-1.1653603084406286e-05
43.95,-0.00022317444659033367,0.00023478387339130626,-1.2087476473594491e-05
44.0,-0.00021141058503721448,0.00023576174907438428,-1.251862237483431e-05
44.050000000000004,-0.00019959915737240456,0.00023668648269856222,-1.294694389471284e-05
44.1,-0.000187742825870027,0.00023755786940575553,-1.3372344776359633e-05
44.150000000000006,-0.0001758442627484056,0.00023837571629314677,-1.379472942099957e-05
44.2,-0.00016390614957122846,0.00023913984245620669,-1.421400290935968e-05
44.25,-0.0001519311766466015,0.00023985007902905953,-1.463007102292672e-05
44.300000000000004,-0.00013992204242416724,0.00024050626922217925,-1.5042840265049322e-05
44.35,-0.00012788145289040597,0.00024110826835740829,-1.5452217881880487e-05
44.400000000000006,-0.00011581212096223561,0.0002416559439002908,-1.5858111883156195e-05
44.45,-0.00010371676587908832,0.0002421491754897095,-1.626043106280411e-05
44.5,-9.15981125935468e-05,0.00024258785496482124,-1.6659085019379297e-05
44.550000000000004,-7.945889116071888e-05,0.00024297188638928164,-1.7053984176320966e-05
44.6,-6.730183612646864e-05,0.00024330118607275358,-1.7445039802026228e-05
44.650000000000006,-5.512968591462299e-05,0.0002435756825896939,-1.7832164029736823e-05
44.7,-4.294518221333298e-05,0.00024379531679541178,-1.8215269877232955e-05
44.75,-3.0751069360674455e-05,0.0002439600418393953,-1.859427126633139e-05
44.800000000000004,-1.855009372966819e-05,0.0002440698231759016,-1.8969083042182083e-05
44.85,-6.34500311283892e-06,0.00024412463857180738,-1.9339620992359425e-05
44.900000000000006,5.861453893566882e-06,0.00024412447811171704,-1.9705801865744372e-05
44.95,1.8066528505524066e-05,0.00024406934420032612,-2.0067543391191814e-05
45.0,3.0267472367247375e-05,0.00024395925156203889,-2.042476429598053e-05
45.050000000000004,4.246153816710489e-05,0.0002437942272378388,-2.0777384324040248e-05
45.1,5.464598025330634e-05,0.00024357431057941208,-2.1125324253952155e-05
45.150000000000006,6.681805524924617e-05,0.00024329955324052426,-2.1468505916719327e-05
45.2,7.897502266832098e-05,0.0002429700191656515,-2.180685221330175e-05
45.25,9.111414552813565e-05,0.00024258578457586721,-2.214028713191345e-05
45.300000000000004,0.00010323269096391817,0.00024214693795198753,-2.2468735765076546e-05
45.35,0.00011532793084102308,0.0002416535800149781,-2.2792124326428938e-05
45.400000000000006,0.00012739714236640424,0.00024110582370362484,-2.3110380167282116e-05
45.45,0.000139437608698877,0.00024050379414947498,-2.3423431792924308e-05
45.5,0.0001514466195580848,0.00023984762864905063,-2.3731208878666595e-05
45.550000000000004,0.0001634214718319917,0.0002391374766333425,-2.403364228562715e-05
45.6,0.0001753594701827813,0.00023837349963458905,-2.4330664076250565e-05
45.650000000000006,0.00018725792765104406,0.00023755587125034688,-2.462220752955907e-05
45.7,0.00019911416625807522,0.00023668477710486193,-2.490820715613121e-05
45.75,0.00021092551760619927,0.0002357604148077466,-2.518859871280571e-05
45.800000000000004,0.0002226893234769441,0.00023478299390997394,-2.546331921710624e-05
45.85,0.00023440293642694823,0.00023375273585719714,-2.573230696138422e-05
45.900000000000006,0.0002460637203814839,0.0002326698739404027,-2.5995501526676733e-05
45.95,0.00025766905122542145,0.0002315346532439112,-2.625284379627554e-05
46.0,0.00026921631739155257,0.00023034733059073227,-2.6504275969005158e-05
46.050000000000004,0.0002807029204460987,0.0002291081744852894,-2.6749741572206112e-05
46.1,0.0002921262756712905,0.0002278174650535252,-2.6989185474420733e-05
46.150000000000006,0.00030348381264490347,0.00022647549398039835,-2.7222553897778973e-05
46.2,0.00031477297581657907,0.00022508256444478977,-2.7449794430080555e-05
46.25,0.00032599122508085107,0.00022363899105182718,-2.7670856036571707e-05
46.300000000000004,0.0003371360363467078,0.00022214509976264688,-2.788568907141298e-05
46.35,0.00034820490210357854,0.00022060122782160653,-2.809424528883588e-05
46.400000000000006,0.0003591953319836333,0.00021900772368096236,-2.829647785398599e-05
46.45,0.00037010485332022975,0.00021736494692303272,-2.8492341353449512e-05
46.5,0.0003809310117024289,0.0002156732681798584,-2.8681791805461542e-05
46.550000000000004,0.0003916713715254166,0.0002139330690503829,-2.886478666979313e-05
46.6,0.0004023235165367222,0.0002121447420151684,-2.9041284857315137e-05
46.650000000000006,0.0004128850503781268,0.00021030869034866417,-2.921124673923694e-05
46.7,0.0004233535971231019,0.00020842532802905223,-2.9374634156017236e-05
46.75,0.0004337268018097025,0.00020649507964568307,-2.953141042594572e-05
46.800000000000004,0.0004440023309687571,0.00020451838030412797,-2.9681540353392953e-05
46.85,0.0004541778731472513,0.00020249567552886653,-2.9824990236726863e-05
46.900000000000006,0.00046425113942680175,0.0002004274211636278,-2.9961727875894276e-05
46.95,0.0004742198639370674,0.00019831408326941442,-3.0091722579665177e-05
47.0,0.00048408180436402556,0.0001961561380202234,-3.021494517253864e-05
47.050000000000004,0.0004938347424529631,0.00019395407159649434,-3.033136800130844e-05
47.1,0.0005034764845060836,0.0001917083800763053,-3.044096494128693e-05
47.150000000000006,0.0005130048618746323,0.0001894195693243378,-3.0543711402185996e-05
47.2,0.0005224177314453937,0.0001870881548786432,-3.0639584333653264e-05
47.25,0.0005317129761214931,0.00018471466183522605,-3.072856223046288e-05
47.300000000000004,0.00054088850529736,0.0001822996247304783,-3.0810625137359065e-05
47.35,0.0005499422553277597,0.00017984358742148725,-3.0885754653551766e-05
47.400000000000006,0.0005588721899908017,0.00017734710296424022,-3.095393393686327e-05
47.45,0.0005676763009447859,0.0001748107334897622,-3.1015147707524557e-05
47.5,0.0005763526081788242,0.00017223505007820305,-3.1069382251620964e-05
47.550000000000004,0.0005848991604571028,0.00016962063263091154,-3.111662542418601e-05
47.6,0.0005933140357566997,0.00016696806974052114,-3.1156866651942686e-05
47.650000000000006,0.0006015953416988678,0.0001642779585590727,-3.119009693569185e-05
47.7,0.0006097412159736587,0.00016155090466421306,-3.121630885234681e-05
47.75,0.0006177498267578269,0.00015878752192348799,-3.123549655661385e-05
47.800000000000004,0.0006256193731258895,0.00015598843235676925,-3.124765578231823e-05
47.85,0.0006333480854542609,0.00015315426599684306,-3.125278384337527e-05
47.900000000000006,0.000640934225818384,0.00015028566074818664,-3.125087963440645e-05
47.95,0.000648376088382738,0.00014738326224397502,-3.124194363100014e-05
48.0,0.0006556719997836694,0.00014444772370133762,-3.122597788961709e-05
48.050000000000004,0.0006628203195049328,0.00014147970577490712,-3.120298604714055e-05
48.1,0.000669819440245866,0.00013847987640868987,-3.1172973320071166e-05
48.150000000000006,0.0006766677882821287,0.00013544891068628613,-3.113594650336675e-05
48.2,0.0006833638238188959,0.00013238749067950482,-3.109191396892726e-05
48.25,0.0006899060413364574,0.0001292963052953936,-3.104088566372521e-05
48.300000000000004,0.0006962929699281206,0.0001261760501217296,-3.0982873107581984e-05
48.35,0.00070252317363035,0.00012302742727100083,-3.091788939059057e-05
48.400000000000006,0.0007085952517450777,0.00011985114522290906,-3.0845949170185056e-05
48.45,0.0007145078391540896,0.00011664791866544062,-3.076706866785794e-05
48.5,0.000720259606625443,0.00011341846833452733,-3.0681265665525474e-05
48.550000000000004,0.0007258492611118246,0.00011016352085234468,-3.058855950154232e-05
48.6,0.0007312755460407896,0.00010688380856427928,-3.048897106636603e-05
48.650000000000006,0.0007365372415968251,0.00010358006937459749,-3.038252279787255e-05
48.7,0.0007416331649951535,0.0001002530465808636,-3.0269238676323694e-05
48.75,0.0007465621707472373,9.690348870713101e-05,-3.01491442189876e-05
48.800000000000004,0.0007513231509179066,9.353214933595538e-05,-3.0022266474413625e-05
48.85,0.0007559150353740584,9.013978693926299e-05,-2.9888634016362793e-05
48.900000000000006,0.0007603367920248789,8.672716470810741e-05,-2.9748276937394956e-05
48.95,0.0007645874270535154,8.32950503813648e-05,-2.9601226842114645e-05
49.0,0.0007686659851401685,7.9844216073392e-05,-2.9447516840076414e-05
49.050000000000004,0.0007725715496765345,7.637543810069789e-05,-2.9287181538351865e-05
49.1,0.0007763032429715583,7.288949680766277e-05,-2.9120257033759774e-05
49.150000000000006,0.0007798602264484549,6.938717639133945e-05,-2.89467809047608e-05
49.2,0.00078324170083294,6.586926472538804e-05,-2.8766792203019244e-05
49.25,0.0007864469063326457,6.233655318316938e-05,-2.858033144463292e-05
49.300000000000004,0.0007894751228076638,5.878983646004885e-05,-2.8387440601033822e-05
49.35,0.0007923256699321873,5.522991239494616e-05,-2.8188163089561308e-05
49.400000000000006,0.0007949979073472143,5.165758179116571e-05,-2.7982543763709682e-05
49.45,0.0007974912348042711,4.807364823656086e-05,-2.7770628903053e-05
49.5,0.0007998050923001328,4.4478917923057155e-05,-2.7552466202848556e-05
49.550000000000004,0.0008019389602025016,4.0874199465587936e-05,-2.732810476332208e-05
49.6,0.0008038923593666181,3.7260303720478007e-05,-2.7097595078636783e-05
49.650000000000006,0.0008056648512427819,3.363804360331107e-05,-2.686098902554834e-05
49.7,0.0008072560379747487,3.0008233906334814e-05,-2.6618339851749246e-05
49.75,0.000808665562488992,2.6371691115429366e-05,-2.6369702163904106e-05
49.800000000000004,0.0008098931085747997,2.2729233226693162e-05,-2.611513191537944e-05
49.85,0.0008109384009551917,1.9081679562682387e-05,-2.585468639367034e-05
49.900000000000006,0.0008118012053486438,1.5429850588340214e-05,-2.5588424207526527e-05
49.95,0.0008124813285215986,1.1774567726670225e-05,-2.5316405273781575e-05
50.0,0.000812978618331756,8.11665317418008e-06,-2.503869080388709e-05
50.050000000000004,0.0008132929637621309,4.456929716149822e-06,-2.475534329015591e-05
50.1,0.00081342429494587,7.962205417613577e-07,-2.446642649171701e-05
50.150000000000006,0.0008133725831818235,-2.8646509408744546e-06,-2.4172005420184746e-05
50.2,0.0008131378409408659,-6.524861289738491e-06,-2.38721463250469e-05
50.25,0.0008127201218629651,-1.0183587213945633e-05,-2.35669166787733e-05
50.300000000000004,0.0008121195207450006,-1.3840005758754044e-05,-2.3256385161649694e-05
50.35,0.0008113361735193328,-1.7493294490504838e-05,-2.2940621646339596e-05
50.400000000000006,0.0008103702572231263,-2.1142631681455812e-05,-2.2619697182177324e-05
50.45,0.000809221989958438,-2.478719649445449e-05,-2.229368397919678e-05
50.5,0.0008078916308430731,-2.8426169167424398e-05,-2.196265539189824e-05
50.550000000000004,0.0008063794799522252,-3.205873119761019e-05,-2.162668590275794e-05
50.6,0.0008046858782509097,-3.568406552554511e-05,-2.128585110548368e-05
50.650000000000006,0.0008028112075172055,-3.9301356718704666e-05,-2.094022768801979e-05
50.7,0.0008007558902563263,-4.2909791154791994e-05,-2.0589893415306432e-05
50.75,0.0007985203896055328,-4.6508557204629275e-05,-2.0234927111795642e-05
50.800000000000004,0.0007961052092299147,-5.009684541460101e-05,-1.9875408643729358e-05
50.85,0.000793510893209063,-5.3673848688613174e-05,-1.9511418901182835e-05
50.900000000000006,0.0007907380259146525,-5.7238762469532386e-05,-1.9143039779876986e-05
50.95,0.0007877872318789733,-6.0790784920051406e-05,-1.877035416276509e-05
51.0,0.0007846591756544271,-6.432911710295543e-05,-1.8393445901396378e-05
51.050000000000004,0.0007813545616640308,-6.785296316073587e-05,-1.801239979706205e-05
51.1,0.0007778741340429563,-7.136153049451634e-05,-1.7627301581727384e-05
51.150000000000006,0.0007742186764711377,-7.485402994225519e-05,-1.7238237898753716e-05
51.2,0.0007703890119969943,-7.832967595617236e-05,-1.684529628341604e-05
51.25,0.0007663860028522951,-8.178768677937501e-05,-1.644856514321885e-05
51.300000000000004,0.0007622105502582176,-8.52272846216301e-05,-1.6048133738016117e-05
51.35,0.0007578635942226413,-8.864769583424905e-05,-1.5644092159939312e-05
51.400000000000006,0.0007533461133287126,-9.204815108404994e-05,-1.5236531313137385e-05
51.45,0.0007486591245147464,-9.542788552634598e-05,-1.4825542893334713e-05
51.5,0.0007438036828454923,-9.878613897693552e-05,-1.4411219367209925e-05
51.550000000000004,0.0007387808812748343,-0.0001021221560830431,-1.399365395160158e-05
51.6,0.0007335918503999708,-0.00010543518649317756,-1.357294059254492e-05
51.650000000000006,0.000728237758207122,-0.00010872448502587372,-1.3149173944143764e-05
51.7,0.0007227198098088404,-0.0001119893118372679,-1.2722449347283777e-05
51.75,0.0007170392471729601,-0.00011522893258748327,-1.2292862808190142e-05
51.800000000000004,0.0007111973488432668,-0.00011844261860577628,-1.18605109768359e-05
51.85,0.0007051954296519405,-0.0001216296470544111,-1.1425491125205325e-05
51.900000000000006,0.00069903484042383,-0.0001247893010912302,-1.0987901125416484e-05
51.95,0.0006927169676726446,-0.00012792087003087255,-1.0547839427709535e-05
52.0,0.0006862432332891061,-0.000131023649504617,-1.0105405038303824e-05
52.050000000000004,0.0006796150942211532,-0.00013409694161880335,-9.660697497130324e-06
52.1,0.0006728340421462604,-0.00013714005511180006,-9.213816855443805e-06
52.150000000000006,0.0006659016031359375,-0.00014015230550948736,-8.764863653319135e-06
52.2,0.0006588193373125055,-0.00014313301527921007,-8.31393889703836e-06
52.25,0.0006515888384982005,-0.00014608151398217808,-7.861144036371766e-06
52.300000000000004,0.0006442117338567066,-0.00014899713842426957,-7.406580941759633e-06
52.35,0.0006366896835271892,-0.00015187923280520738,-6.950351881399086e-06
52.400000000000006,0.0006290243802509006,-0.00015472714886607868,-6.492559498240721e-06
52.45,0.0006212175489904673,-0.00015754024603515483,-6.033306786901631e-06
52.5,0.000613270946541914,-0.00016031789157199014,-5.57269707049821e-06
52.550000000000004,0.0006051863611395366,-0.00016305946070975768,-5.110833977405484e-06
52.6,0.0005969656120537037,-0.0001657643367957935,-4.647821417947631e-06
52.650000000000006,0.0005886105491816645,-0.00016843191143032179,-4.183763561024191e-06
52.7,0.0005801230526314844,-0.00017106158460331977,-3.718764810678951e-06
52.75,0.0005715050322991666,-0.0001736527648295032,-3.252929782614743e-06
52.800000000000004,0.0005627584274390838,-0.00017620486928139227,-2.786363280661131e-06
52.85,0.0005538852062278056,-0.00017871732392043198,-2.3191702731996074e-06
52.900000000000006,0.0005448873653214068,-0.0001811895636261409,-1.8514558695509296e-06
52.95,0.0005357669294063865,-0.00018362103232325006,-1.383325296331589e-06
53.0,0.0005265259507442625,-0.00018601118310681414,-9.148838737827446e-07
53.050000000000004,0.0005171665087099742,-0.00018835947836525803,-4.462369920785822e-07
53.1,0.0005076907093241852,-0.0001906653899013342,2.2509912381179814e-08
53.150000000000006,0.0004981006847795776,-0.00019292839905096733,4.9125138069006e-07
53.2,0.000488398592961278,-0.00019514799679995075,9.598819551577215e-07
53.25,0.0004785866169614819,-0.00019732368389847847,1.4282962030338214e-06
53.300000000000004,0.00046866696458842033,-0.00019945497097347855,1.8963887402256737e-06
53.35,0.0004586418678697653,-0.00020154137863872626,2.364054255005143e-06
53.400000000000006,0.00044851358255057125,-0.0002035824376027146,2.831187531700032e-06
53.45,0.00043828438758590125,-0.0002055776887742507,3.2976834743630186e-06
53.5,0.0004279565846282089,-0.00020752668336576315,3.7634371304147845e-06
53.550000000000004,0.00041753249750962716,-0.00020942898299428943,4.228343714254342e-06
53.6,0.00040701447171926643,-0.00021128415978012382,4.692298630831911e-06
53.650000000000006,0.0003964048738756242,-0.0002130917964431063,5.1551974991797765e-06
53.7,0.00038570609119426214,-0.00021485148639652362,5.616936175894027e-06
53.75,0.0003749205309508258,-0.00021656283383860974,6.077410778564006e-06
53.800000000000004,0.0003640506199395646,-0.000218225453841618,6.5365177091424995e-06
53.85,0.00035309880392745985,-0.00021983897243844818,6.994153677252059e-06
53.900000000000006,0.00034206754710406696,-0.0002214030267068107,7.450215723422849e-06
53.95,0.00033095933152723516,-0.00022291726485090336,7.904601242255212e-06
54.0,0.00031977665656478233,-0.0002243813462805889,8.357208005503643e-06
54.050000000000004,0.00030852203833228937,-0.0002257949416880503,8.807934185075344e-06
54.1,0.0002971980091271256,-0.00022715773312190825,9.256678375938893e-06
54.150000000000006,0.00028580711685881566,-0.00022846941405878663,9.703339618938463e-06
54.2,0.0002743519244759169,-0.00022972968947230414,1.0147817423506822e-05
54.25,0.0002628350093894873,-0.00023093827589948314,1.0590011790274034e-05
54.300000000000004,0.0002512589628933138,-0.00023209490150455554,1.1029823233565029e-05
54.35,0.0002396263895810164,-0.00023319930614015312,1.1467152803781759e-05
54.400000000000006,0.00022793990676014158,-0.00023425124140587052,1.1901902109665394e-05
54.45,0.00021620214386341825,-0.00023525047070418334,1.233397334043212e-05
54.5,0.00020441574185725935,-0.00023619676929371338,1.276326928777929e-05
54.550000000000004,0.0001925833526476836,-0.00023708992433982544,1.3189693367755528e-05
54.6,0.00018070763848377416,-0.0002379297349625456,1.3613149642490426e-05
54.650000000000006,0.0001687912713587918,-0.00023871601228179161,1.4033542841779576e-05
54.7,0.0001568369324091194,-0.00023944857945990168,1.4450778384518552e-05
54.75,0.00014484731131112218,-0.00024012727174145613,1.4864762399982827e-05
54.800000000000004,0.00013282510567610173,-0.00024075193649037961,1.5275401748947317e-05
54.85,0.00012077302044346324,-0.00024132243322431702,1.5682604044641464e-05
54.900000000000006,0.000108693767272215,-0.000241838633646276,1.608627767353563e-05
54.95,9.659006393098003e-05,-0.0002423004216735268,1.6486331815952743e-05
55.0,8.446463368660565e-05,-0.00024270769346375538,1.688267646650226e-05
55.050000000000004,7.232020469155143e-05,-0.00024306035743846172,1.7275222454330394e-05
55.1,6.015950937017611e-05,-0.0002433583343035993,1.766388146318266e-05
55.150000000000006,4.798528380404447e-05,-0.00024360155706745128,1.8048566051274766e-05
55.2,3.580026711643542e-05,-0.0002437899710557378,1.842918967096596e-05
55.25,2.360720085613807e-05,-0.00024392353392395304,1.8805666688232104e-05
55.300000000000004,1.1408828380717601e-05,-0.00024400221566692746,1.917791240193267e-05
55.35,-7.921057606275931e-07,-0.00024402599862561401,1.954584306286795e-05
55.400000000000006,-1.2992856444495937e-05,-0.0002439948774910967,1.9909375892622613e-05
55.45,-2.519067859081768e-05,-0.00024390885930582014,2.026842910219014e-05
55.5,-3.738282778040792e-05,-0.00024376796346204028,2.062292191037546e-05
55.550000000000004,-4.9566560872355334e-05,-0.00024357222169749628,2.0972774561970364e-05
55.6,-6.173913662112507e-05,-0.00024332167808830478,2.1317908345698134e-05
55.650000000000006,-7.389781629325426e-05,-0.00024301638903907784,2.1658245611923854e-05
55.7,-8.603986428345811e-05,-0.0002426564232702671,2.199370979012511e-05
55.75,-9.816254873005984e-05,-0.0002422418618027365,2.2324225406120715e-05
55.800000000000004,-0.00011026314212956276,-0.00024177279793956757,2.264971809905229e-05
55.85,-0.00012233892195024352,-0.00024124933724510139,2.297011463811542e-05
55.900000000000006,-0.00013438717124464574,-0.00024067159752122063,2.3285342939037023e-05
55.95,-0.00014640517926079298,-0.00024003970878087942,2.359533208029414e-05
56.0,-0.00015839024205203532,-0.00023935381321888425,2.39000123190718e-05
56.050000000000004,-0.00017033966308534925,-0.0002386140651799345,2.4199315106955238e-05
56.1,-0.00018225075384797125,-0.00023782063112392937,2.4493173105353488e-05
56.150000000000006,-0.00019412083445224552,-0.00023697368958854742,2.478152020065116e-05
56.2,-0.00020594723423850725,-0.00023607343114911023,2.5064291519084035e-05
56.25,-0.00021772729237591677,-0.00023512005837573546,2.534142344133634e-05
56.300000000000004,-0.00022945835846106683,-0.00023411378578779216,2.5612853616855377e-05
56.35,-0.00024113779311424552,-0.0002330548398056673,2.5878520977880748e-05
56.400000000000006,-0.0002527629685732372,-0.00023194345869985278,2.613836575318534e-05
56.45,-0.00026433126928448607,-0.00023077989253736842,2.6392329481524055e-05
56.5,-0.0002758400924915393,-0.00022956440312552772,2.66403550247884e-05
56.550000000000004,-0.000287286848820596,-0.0002282972639530637,2.6882386580862974e-05
56.6,-0.0002986689628630465,-0.00022697876012862605,2.7118369696181478e-05
56.650000000000006,-0.00030998387375488756,-0.00022560918831666173,2.7348251277979567e-05
56.7,-0.00032122903575284217,-0.00022418885667069792,2.75719796062411e-05
56.75,-0.00033240191880710296,-0.00022271808476403686,2.7789504345336037e-05
56.800000000000004,-0.00034350000913052983,-0.0002211972035178828,2.800077655534652e-05
56.85,-0.0003545208097641904,-0.00021962655512691536,2.8205748703078944e-05
56.900000000000006,-0.0003654618411391312,-0.00021800649298232402,2.8404374672759856e-05
56.95,-0.000376320641634214,-0.00021633738159232622,2.859660977641252e-05
57.0,-0.0003870947681299389,-0.00021461959650018048,2.8782410763912606e-05
57.050000000000004,-0.0003977817965580901,-0.0002128535241997185,2.8961735832720184e-05
57.1,-0.0004083793224470973,-0.0002110395620484132,2.9134544637285977e-05
57.150000000000006,-0.0004188849614630037,-0.00020917811817799953,2.930079829813007e-05
57.2,-0.0004292963499458823,-0.00020726961140267447,2.9460459410590427e-05
57.25,-0.00043961114544162426,-0.0002053144711248894,2.961349205323988e-05
57.300000000000004,-0.0004498270272289422,-0.0002033131372387621,2.9759861795969233e-05
57.35,-0.00045994169684148545,-0.00020126606003112812,2.989953570773481e-05
57.400000000000006,-0.00046995287858496323,-0.00019917370008025036,3.0032482363968924e-05
57.45,-0.00047985832004912435,-0.00019703652815221718,3.01586718536511e-05
57.5,-0.0004896557926145203,-0.00019485502509504333,3.0278075786039076e-05
57.550000000000004,-0.0004993430919539027,-0.00019262968173050518,3.0390667297057494e-05
57.6,-0.0005089180385281563,-0.00019036099874373148,3.0496421055343207e-05
57.650000000000006,-0.0005183784780766695,-0.00018804948657057124,3.0595313267945785e-05
57.7,-0.0005277222821019982,-0.00018569566528277233,3.0687321685681733e-05
57.75,-0.0005369473483487543,-0.00018330006447098656,3.0772425608141554e-05
57.800000000000004,-0.0005460516012765772,-0.000180863223125636,3.08506058883482e-05
57.85,-0.000555032992527096,-0.00017838568951566395,3.0921844937065997e-05
57.900000000000006,-0.00056388950138479,-0.00017586802106519462,3.098612672675927e-05
57.95,-0.0005726191352316106,-0.0001733107842281375,3.104343679519932e-05
58.0,-0.000581219929995303,-0.00017071455436075446,3.109376224871945e-05
58.050000000000004,-0.0005896899505912912,-0.00016807991559222702,3.11370917651169e-05
58.1,-0.0005980272913580445,-0.00016540746069324946,3.117341559620129e-05
58.150000000000006,-0.0006062300764858348,-0.00016269779094267329,3.120272556998891e-05
58.2,-0.0006142964604387623,-0.00015995151599224288,3.12250150925423e-05
58.25,-0.0006222246283699861,-0.00015716925372944102,3.1240279149454866e-05
58.300000000000004,-0.0006300127965300411,-0.0001543516301384848,3.1248514306980016e-05
58.35,-0.000637659212668158,-0.00015149927915949964,3.124971871280471e-05
58.400000000000006,-0.0006451621564265078,-0.0001486128425458987,3.124389209646713e-05
58.45,-0.0006525199397272564,-0.00014569296972001005,3.1231035769418494e-05
58.5,-0.0006597309071523715,-0.0001427403176269719,3.12111526247289e-05
58.550000000000004,-0.0006667934363160726,-0.00013975555058693887,3.118424713643729e-05
58.6,-0.0006737059382298489,-0.0001367393401456286,3.1150325358545754e-05
58.650000000000006,-0.0006804668576599743,-0.00013369236492323815,3.110939492365828e-05
58.7,-0.0006870746734774135,-0.0001306153104617744,3.1061465041264353e-05
58.75,-0.0006935278990000694,-0.00012750886907082062,3.100654649566773e-05
58.800000000000004,-0.0006998250823272717,-0.00012437373967178402,3.094465164356087e-05
58.85,-0.0007059648066664408,-0.00012121062764065551,3.087579441124567e-05
58.900000000000006,-0.0007119456906518615,-0.00011802024464931231,3.079999029150083e-05
58.95,-0.0007177663886554734,-0.00011480330850541039,3.0717256340097035e-05
59.0,-0.0007234255910896341,-0.00011156054299088938,3.062761117196017e-05
59.050000000000004,-0.0007289220247017659,-0.00010829267769913727,3.053107495698396e-05
59.1,-0.0007342544528608272,-0.00010500044787084747,3.0427669415492614e-05
59.150000000000006,-0.0007394216758355533,-0.00010168459422860007,3.03174178133546e-05
59.2,-0.0007444225310643832,-9.834586281021652e-05,3.0200344956748816e-05
59.25,-0.0007492558934170361,-9.498500480091101e-05,3.0076477186583963e-05
59.300000000000004,-0.0007539206754476579,-9.160277636428792e-05,2.994584237257277e-05
59.35,-0.0007584158276394907,-8.819993847221914e-05,2.9808469906962252e-05
59.400000000000006,-0.0007627403386410148,-8.477725673363425e-05,2.9664390697921185e-05
59.45,-0.0007668932354934945,-8.133550122227433e-05,2.951363716258678e-05
59.5,-0.000770873583849896,-7.787544630343367e-05,2.9356243219771575e-05
59.550000000000004,-0.0007746804881851112,-7.439787045974046e-05,2.919224428233257e-05
59.6,-0.0007783130919974482,-7.090355611601078e-05,2.9021677249204307e-05
59.650000000000006,-0.0007817705780013471,-6.739328946321042e-05,2.8844580497097247e-05
59.7,-0.0007850521683112648,-6.386786028157649e-05,2.8660993871864067e-05
59.75,-0.0007881571246167031,-6.032806176292367e-05,2.8470958679534985e-05
59.800000000000004,-0.0007910847483483274,-5.677469033218764e-05,2.827451767702483e-05
59.85,-0.0007938343808351453,-5.3208545468240796e-05,2.8071715062513625e-05
59.900000000000006,-0.0007964054034527121,-4.963042952401549e-05,2.78625964655026e-05
59.95,-0.0007987972377623202,-4.604114754598799e-05,2.7647208936548647e-05
60.0,-0.0008010093456411532,-4.244150709304854e-05,2.742560093667848e-05
60.050000000000004,-0.0008030412294033653,-3.883231805481095e-05,2.7197822326485833e-05
60.1,-0.0008048924319120639,-3.5214392469397596e-05,2.6963924354913724e-05
60.150000000000006,-0.0008065625366821707,-3.158854434073555e-05,2.6723959647723965e-05
60.2,-0.0008080511679741336,-2.7955589455417934e-05,2.6477982195657442e-05
60.25,-0.0008093579908784741,-2.4316345199156324e-05,2.6226047342286727e-05
60.300000000000004,-0.0008104827113911471,-2.0671630372878095e-05,2.596821177156466e-05
60.35,-0.0008114250764796961,-1.7022265008505287e-05,2.5704533495071308e-05
60.400000000000006,-0.000812184874140193,-1.3369070184451058e-05,2.5435071838961876e-05
60.45,-0.0008127619334449442,-9.712867840888228e-06,2.5159887430619384e-05
60.5,-0.0008131561245809567,-6.054480594815975e-06,2.4879042185013976e-05
60.550000000000004,-0.0008133673588791523,-2.3947315549791604e-06,2.45925992907729e-05
60.6,-0.0008133955888343258,1.2655558633230244e-06,2.430062319596393e-05
60.650000000000006,-0.0008132408081158413,4.925558123502985e-06,2.4003179593594997e-05
60.7,-0.0008129030515690646,8.584451752970153e-06,2.3700335406834326e-05
60.75,-0.0008123823952075309,1.2241413528410096e-05,2.339215877395312e-05
60.800000000000004,-0.0008116789561958504,1.589562066100247e-05,2.3078719032995313e-05
60.85,-0.0008107928928233554,1.954625098154142e-05,2.2760086706177346e-05
60.900000000000006,-0.0008097244044684934,2.3192483125421956e-05,2.2436333484021044e-05
60.95,-0.0008084737315539775,2.683349671743762e-05,2.2107532209224316e-05
61.0,-0.0008070411554926999,3.046847255636352e-05,2.1773756860271914e-05
61.050000000000004,-0.0008054269986244236,3.4096592799270155e-05,2.14350825347911e-05
61.1,-0.0008036316241432678,3.7717041145531845e-05,2.1091585432655487e-05
61.150000000000006,-0.000801655436015997,4.132900302049343e-05,2.0743342838840434e-05
61.2,-0.0007994988788911413,4.49316657587411e-05,2.0390433106034953e-05
61.25,-0.0007971624379989596,4.852421878695137e-05,2.0032935637012678e-05
61.300000000000004,-0.0007946466390422742,5.210585380626448e-05,1.9670930866767064e-05
61.35,-0.0007919520480781998,5.5675764974146146e-05,1.93045002444143e-05
61.400000000000006,-0.0007890792713907901,5.9233149085701826e-05,1.8933726214867555e-05
61.45,-0.0007860289553546378,6.277720575439018e-05,1.8558692200287917e-05
61.5,-0.0007828017862894494,6.63071375921099e-05,1.817948258131469e-05
61.550000000000004,-0.0007793984903056367,6.982215038860716e-05,1.7796182678080528e-05
61.6,-0.0007758198331409551,7.33214532901681e-05,1.7408878731015205e-05
61.650000000000006,-0.0007720666199882214,7.680425897756122e-05,1.7017657881441743e-05
61.7,-0.0007681396953141622,8.02697838431772e-05,1.6622608151970688e-05
61.75,-0.0007640399426694173,8.37172481673411e-05,1.6223818426695234e-05
61.800000000000004,-0.0007597682844897556,8.714587629374501e-05,1.5821378431193066e-05
61.85,-0.0007553256818885409,9.05548968039665e-05,1.5415378712338904e-05
61.900000000000006,-0.0007507131344404908,9.39435426910386e-05,1.5005910617931637e-05
61.95,-0.0007459316799567902,9.731105153202002e-05,1.4593066276142103e-05
62.0,-0.0007409823942515924,0.00010065666565954121,1.4176938574784473e-05
62.050000000000004,-0.0007358663908999762,0.00010397963233227583,1.3757621140417216e-05
62.1,-0.0007305848209874071,0.00010727920390430391,1.33352083172779e-05
62.150000000000006,-0.0007251388728507517,0.00011055463799333346,1.2909795146055872e-05
62.2,-0.0007195297718109212,0.0001138051976477306,1.2481477342509186e-05
62.25,-0.0007137587798971827,0.0001170301515123352,1.2050351275928663e-05
62.300000000000004,-0.000707827195563219,0.00012022877399301234,1.1616513947455583e-05
62.35,-0.0007017363533949923,0.00012340034541990808,1.118006296825712e-05
62.400000000000006,-0.0006954876238104711,0.0001265441522093766,1.0741096537564004e-05
62.45,-0.0006890824127513069,0.00012965948702453148,1.029971342057669e-05
62.5,-0.0006825221613665053,0.00013274564893439795,9.856012926243321e-06
62.550000000000004,-0.0006758083456881843,0.00013580194357161972,9.410094884915949e-06
62.6,-0.0006689424762994843,0.00013882768328868898,8.96205962588941e-06
62.650000000000006,-0.0006619260979946946,0.00014182218731266885,8.512007954827327e-06
62.7,-0.0006547607894316968,0.00014478478189836272,8.060041131081884e-06
62.75,-0.0006474481627767743,0.00014771480047990872,7.606260844910531e-06
62.800000000000004,-0.0006399898633418926,0.00015061158382075475,7.1507691945963985e-06
62.85,-0.0006323875692145218,0.00015347448016198446,6.6936686634768934e-06
62.900000000000006,-0.0006246429908800736,0.00015630284536896502,6.2350620968850075e-06
62.95,-0.0006167578708370664,0.00015909604307627327,5.775052679010129e-06
63.0,-0.0006087339832050693,0.00016185344483088,5.3137439096816764e-06
63.050000000000004,-0.0006005731333255435,0.00016457443023354992,4.851239581082312e-06
63.1,-0.0005922771573556591,0.00016725838707842966,4.3876437543953995e-06
63.150000000000006,-0.0005838479218551657,0.00016990471149079623,3.923060736391271e-06
63.2,-0.0005752873233664417,0.00017251280806292518,3.4575950559592336e-06
63.25,-0.0005665972879877776,0.00017508208998805953,2.991351440588564e-06
63.300000000000004,-0.0005577797709400235,0.00017761197919243966,2.5244347928055325e-06
63.35,-0.0005488367561266823,0.00018010190646536845,2.056950166570993e-06
63.400000000000006,-0.0005397702556875381,0.00018255131158728593,1.5890027436432655e-06
63.45,-0.0005305823095459492,0.0001849596434558155,1.1206978099132389e-06
63.5,-0.0005212749849498724,0.00018732636020976417,6.52140731715037e-07
63.550000000000004,-0.0005118503760067497,0.00018965092935104014,1.8343693211928124e-07
63.6,-0.0005023106032123542,0.00019193282786446366,-2.8530813278647084e-07
63.650000000000006,-0.0004926578129736835,0.00019417154233544772,-7.539889976253124e-07
63.7,-0.0004828941771260444,0.0001963665690655137,-1.222500211459765e-06
63.75,-0.0004730218924443952,0.00019851741418562568,-1.6907363615181993e-06
63.800000000000004,-0.00046304318014909037,0.00020062359376731015,-2.158592096912104e-06
63.85,-0.00045296028540612525,0.000202684633931539,-2.6259621523393628e-06
63.900000000000006,-0.00044277547682197883,0.00020470007095535456,-3.092741371769002e-06
63.95,-0.00043249104593320366,0.0002066694513762051,-3.5588247321003015e-06
64.0,-0.00042210930669083505,0.00020859233209397608,-4.024107366793035e-06
64.05,-0.0004116325949397727,0.00021046828047068677,-4.488484589461764e-06
64.10000000000001,-0.00040106326789322627,0.00021229687442783494,-4.951851917430008e-06
64.15,-0.0003904037036023693,0.00021407770254136264,-5.414105095237933e-06
64.2,-0.00037965630042127447,0.00021581036413423026,-5.875140118100188e-06
64.25,-0.0003688234764673111,0.000217494469366567,-6.3348532553060276e-06
64.3,-0.00035790766907708033,0.0002191296393233859,-6.793141073558462e-06
64.35000000000001,-0.0003469113342580263,0.0002207155060998405,-7.2499004602464495e-06
64.4,-0.00033583694613586166,0.00022225171288400223,-7.705028646644329e-06
64.45,-0.0003246869963978856,0.00022373791403714638,-8.158423231035142e-06
64.5,-0.0003134639937323812,0.00022517377517151932,-8.60998220175011e-06
64.55,-0.0003021704632641723,0.00022655897322557714,-9.059603960121002e-06
64.60000000000001,-0.00029080894598648195,0.00022789319653667515,-9.507187343339552e-06
64.65,-0.0002793819981892365,0.00022917614491119138,-9.952631647218216e-06
64.7,-0.00026789219088389565,0.00023040752969207302,-1.0395836648848972e-05
64.75,-0.0002563421092250024,0.00023158707382378335,-1.0836702629152595e-05
64.8,-0.00024473435192853463,0.00023271451191464066,-1.1275130395315215e-05
64.85000000000001,-0.00023307153068720518,0.0002337895902965321,-1.1711021303106413e-05
64.9,-0.00022135626958285886,0.00023481206708198882,-1.2144277279073341e-05
64.95,-0.00020959120449604856,0.00023578171221861344,-1.2574800842607619e-05
65.0,-0.00019777898251298977,0.00023669830754084113,-1.3002495127877598e-05
65.05,-0.00018592226132997726,0.00023756164681902844,-1.3427263905622958e-05
65.10000000000001,-0.00017402370865541436,0.00023837153580585587,-1.384901160480604e-05
65.15,-0.00016208600160960642,0.00023912779228003374,-1.4267643334114507e-05
65.2,-0.0001501118261224026,0.00023983024608730427,-1.4683064903312264e-05
65.25,-0.00013810387632888946,0.00024047873917872636,-1.5095182844431426e-05
65.3,-0.00012606485396322119,0.00024107312564623795,-1.55039044328024e-05
65.35000000000001,-0.00011399746775074016,0.00024161327175548647,-1.590913770791671e-05
65.4,-0.00010190443279854146,0.00024209905597591971,-1.6310791494117336e-05
65.45,-8.978846998456716e-05,0.00024253036900813215,-1.6708775421113556e-05
65.5,-7.76523053454364e-05,0.00024290711380845785,-1.7102999944313535e-05
65.55,-6.549866946309758e-05,0.0002432292056108067,-1.7493376364971608e-05
65.60000000000001,-5.333029685045775e-05,0.00024349657194573795,-1.7879816850145304e-05
65.65,-4.114992533614477e-05,0.00024370915265676694,-1.8262234452457014e-05
65.7,-2.8960295448488795e-05,0.000243866899913902,-1.8640543129657498e-05
65.75,-1.67641497989308e-05,0.00024396977822440703,-1.9014657763984638e-05
65.8,-4.564232464945111e-06,0.00024401776444078904,-1.9384494181314772e-05
65.85000000000001,7.63671162736803e-06,0.00024401084776600742,-1.9749969170101635e-05
65.9,1.983593732086358e-05,0.00024394902975590486,-2.0111000500098296e-05
65.95,3.2030699845019525e-05,0.00024383232431885864,-2.0467506940859278e-05
66.0,4.4218255433483104e-05,0.00024366075771265256,-2.0819408280016696e-05
66.05,5.6395861941408545e-05,0.0002434343685385706,-2.1166625341327904e-05
66.10000000000001,6.856077946242998e-05,0.0002431532077327129,-2.150908000248993e-05
66.15,8.071027094511352e-05,0.00024281733855453696,-2.184669521271636e-05
66.2,9.284160280880161e-05,0.00024242683657262556,-2.2179395010074094e-05
66.25,0.00010495204555864199,0.00024198178964768537,-2.2507104538574093e-05
66.3,0.00011703887439971464,0.0002414822979127801,-2.2829750065013847e-05
66.35000000000001,0.00012909936985010137,0.00024092847375080183,-2.3147258995567188e-05
66.4,0.0001411308183527429,0.0002403204417691873,-2.345955989211727e-05
66.45,0.00015313051288599726,0.00023965833877188185,-2.3766582488330467e-05
66.5,0.00016509575357269335,0.00023894231372856097,-2.4068257705465678e-05
66.55,0.00017702384828759447,0.00023817252774111365,-2.4364517667916924e-05
66.60000000000001,0.00018891211326311748,0.0002373491540073959,-2.4655295718485198e-05
66.65,0.0002007578736931549,0.0002364723777822641,-2.4940526433375775e-05
66.7,0.00021255846433491433,0.000235542396335893,-2.5220145636918868e-05
66.75,0.00022431123010857256,0.0002345594189093927,-2.5494090416008594e-05
66.8,0.00023601352669466003,0.00023352366666773108,-2.5762299134258286e-05
66.85000000000001,0.00024766272112902406,0.00023243537264997313,-2.6024711445868574e-05
66.9,0.0002592561923952209,0.00023129478171685054,-2.628126830920467e-05
66.95,0.0002707913320142526,0.00023010215049566794,-2.6531912000081012e-05
67.0,0.0002822655446314501,0.00022885774732256506,-2.6776586124748707e-05
67.05,0.00029367624860041964,0.00022756185218214276,-2.701523563258401e-05
67.10000000000001,0.0003050208765639053,0.00022621475664446816,-2.724780682847461e-05
67.15,0.00031629687603142024,0.00022481676379947492,-2.74742473849006e-05
67.2,0.00032750170995356497,0.00022336818818876784,-2.7694506353708376e-05
67.25,0.0003386328572928399,0.00022186935573485458,-2.7908534177573564e-05
67.3,0.0003496878135908709,0.00022032060366781493,-2.811628270115132e-05
67.35000000000001,0.0003606640915319046,0.00021872228044942564,-2.831770518191119e-05
67.4,0.00037155922150243145,0.0002170747456947606,-2.851275630065379e-05
67.45,0.00038237075214685683,0.00021537837009127694,-2.8701392171707864e-05
67.5,0.0003930962509190329,0.00021363353531541438,-2.8883570352804137e-05
67.55,0.0004037333046295745,0.0002118406339467198,-2.9059249854624817e-05
67.60000000000001,0.00041427951998881913,0.00021000006937951869,-2.922839115002607e-05
67.65,0.00042473252414529535,0.00020811225573215576,-2.9390956182931324e-05
67.7,0.0004350899652196221,0.00020617761775381762,-2.954690837689407e-05
67.75,0.0004453495128336597,0.00020419659072896856,-2.9696212643327275e-05
67.8,0.00045550885863483807,0.00020216962037941343,-2.9838835389398216e-05
67.85000000000001,0.0004655657168155293,0.00020009716276401214,-2.997474452558685e-05
67.9,0.00047551782462733333,0.00019797968417607114,-3.010390947290569e-05
67.95,0.0004853629428902041,0.0001958176610384264,-3.0226301169780234e-05
68.0,0.0004950988564962443,0.00019361157979625314,-3.034189207858758e-05
68.05,0.0005047233749080982,0.00019136193680761748,-3.0450656191852342e-05
68.10000000000001,0.0005142343326518162,0.0001890692382317979,-3.0552569038098313e-05
68.15,0.0005236295898040671,0.00018673399991540456,-3.0647607687354376e-05
68.2,0.0005329070324736277,0.00018435674727631238,-3.073575075631382e-05
68.25,0.0005420645732769894,0.00018193801518544736,-3.0816978413145476e-05
68.3,0.0005511001518080131,0.00017947834784644255,-3.0891272381955796e-05
68.35000000000001,0.000560011735101515,0.0001769782986731942,-3.0958615946900984e-05
68.4,0.0005687973180906654,0.00017443843016534915,-3.101899395594789e-05
68.45,0.0005774549240581355,0.0001718593137817409,-3.107239282428334e-05
68.5,0.0005859826050808412,0.00016924152981181683,-3.111880053737058e-05
68.55,0.0005943784424682198,0.00016658566724507526,-3.115820665365262e-05
68.60000000000001,0.0006026405471939305,0.00016389232363854474,-3.119060230690149e-05
68.65,0.0006107670603208679,0.0001611621049823396,-3.12159802082132e-05
68.7,0.0006187561534194301,0.00015839562556331036,-3.1234334647647734e-05
68.75,0.000626606028978898,0.0001555935078268352,-3.124566149551376e-05
68.8,0.0006343149208118707,0.00015275638223677173,-3.124995820329786e-05
68.85000000000001,0.000641881094451653,0.00014988488713360475,-3.124722380423797e-05
68.9,0.0006493028475424943,0.00014697966859082576,-3.123745891354089e-05
68.95,0.0006565785102226258,0.00014404138026956453,-3.122066572824394e-05
69.0,0.0006637064454999629,0.0001410706832715215,-3.119684802672061e-05
69.05,0.0006706850496204254,0.00013806824599022204,-3.116601116783052e-05
69.10000000000001,0.0006775127524287769,0.00013503474396063007,-3.112816208971371e-05
69.15,0.0006841880177218963,0.00013197085970715908,-3.108330930822961e-05
69.2,0.0006907093435944291,0.00012887728259010207,-3.103146291504104e-05
69.25,0.0006970752627767025,0.0001257547086505319,-3.097263457534363e-05
69.3,0.0007032843429648571,0.00012260384045369423,-3.090683752524125e-05
69.35000000000001,0.0007093351871431117,0.00011942538693093261,-3.083408656876796e-05
69.4,0.0007152264338980795,0.00011622006322018552,-3.075439807455722e-05
69.45,0.0007209567577250911,0.0001129885905050781,-3.066778997215898e-05
69.5,0.0007265248693264215,0.00010973169585266254,-3.0574281748005645e-05
69.55,0.0007319295159013783,0.0001064501120498302,-3.0473894441027765e-05
69.60000000000001,0.0007371694814281791,0.00010314457743843684,-3.036665063792032e-05
69.65,0.0007422435869375455,9.981583574918257e-05,-3.0252574468060972e-05
69.7,0.000747150690777976,9.646463593427e-05,-3.0131691598080877e-05
69.75,0.000751889688872607,9.309173199889701e-05,-3.0004029226089972e-05
69.8,0.0007564595149676279,8.969788283160775e-05,-2.9869616075557456e-05
69.85000000000001,0.000760859140872185,8.628385203354508e-05,-2.9728482388849156e-05
69.9,0.000765087576689716,8.285040774664735e-05,-2.9580659920423264e-05
69.95,0.0007691438710406804,7.93983224808139e-05,-2.9426181929685522e-05
70.0,0.0007730271112766116,7.592837294009755e-05,-2.9265083173506153e-05
70.05,0.0007767364236854608,7.244133984794836e-05,-2.9097399898399693e-05
70.10000000000001,0.0007802709736881796,6.893800777155325e-05,-2.8923169832369648e-05
70.15,0.0007836299660264937,6.541916494531563e-05,-2.874243217642006e-05
70.2,0.0007868126449418393,6.188560309349991e-05,-2.8555227595735173e-05
70.25,0.0007898182943454019,5.8338117252100996e-05,-2.8361598210530135e-05
70.3,0.0007926462379792346,5.477750558996332e-05,-2.81615875865741e-05
70.35000000000001,0.000795295839568415,5.120456922919532e-05,-2.7955240725388075e-05
70.4,0.0007977665029642019,4.762011206492427e-05,-2.7742604054119996e-05
70.45,0.0008000576722781708,4.402494058441714e-05,-2.7523725415098495e-05
70.5,0.0008021688320072845,4.0419863685628415e-05,-2.7298654055068808e-05
70.55,0.00080409950714988,3.680569249520029e-05,-2.706744061411242e-05
70.60000000000001,0.0008058492633125432,3.318324018596165e-05,-2.6830137114253225e-05
70.65,0.0008074177068078438,2.955332179397153e-05,-2.6586796947753035e-05
70.7,0.000808804484742917,2.5916754035133212e-05,-2.6337474865098166e-05
70.75,0.0008100092850988616,2.227435512144076e-05,-2.6082226962681107e-05
70.8,0.0008110318368009436,1.8626944576883437e-05,-2.582111067017898e-05
70.85000000000001,0.0008118719097795875,1.497534305305538e-05,-2.5554184737632055e-05
70.9,0.0008125293150221413,1.1320372144516346e-05,-2.5281509222225544e-05
70.95,0.0008130039046154046,7.66285420393012e-06,-2.5003145474776547e-05
71.0,0.0008132955717789084,4.003612157042798e-06,-2.4719156125930677e-05
71.05,0.0008134042508889409,3.4346931752664967e-07,-2.442960507207036e-05
71.10000000000001,0.0008133299174933131,-3.3167507982629476e-06,-2.413455746093836e-05
71.15,0.0008130725883168608,-6.976224656571252e-06,-2.3834079676980124e-05
71.2,0.0008126323212576822,-1.0634128891542167e-05,-2.3528239326407093e-05
71.25,0.0008120092153741115,-1.4289640490467868e-05,-2.3217105221985914e-05
71.3,0.0008112034108624313,-1.7941936978964563e-05,-2.2900747367555773e-05
71.35000000000001,0.0008102150890253298,-2.159019660602669e-05,-2.257923694227776e-05
71.4,0.0008090444722311097,-2.523359852891351e-05,-2.2252646284620208e-05
71.45,0.0008076918238636548,-2.887132299784165e-05,-2.1921048876082312e-05
71.5,0.000806157448263172,-3.250255154042114e-05,-2.1584519324661466e-05
71.55,0.0008044416906577152,-3.612646714580957e-05,-2.124313334806669e-05
71.60000000000001,0.0008025449370855112,-3.974225444853714e-05,-2.0896967756682365e-05
71.65,0.0008004676143081048,-4.3349099911956476e-05,-2.0546100436286627e-05
71.7,0.000798210189714337,-4.694619201129129e-05,-2.0190610330526805e-05
71.75,0.0007957731712151861,-5.0532721416221916e-05,-1.983057742315783e-05
71.8,0.0007931571071294906,-5.410788117298255e-05,-1.946608272004611e-05
71.85000000000001,0.0007903625860605788,-5.7670866885923365e-05,-1.9097208230943495e-05
71.9,0.0007873902367638397,-6.12208768984924e-05,-1.8724036951035797e-05
71.95,0.0007842407280052506,-6.475711247361105e-05,-1.834665284226863e-05
72.0,0.0007809147684109117,-6.827877797338248e-05,-1.7965140814456753e-05
72.05,0.0007774131063076075,-7.17850810381082e-05,-1.757958670617957e-05
72.10000000000001,0.0007737365295544358,-7.527523276456649e-05,-1.7190077265467753e-05
72.15,0.0007698858653655472,-7.874844788350868e-05,-1.6796700130285724e-05
72.2,0.0007658619801240198,-8.220394493634742e-05,-1.6399543808812797e-05
72.25,0.0007616657791869306,-8.56409464509776e-05,-1.5998697659529707e-05
72.3,0.000757298206681654,-8.905867911670565e-05,-1.5594251871113166e-05
72.35000000000001,0.0007527602452934354,-9.245637395824207e-05,-1.5186297442143696e-05
72.4,0.0007480529160442973,-9.583326650871398e-05,-1.47749261606318e-05
72.45,0.0007431772780633058,-9.918859698167294e-05,-1.4360230583365337e-05
72.5,0.0007381344283482768,-0.00010252161044203975,-1.3942304015085124e-05
72.55,0.0007329255015189548,-0.00010583155697596299,-1.3521240487491603e-05
72.60000000000001,0.0007275516695617272,-0.00010911769185954735,-1.3097134738088029e-05
72.65,0.0007220141415659391,-0.00011237927572640979,-1.2670082188865388e-05
72.7,0.0007163141634518434,-0.00011561557473403976,-1.2240178924832122e-05
72.75,0.0007104530176902816,-0.00011882586072890677,-1.1807521672395905e-05
72.8,0.000704432023014131,-0.00012200941141029314,-1.137220777760048e-05
72.85000000000001,0.0006982525341215946,-0.0001251655104928095,-1.0934335184223078e-05
72.9,0.0006919159413714065,-0.00012829344786755267,-1.0494002411737981e-05
72.95,0.0006854236704699971,-0.0001313925197618825,-1.0051308533149312e-05
73.0,0.0006787771821507224,-0.00013446202889776432,-9.606353152700528e-06
73.05,0.0006719779718452034,-0.00013750128464865477,-9.159236383463718e-06
73.10000000000001,0.0006650275693468587,-0.00014050960319489045,-8.710058824814524e-06
73.15,0.0006579275384667159,-0.0001434863076775415,-8.258921539798157e-06
73.2,0.0006506794766815483,-0.00014643072835070716,-7.805926032389876e-06
73.25,0.0006432850147744584,-0.0001493422027322023,-7.351174224657568e-06
73.3,0.000635745816467956,-0.00015222007575261436,-6.894768433829531e-06
73.35000000000001,0.0006280635780496264,-0.00015506369990269186,-6.436811349273444e-06
73.4,0.0006202400279904812,-0.00015787243537902833,-5.97740600939217e-06
73.45,0.0006122769265560472,-0.0001606456502280203,-5.516655778439792e-06
73.5,0.0006041760654103224,-0.00016338272048805087,-5.054664323265602e-06
73.55,0.000595939267212658,-0.0001660830303298797,-4.591535589989365e-06
73.60000000000001,0.0005875683852076645,-0.00016874597219520255,-4.127373780613729e-06
73.65,0.0005790653028082502,-0.00017137094693334658,-3.6622833295797767e-06
73.7,0.0005704319331718464,-0.00017395736393608136,-3.1963688802688815e-06
73.75,0.0005616702187699652,-0.00017650464127050018,-2.7297352614589396e-06
73.8,0.0005527821309511489,-0.00017901220580995357,-2.2624874637381823e-06
73.85000000000001,0.0005437696694974231,-0.00018147949336300094,-1.7947306158826182e-06
73.9,0.000534634862174364,-0.00018390594880034872,-1.3265699612030193e-06
73.95,0.0005253797642748448,-0.00018629102617975646,-8.581108338648258e-07
74.0,0.0005160064581566137,-0.00018863418886886865,-3.894586351889182e-07
74.05,0.0005065170527737701,-0.00019093490966595568,7.928119006335212e-08
74.10000000000001,0.0004969136832022557,-0.0001931926709185326,5.480031774149374e-07
74.15,0.00048719851015948274,-0.00019540696463982642,1.016601866401632e-06
74.2,0.0004773737195181656,-0.00019757729262307488,1.4849718243010233e-06
74.25,0.0004674415218145194,-0.0001997031665536183,1.9530076698538824e-06
74.3,0.0004574041517508963,-0.0002017841081187692,2.4206040969746484e-06
74.35000000000001,0.0004472638676929839,-0.00020381964911543113,2.8876558984449754e-06
74.4,0.00043702295116169435,-0.00020580933155544032,3.3540579895843957e-06
74.45,0.0004266837063198143,-0.00020775270776861462,3.819705431894741e-06
74.5,0.0004162484594535899,-0.00020964934050347496,4.284493456670302e-06
74.55,0.0004057195584493193,-0.0002114988030256261,4.7483174885705096e-06
74.60000000000001,0.0003950993722650852,-0.00021330067921377028,5.211073169149067e-06
74.65,0.00038439029039776126,-0.0002150545636533311,5.67265638033365e-06
74.7,0.0003735947223453678,-0.0002167600617276731,6.132963267852813e-06
74.75,0.00036271509706495666,-0.00021841678970688677,6.591890264602242e-06
74.8,0.00035175386242610325,-0.00022002437483412696,7.04933411394706e-06
74.85000000000001,0.0003407134846601432,-0.00022158245540948192,7.505191892954258e-06
74.9,0.0003295964478052934,-0.0002230906808713526,7.959361035549406e-06
74.95,0.00031840525314773505,-0.00022454871187533042,8.411739355594382e-06
75.0,0.00030714241865884733,-0.00022595622037054633,8.862225069878288e-06
75.05,0.00029581047842867155,-0.00022731288967348166,9.31071682101839e-06
75.10000000000001,0.00028441198209574824,-0.00022861841453922078,9.757113700265215e-06
75.15,0.00027294949427347244,-0.00022987250123012863,1.0201315270206118e-05
75.2,0.0002614255939730469,-0.00023107486758194281,1.064322158736402e-05
75.25,0.00024984287402322853,-0.00023222524306725767,1.1082733224683758e-05
75.3,0.00023820394048694975,-0.00023332336885639252,1.151975129390291e-05
75.35000000000001,0.00022651141207496187,-0.0002343689978756274,1.1954177467801333e-05
75.4,0.0002147679195566497,-0.00023536189486279252,1.2385914002323912e-05
75.45,0.00020297610516809955,-0.00023630183642020327,1.2814863758573275e-05
75.5,0.00019113862201762058,-0.00023718861106492232,1.3240930224665168e-05
75.55,0.00017925813348880338,-0.000238022019276343,1.366401753744334e-05
75.60000000000001,0.00016733731264126646,-0.0002388018735410807,1.4084030504048461e-05
75.65,0.00015537884160924273,-0.00023952799839516175,1.4500874623335657e-05
75.7,0.00014338541099809032,-0.00024020023046350368,1.4914456107137586e-05
75.75,0.00013135971927893126,-0.0002408184184966727,1.532468190136588e-05
75.8,0.00011930447218150349,-0.00024138242340491486,1.5731459706948085e-05
75.85000000000001,0.00010722238208537969,-0.00024189211828945048,1.6134698000594645e-05
75.9,9.511616740970706e-05,-0.00024234738847102557,1.6534306055390834e-05
75.95,8.298855200155384e-05,-0.00024274813151571497,1.6930193961210583e-05
76.0,7.084226452306901e-05,-0.00024309425725796898,1.732227264494545e-05
76.05,5.8680037837541376e-05,-0.00024338568782090054,1.7710453890545803e-05
76.10000000000001,4.6504608394513365e-05,-0.00024362235763380712,1.809465035886917e-05
76.15,3.4318715614105306e-05,-0.00024380421344692376,1.847477560733074e-05
76.2,2.212510127063668e-05,-0.0002439312143434045,1.885074410935326e-05
76.25,9.926508875752322e-06,-0.0002440033317485281,1.922247127360968e-05
76.3,-2.27431693885963e-06,-0.00024402054943612755,1.958987346305599e-05
76.35000000000001,-1.4474631039001719e-05,-0.00024398286353224065,1.9952868013749306e-05
76.4,-2.6671688405596934e-05,-0.00024389028251598193,2.0311373253446464e-05
76.45,-3.886274475232724e-05,-0.00024374282721763483,2.0665308519980603e-05
76.5,-5.104505714307256e-05,-0.00024354053081396487,2.1014594179409368e-05
76.55,-6.32158846090633e-05,-0.0002432834388207552,2.135915164393232e-05
76.60000000000001,-7.537248876559023e-05,-0.00024297160908256564,2.1698903389572958e-05
76.65,-8.751213442811569e-05,-0.00024260511175971816,2.2033772973620923e-05
76.7,-9.963209022769933e-05,-0.00024218402931251086,2.236368505183185e-05
76.75,-0.00011172962922553077,-0.00024170845648266483,2.268856539537911e-05
76.80000000000001,-0.00012380202952648624,-0.00024117850027200767,2.30083409075552e-05
76.85000000000001,-0.0001358465748915298,-0.000240594279918399,2.3322939640217812e-05
76.9,-0.00014786055534887622,-0.00023995592686890162,2.3632290809978417e-05
76.95,-0.00015984126780370963,-0.00023926358475020716,2.393632481412786e-05
77.0,-0.00017178601664637172,-0.00023851740933632045,2.4234973246296785e-05
77.05000000000001,-0.00018369211435886613,-0.00023771756851351085,2.452816891184685e-05
77.10000000000001,-0.00019555688211952496,-0.0002368642422425395,2.4815845842988907e-05
77.15,-0.00020737765040575285,-0.00023595762251816748,2.5097939313625986e-05
77.2,-0.00021915175959464467,-0.0002349979133259589,2.537438585391605e-05
77.25,-0.00023087656056139293,-0.00023398533059638453,2.564512326455255e-05
77.30000000000001,-0.00024254941527533297,-0.00023292010215623832,2.5910090630759053e-05
77.35000000000001,-0.0002541676973934755,-0.00023180246767737838,2.6169228335994534e-05
77.4,-0.0002657287928514427,-0.0002306326786228001,2.642247807536729e-05
77.45,-0.0002772301004516084,-0.0002294109981900593,2.6669782868752994e-05
77.5,-0.00028866903244835983,-0.00022813770125205344,2.691108707361507e-05
77.55000000000001,-0.0003000430151303328,-0.0002268130742951762,2.714633639752408e-05
77.60000000000001,-0.00031134948939947303,-0.00022543741535486063,2.737547791037304e-05
77.65,-0.00032258591134684176,-0.00022401103394852024,2.759846005628687e-05
77.7,-0.0003337497528249717,-0.0002225342510059104,2.7815232665221986e-05
77.75,-0.00034483850201669274,-0.0002210073987969201,2.802574696425439e-05
77.80000000000001,-0.0003558496640002835,-0.00021943082085681227,2.8229955588553487e-05
77.85000000000001,-0.00036678076131080556,-0.00021780487190893144,2.8427812592038685e-05
77.9,-0.00037762933449754147,-0.00021612991778488993,2.861927345771744e-05
77.95,-0.0003883929426773484,-0.00021440633534225905,2.8804295107701175e-05
78.0,-0.00039906916408384953,-0.0002126345123797773,2.8982835912897672e-05
78.05000000000001,-0.00040965559661232447,-0.00021081484755009668,2.915485570237747e-05
78.10000000000001,-0.0004201498583601606,-0.00020894775027008975,2.9320315772412e-05
78.15,-0.0004305495881627892,-0.00020703364062872937,2.9479178895182027e-05
78.2,-0.0004408524461249256,-0.00020507294929257252,2.9631409327153567e-05
78.25,-0.0004510561141470387,-0.00020306611740886161,2.9776972817120087e-05
78.30000000000001,-0.0004611582964469164,-0.00020101359650626774,2.9915836613908912e-05
78.35000000000001,-0.00047115672007619575,-0.00019891584839330087,3.004796947374994e-05
78.4,-0.0004810491354317836,-0.0001967733450544014,3.0173341667305617e-05
78.45,-0.0004908333167619968,-0.00019458656854374795,3.0291924986359743e-05
78.5,-0.0005005070626673496,-0.00019235601087679675,3.0403692750164226e-05
78.55000000000001,-0.0005100681965958618,-0.00019008217391957945,3.050861981144221e-05
78.60000000000001,-0.0005195145673327632,-0.000187765569275788,3.060668256204594e-05
78.65,-0.0005288440494845244,-0.0001854067181716621,3.0697858938268704e-05
78.7,-0.00053805454395705,-0.00018300615133871818,3.078212842580896e-05
78.75,-0.000547143978427969,-0.00018056440889433622,3.085947206438597e-05
78.80000000000001,-0.0005561103078129011,-0.00017808204022023503,3.092987245200584e-05
78.85000000000001,-0.0005649515147255819,-0.00017555960383886646,3.099331374887677e-05
78.9,-0.0005736656099317815,-0.000172997667287746,3.1049781680973124e-05
78.95,-0.0005822506327968641,-0.00017039680699176206,3.1099263543246886e-05
79.0,-0.0005907046517269245,-0.00016775760813348198,3.1141748202486294e-05
79.05000000000001,-0.0005990257646033913,-0.00016508066452148782,3.117722609982077e-05
79.10000000000001,-0.0006072120992109861,-0.00016236657845677483,3.120568925287157e-05
79.15,-0.0006152618136589781,-0.0001596159605972318,3.1227131257547885e-05
79.2,-0.0006231730967955927,-0.0001568294298202486,3.124154728948767e-05
79.25,-0.0006309441686155149,-0.00015400761308347066,3.12489341051431e-05
79.30000000000001,-0.0006385732806603857,-0.0001511511452837352,3.1249290042510387e-05
79.35000000000001,-0.0006460587164121886,-0.0001482606691142255,3.12426150215037e-05
79.4,-0.0006533987916794727,-0.00014533683491986277,3.12289105439732e-05
79.45,-0.0006605918549762792,-0.00014238030055098444,3.120817969336713e-05
79.5,-0.0006676362878937218,-0.0001393917312153298,3.1180427134038035e-05
79.55000000000001,-0.000674530505464123,-0.00013637179932837024,3.1145659110193305e-05
79.60000000000001,-0.0006812729565176184,-0.00013332118436202206,3.1103883444490316e-05
79.65,-0.0006878621240311739,-0.00013024057269176296,3.1055109536276256e-05
79.7,-0.0006942965254699028,-0.00012713065744220385,3.0999348359473394e-05
79.75,-0.0007005747131206312,-0.00012399213833113793,3.093661246010997e-05
79.80000000000001,-0.0007066952744176293,-0.00012082572151210619,3.0866915953497374e-05
79.85000000000001,-0.0007126568322604258,-0.00011763211941551944,3.079027452105433e-05
79.9,-0.0007184580453236605,-0.00011441205058835913,3.070670540677854e-05
79.95,-0.0007240976083588692,-0.0001111662395325108,3.061622741336694e-05
80.0,-0.0007295742524881614,-0.00010789541654175337,3.051886089798511e-05
80.05000000000001,-0.000734886745489714,-0.00010460031753744517,3.0414627767687033e-05
80.10000000000001,-0.0007400338920750097,-0.00010128168390294845,3.030355147448617e-05
80.15,-0.0007450145341577813,-9.79402623168157e-05,3.0185657010078693e-05
80.2,-0.0007498275511145698,-9.457680458479374e-05,3.0060970900220593e-05
80.25,-0.0007544718600368619,-9.119206747066977e-05,2.9929521198759438e-05
80.30000000000001,-0.0007589464159747408,-8.778681252600168e-05,2.979133748132236e-05
80.35000000000001,-0.0007632502121719907,-8.436180591877602e-05,2.9646450838661803e-05
80.4,-0.0007673822802926205,-8.091781826101767e-05,2.949489386966003e-05
80.45,-0.0007713416906387297,-7.745562443540917e-05,2.9336700673994626e-05
80.5,-0.0007751275523596883,-7.39760034209445e-05,2.9171906844466208e-05
80.55000000000001,-0.0007787390136525751,-7.047973811766101e-05,2.9000549458990134e-05
80.60000000000001,-0.0007821752619538262,-6.696761517049424e-05,2.8822667072254327e-05
80.65,-0.0007854355241220641,-6.344042479228014e-05,2.8638299707044334e-05
80.7,-0.0007885190666120472,-5.9898960585964465e-05,2.8447488845238568e-05
80.75,-0.0007914251956397155,-5.63440193660445e-05,2.8250277418475025e-05
80.80000000000001,-0.0007941532573382901,-5.277640097928806e-05,2.8046709798491747e-05
80.85000000000001,-0.0007967026379053872,-4.9196908124775466e-05,2.783683178714365e-05
80.9,-0.0007990727637411255,-4.5606346173289575e-05,2.762069060609693e-05
80.95,-0.0008012631015771811,-4.200552298611464e-05,2.7398334886204604e-05
81.0,-0.0008032731585967711,-3.839524873327013e-05,2.716981465656474e-05
81.05000000000001,-0.0008051024825455359,-3.477633571122464e-05,2.6935181333264046e-05
81.10000000000001,-0.0008067506618332926,-3.114959816013687e-05,2.6694487707809727e-05
81.15,-0.000808217325626644,-2.751585208064882e-05,2.6447787935251224e-05
81.2,-0.0008095021439324127,-2.3875915050293097e-05,2.6195137521995828e-05
81.25,-0.0008106048276718884,-2.0230606039540554e-05,2.59365933133199e-05
81.30000000000001,-0.00081152512874587,-1.658074522753415e-05,2.567221348057883e-05
81.35000000000001,-0.0008122628400904856,-1.2927153817556389e-05,2.5402057508119077e-05
81.4,-0.0008128177957237827,-9.270653852255812e-06,2.5126186179893947e-05
81.45,-0.0008131898707830727,-5.61206802869487e-06,2.484466156578777e-05
81.5,-0.0008133789815530239,-1.9522195132456905e-06,2.4557547007650373e-05
81.55000000000001,-0.0008133850854844979,1.7080682436200526e-06,2.426490710504533e-05
81.60000000000001,-0.0008132081812041227,5.367971692599833e-06,2.3966807700715695e-05
81.65,-0.000812848308514602,9.026667370861593e-06,2.366331586576913e-05
81.7,-0.0008123055483857593,1.2683332087315345e-05,2.335449988458755e-05
81.75,-0.0008115800229363201,1.633714310782864e-05,2.304042923946331e-05
81.80000000000001,-0.000810671895406436,1.998727834033942e-05,2.272117459496592e-05
81.85000000000001,-0.0008095813701209568,2.3632916519819033e-05,2.2396807782043177e-05
81.9,-0.000808308692443457,2.727323739305967e-05,2.206740178185894e-05
81.95,-0.0008068541487210312,3.0907421903223784e-05,2.1733030709373033e-05
82.0,-0.0008052180662198666,3.453465237412932e-05,2.139376979666565e-05
82.05000000000001,-0.0008034008130516092,3.815411269422463e-05,2.1049695376010308e-05
82.10000000000001,-0.0008014027980905424,4.1764988500205906e-05,2.0700884862699797e-05
82.15,-0.0007992244708815888,4.536646736025161e-05,2.0347416737627534e-05
82.2,-0.0007968663215391664,4.895773895681231e-05,1.9989370529630007e-05
82.25,-0.0007943288806369148,5.253799526892947e-05,1.962682679759309e-05
82.30000000000001,-0.0007916127190883173,5.6106430754038024e-05,1.9259867112326477e-05
82.35000000000001,-0.0007887184480182512,5.966224252920587e-05,1.8888574038211062e-05
82.4,-0.000785646718625482,6.32046305517852e-05,1.8513031114621642e-05
82.45,-0.0007823982220361504,6.673279779941484e-05,1.8133322837131327e-05
82.5,-0.0007789736891482704,7.02459504493477e-05,1.7749534638500296e-05
82.55000000000001,-0.0007753738904672795,7.37432980570588e-05,1.736175286945368e-05
82.60000000000001,-0.0007715996359326825,7.722405373408778e-05,1.6970064779253452e-05
82.65,-0.000767651774735812,8.068743432509151e-05,1.6574558496067042e-05
82.7,-0.0007635311951287687,8.413266058404687e-05,1.6175323007139312e-05
82.75,-0.0007592388242245668,8.755895734957864e-05,1.5772448138770712e-05
82.80000000000001,-0.0007547756277885364,9.096555371936866e-05,1.5366024536106597e-05
82.85000000000001,-0.0007501426100210354,9.435168322360168e-05,1.4956143642742927e-05
82.9,-0.0007453408133315013,9.77165839974236e-05,1.4542897680151147e-05
82.95,-0.0007403713181039182,0.00010105949895235409,1.4126379626929217e-05
83.0,-0.0007352352424537342,0.00010437967594662914,1.3706683197881691e-05
83.05000000000001,-0.0007299337419762879,0.00010767636795443086,1.3283902822934167e-05
83.10000000000001,-0.0007244680094868111,0.00011094883323396129,1.2858133625887429e-05
83.15,-0.000718839274752041,0.00011419633549433686,1.242947140301428e-05
83.2,-0.0007130488042135337,0.00011741814406124703,1.1998012601506248e-05
83.25,-0.0007070979007027194,0.00012061353404135367,1.156385429777329e-05
83.30000000000001,-0.0007009879031477681,0.0001237817864853902,1.1127094175601825e-05
83.35000000000001,-0.0006947201862723442,0.00012692218854991832,1.0687830504176863e-05
83.4,-0.0006882961602862889,0.00013003403365772023,1.0246162115971048e-05
83.45,-0.0006817172705683354,0.00013311662165677208,9.802188384508295e-06
83.5,-0.0006749849973409035,0.0001361692589777758,9.35600920200504e-06
83.55000000000001,-0.0006681008553370538,0.00013919125879021052,8.90772495689477e-06
83.60000000000001,-0.0006610663934596869,0.0001421819411568628,8.457436511241582e-06
83.65,-0.000653883194433035,0.0001451406331868149,8.005245178045857e-06
83.7,-0.0006465528744465636,0.00014806666918683908,7.551252698449777e-06
83.75,-0.0006390770827913335,0.00015095939081117638,7.095561218845894e-06
83.80000000000001,-0.0006314575014889155,0.0001538181472096627,6.6382732678944475e-06
83.85000000000001,-0.0006236958449129507,0.00015664229517416397,6.179491733455402e-06
83.9,-0.0006157938594034113,0.0001594311992833001,5.719319839438331e-06
83.95,-0.00060775332287369,0.00016218423204540904,5.257861122577974e-06
84.0,-0.0005995760444105743,0.00016490077403973037,4.795219409138797e-06
84.05000000000001,-0.0005912638638672079,0.00016758021405577323,4.331498791554377e-06
84.10000000000001,-0.0005828186514491405,0.0001702219492308331,3.866803605007567e-06
84.15,-0.0005742423072935258,0.00017282538518563777,3.401238403954752e-06
84.2,-0.0005655367610416074,0.00017538993615807735,2.9349079386020306e-06
84.25,-0.0005567039714045558,0.00017791502513499885,2.467917131336767e-06
84.30000000000001,-0.0005477459257227642,0.0001804000839820325,2.000371053120324e-06
84.35000000000001,-0.0005386646395187147,0.00018284455357141677,1.5323748998480973e-06
84.4,-0.0005294621560434801,0.00018524788390780395,1.064033968680086e-06
84.45,-0.0005201405458170103,0.00018760953425200403,5.954536343499853e-07
84.5,-0.000510701906162272,0.0001899289732426493,1.2673932545621472e-07
84.55000000000001,-0.0005011483607333568,0.0001922056790157493,-3.420034992592416e-07
84.60000000000001,-0.0004914820590376792,0.0001944391393221052,-8.106693746380401e-07
84.65,-0.00048170517595232993,0.00019662885164256774,-1.279152852835521e-06
84.7,-0.000471819911234749,0.0001987743233010993,-1.7473485270454727e-06
84.75,-0.00046182848902778643,0.0002008750715756245,-2.2151510552163665e-06
84.80000000000001,-0.00045173315735927677,0.0002029306238066413,-2.682455183753002e-06
84.85000000000001,-0.00044153618763625394,0.0002049405175035651,-3.1491557711975883e-06
84.9,-0.0004312398741338768,0.0002069043004487905,-3.615147811886937e-06
84.95,-0.0004208465334792386,0.00020882153079943624,-4.080326459577741e-06
85.0,-0.0004103585041301326,0.00021069177718675838,-4.5445870510366945e-06
85.05000000000001,-0.00039977814584890597,0.00021251461881320713,-5.007825129589393e-06
85.10000000000001,-0.0003891078391715354,0.00021428964554710234,-5.469936468622125e-06
85.15,-0.0003783499848719983,0.0002160164580149145,-5.930817095033213e-06
85.2,-0.0003675070034221209,0.0002176946676911201,-6.390363312625981e-06
85.25,-0.00035658133444697935,0.00021932389698561876,-6.84847172544012e-06
85.30000000000001,-0.0003455754361759911,0.00022090377932868974,-7.305039261015448e-06
85.35000000000001,-0.00033449178488983625,0.00022243395925346696,-7.75996319358227e-06
85.4,-0.00032333287436328616,0.00022391409247592007,-8.213141167175022e-06
85.45,-0.00031210121530412697,0.00022534384597231523,-8.66447121866141e-06
85.5,-0.0003007993347882579,0.00022672289805414442,-9.113851800683818e-06
85.55000000000001,-0.0002894297756911067,0.00022805093844050446,-9.561181804507156e-06
85.60000000000001,-0.00027799509611550603,0.00022932766832790732,-1.0006360582767404e-05
85.65,-0.0002664978688161122,0.00023055280045751188,-1.0449287972117587e-05
85.7,-0.0002549406806205587,0.0002317260591797546,-1.0889864315763607e-05
85.75,-0.00024332613184742795,0.0002328471805163697,-1.1327990485886738e-05
85.80000000000001,-0.00023165683572118703,0.0002339159122197836,-1.1763567905947077e-05
85.85000000000001,-0.00021993541778423672,0.0002349320138298683,-1.2196498572862364e-05
85.9,-0.00020816451530615543,0.00023589525672804566,-1.262668507905899e-05
85.95,-0.0001963467766903381,0.00023680542418872454,-1.3054030634387822e-05
86.0,-0.00018448486087811313,0.00023766231142806324,-1.3478439087901667e-05
86.05000000000001,-0.00017258143675048855,0.0002384657256500455,-1.3899814949488982e-05
86.10000000000001,-0.00016063918252767848,0.0002392154860898576,-1.4318063411358254e-05
86.15,-0.00014866078516649465,0.00023991142405456123,-1.473309036937006e-05
86.2,-0.00013664893975580595,0.00024055338296104776,-1.5144802444209644e-05
86.25,-0.00012460634891015146,0.0002411412183712689,-1.555310700239697e-05
86.30000000000001,-0.00011253572216166007,0.00024167479802473496,-1.5957912177128997e-05
86.35000000000001,-0.00010043977535043097,0.00024215400186827218,-1.6359126888948845e-05
86.4,-8.832123001346049e-05,0.00024257872208303504,-1.675666086623899e-05
86.45,-7.618281277232145e-05,0.0002429488631087647,-1.7150424665531534e-05
86.5,-6.402725471968137e-05,0.00024326434166528952,-1.754032969163272e-05
86.55000000000001,-5.185729080481475e-05,0.00024352508677126294,-1.7926288217556593e-05
86.60000000000001,-3.967565921826478e-05,0.00024373103976013376,-1.830821340426276e-05
86.65,-2.7485100775741293e-05,0.00024388215429334615,-1.8686019320195455e-05
86.7,-1.528835830146263e-05,0.0002439783963707655,-1.9059620960617363e-05
86.75,-3.088176011028296e-06,0.00024401974433832822,-1.9428934266735408e-05
86.80000000000001,9.112701106021445e-06,0.00024400618889291396,-1.979387614461376e-05
86.85000000000001,2.131152790380276e-05,0.00024393773308443867,-2.0154364483869177e-05
86.9,3.3505559697755304e-05,0.00024381439231516844,-2.0510318176146134e-05
86.95,4.56920528821708e-05,0.00024363619433625405,-2.086165713336545e-05
87.0,5.7868265547496205e-05,0.00024340317924148697,-2.1208302305743844e-05
87.05000000000001,7.003145809725527e-05,0.00024311539945827857,-2.1550175699579945e-05
87.10000000000001,8.217889386443235e-05,0.00024277291973586428,-2.188720039480211e-05
87.15,9.43078397272317e-05,0.00024237581713073487,-2.2219300562275743e-05
87.2,0.00010641556672400448,0.00024192418098929947,-2.254640148086409e-05
87.25,0.00011849935066725713,0.0002414181129277828,-2.2868429554240338e-05
87.30000000000001,0.00013055647275658544,0.00024085772680936186,-2.318531232744651e-05
87.35000000000001,0.0001425842201903795,0.00024024314871854785,-2.3496978503195215e-05
87.4,0.00015457988677621318,0.00023957451693281664,-2.3803357957911727e-05
87.45,0.00016654077353971228,0.00023885198189149768,-2.4104381757511184e-05
87.5,0.00017846418933181583,0.00023807570616192548,-2.4399982172908516e-05
87.55000000000001,0.0001903474514342766,0.0002372458644028626,-2.4690092695257305e-05
87.60000000000001,0.00020218788616324797,0.0002363626433252029,-2.497464805091367e-05
87.65,0.00021398282947087175,0.00023542624164996106,-2.5253584216123036e-05
87.7,0.00022572962754466416,0.00023443687006356224,-2.5526838431424903e-05
87.75,0.00023742563740461586,0.0002333947511704381,-2.5794349215773524e-05
87.80000000000001,0.00024906822749785456,0.00023230011944294152,-2.6056056380370956e-05
87.85000000000001,0.0002606547782907202,0.00023115322116859256,-2.631190104220901e-05
87.9,0.0002721826828581687,0.00022995431439466288,-2.656182563731809e-05
87.95,0.00028364934747030597,0.00022870366887011757,-2.6805773933718587e-05
88.0,0.0002950521921759694,0.0002274015659849223,-2.7043691044072864e-05
88.05000000000001,0.0003063886513832092,0.00022604829870673146,-2.727552343803479e-05
88.10000000000001,0.0003176561744365231,0.00022464417151497323,-2.7501218954293552e-05
88.15,0.0003288522261907621,0.00022318950033234066,-2.7720726812310114e-05
88.2,0.0003399742875815148,0.0002216846124537119,-2.7933997623742397e-05
88.25,0.00035101985619188935,0.00022012984647250988,-2.814098340355747e-05
88.30000000000001,0.0003619864468155498,0.0002185255522045198,-2.8341637580828077e-05
88.35000000000001,0.0003728715920158647,0.00021687209060918385,-2.853591500921065e-05
88.4,0.00038367284268108853,0.00021516983370838404,-2.872377197710338e-05
88.45,0.00039438776857538905,0.0002134191645027408,-2.8905166217480936e-05
88.5,0.00040501395888564327,0.00021162047688543894,-2.9080056917404413e-05
88.55000000000001,0.00041554902276386325,0.00020977417555360282,-2.9248404727204125e-05
88.60000000000001,0.00042599058986511477,0.00020788067591724329,-2.9410171769332906e-05
88.65,0.0004363363108808529,0.00020594040400578902,-2.9565321646888708e-05
88.7,0.0004465838580674946,0.0002039537963722339,-2.971381945180355e-05
88.75,0.0004567309257701542,0.00020192129999491382,-2.985563177269773e-05
88.80000000000001,0.00046677523094140874,0.0001998433721769378,-2.9990726702397283e-05
88.85000000000001,0.00047671451365496285,0.00019772048044329916,-3.011907384511282e-05
88.9,0.0004865465376141395,0.00019555310243568087,-3.0240644323278656e-05
88.95,0.000496269090655026,0.00019334172580499044,-3.0355410784050015e-05
89.0,0.0005058799852442047,0.00019108684810163998,-3.0463347405457337e-05
89.05000000000001,0.0005153770589709407,0.0001887889766635988,-3.056442990221612e-05
89.10000000000001,0.0005247581750337051,0.00018644862850224716,-3.065863553119092e-05
89.15,0.0005340212227209625,0.00018406633018604686,-3.0745943096512625e-05
89.2,0.0005431641178860609,0.00018164261772206833,-3.082633295434729e-05
89.25,0.0005521848034161588,0.00017917803643539048,-3.0899787017316006e-05
89.30000000000001,0.0005610812496950698,0.00017667314084640428,-3.096628875856444e-05
89.35000000000001,0.0005698514550599069,0.00017412849454605077,-3.1025823215481265e-05
89.4,0.0005784934462514641,0.00017154467006901125,-3.107837699306482e-05
89.45,0.0005870052788581807,0.0001689222487648922,-3.1123938266936795e-05
89.5,0.0005953850377536287,0.00016626182066742346,-3.116249678600274e-05
89.55000000000001,0.0006036308375274101,0.00016356398436170218,-3.119404387475848e-05
89.60000000000001,0.0006117408229093571,0.00016082934684951694,-3.121857243524207e-05
89.65,0.0006197131691869743,0.00015805852341277022,-3.123607694863084e-05
89.7,0.0006275460826159814,0.00015525213747504568,-3.1246553476483095e-05
89.75,0.0006352378008239012,0.0001524108204613397,-3.124999966162421e-05
89.80000000000001,0.0006427865932065874,0.00014953521165599252,-3.1246414728677025e-05
89.85000000000001,0.000650190761317595,0.00014662595805885534,-3.123579948423628e-05
89.9,0.0006574486392503367,0.0001436837142397132,-3.121815631668716e-05
89.95,0.0006645585940128958,0.0001407091421910126,-3.1193489195667886e-05
90.0,0.0006715190258954447,0.00013770291117891554,-3.116180367117659e-05
90.05000000000001,0.0006783283688301751,0.00013466569759271616,-3.112310687232255e-05
90.10000000000001,0.0006849850907436487,0.0001315981847926598,-3.107740750572225e-05
90.15,0.0006914876939015191,0.0001285010629561845,-3.102471585354033e-05
90.2,0.0006978347152455074,0.00012537502892263745,-3.096504377117622e-05
90.25,0.0007040247267225868,0.0001222207860364882,-3.089840468459666e-05
90.30000000000001,0.0007100563356062896,0.00011903904398907827,-3.082481358731495e-05
90.35000000000001,0.0007159281848100585,0.00011583051865894715,-3.074428703701753e-05
90.4,0.0007216389531925953,0.0001125959319507573,-3.065684315183844e-05
90.45,0.0007271873558551051,0.00010933601163287217,-3.056250160628293e-05
90.5,0.000732572144430395,0.00010605149117361055,-3.0461283626800694e-05
90.55000000000001,0.0007377921073637532,0.00010274310957621831,-3.0353211987010064e-05
90.60000000000001,0.0007428460701855375,9.94116112125996e-05,-3.0238311002574094e-05
90.65,0.0007477328957754349,9.605774565583064e-05,-3.0116606525729497e-05
90.7,0.0007524514846183029,9.268226751151263e-05,-2.9988125939470093e-05
90.75,0.0007570007750515573,8.928593624798792e-05,-2.9852898151385755e-05
90.80000000000001,0.0007613797435040433,8.586951602546163e-05,-2.971095358715823e-05
90.85000000000001,0.0007655874047263295,8.243377552407289e-05,-2.9562324183715716e-05
90.9,0.000769622812012392,7.897948777093918e-05,-2.940704338204689e-05
90.95,0.0007734850574126149,7.550742996623229e-05,-2.924514611967703e-05
91.0,0.0007771732719380762,7.201838330831074e-05,-2.9076668822807142e-05
91.05000000000001,0.000780686625756067,6.851313281795227e-05,-2.8901649398118193e-05
91.10000000000001,0.0007840243283767976,6.499246716173164e-05,-2.872012722424246e-05
91.15,0.0007871856288312592,6.145717847456789e-05,-2.8532143142903208e-05
91.2,0.0007901698158401854,5.790806218150131e-05,-2.8337739449725667e-05
91.25,0.0007929762179740878,5.4345916818725236e-05,-2.813695988472065e-05
91.30000000000001,0.0007956042038043256,5.0771543853917656e-05,-2.7929849622443183e-05
91.35000000000001,0.0007980531820451714,4.7185747505918515e-05,-2.7716455261828623e-05
91.4,0.0008003226016868525,4.3589334563777783e-05,-2.74968248157078e-05
91.45,0.0008024119521195227,3.998311420523527e-05,-2.72710077000045e-05
91.5,0.0008043207632481484,3.636789781465816e-05,-2.7039054722617103e-05
91.55000000000001,0.000806048605598278,3.274449880048186e-05,-2.6801018071986886e-05
91.60000000000001,0.0008075950904126701,2.9113732412200628e-05,-2.6556951305356153e-05
91.65,0.0008089598697387656,2.5476415556933792e-05,-2.6306909336717672e-05
91.7,0.0008101426365069729,2.183336661562909e-05,-2.6050948424459512e-05
91.75,0.0008111431245997581,1.818540525892949e-05,-2.57891261587071e-05
91.80000000000001,0.0008119611089115206,1.453335226274962e-05,-2.5521501448365587e-05
91.85000000000001,0.0008125964053992397,1.0878029323608888e-05,-2.5248134507865904e-05
91.9,0.0008130488711238856,7.22025887374696e-06,-2.4969086843616324e-05
91.95,0.0008133184042825782,3.56086389608408e-06,-2.468442124016407e-05
92.0,0.0008134049442314931,-9.933226094750775e-08,-2.4394201746068992e-05
92.05000000000001,0.0008133084714995063,-3.7595060686547198e-06,-2.4098493659492813e-05
92.10000000000001,0.0008130290077925747,-7.418834003369813e-06,-2.3797363513507655e-05
92.15,0.0008125666159888527,-1.1076492731745959e-05,-2.3490879061125904e-05
92.2,0.0008119214001245448,-1.4731659295999783e-05,-2.317910926005636e-05
92.25,0.0008110935053704978,-1.8383511299074206e-05,-2.2862124257188996e-05
92.30000000000001,0.0008100831179995376,-2.2031227089675565e-05,-2.2539995372812083e-05
92.35000000000001,0.0008088904653445602,-2.56739859471374e-05,-2.2212795084565813e-05
92.4,0.0008075158157473805,-2.931096826608535e-05,-2.1880597011134587e-05
92.45,0.0008059594784983581,-3.294135574084093e-05,-2.1543475895683467e-05
92.5,0.0008042218037668075,-3.656433154953764e-05,-2.1201507589041212e-05
92.55000000000001,0.0008023031825222113,-4.017908053790373e-05,-2.085476903263404e-05
92.60000000000001,0.000800204046446256,-4.378478940266416e-05,-2.0503338241174547e-05
92.65,0.0007979248678357019,-4.738064687453662e-05,-2.0147294285108125e-05
92.7,0.0007954661594961206,-5.096584390075971e-05,-1.9786717272822842e-05
92.75,0.0007928284746265153,-5.453957382712722e-05,-1.942168833262528e-05
92.80000000000001,0.0007900124066948525,-5.810103257948311e-05,-1.9052289594486924e-05
92.85000000000001,0.0007870185893045377,-6.164941884463068e-05,-1.8678604171565675e-05
92.9,0.0007838476960518524,-6.518393425063069e-05,-1.8300716141505117e-05
92.95,0.0007805004403744007,-6.870378354642776e-05,-1.79187105275178e-05
93.0,0.0007769775753905886,-7.220817478077934e-05,-1.753267327925531e-05
93.05000000000001,0.0007732798937301736,-7.569631948044256e-05,-1.71426912534698e-05
93.10000000000001,0.0007694082273559316,-7.916743282757331e-05,-1.6748852194472084e-05
93.15,0.0007653634473764616,-8.262073383631292e-05,-1.6351244714388815e-05
93.2,0.000761146463850195,-8.605544552850275e-05,-1.594995827322563e-05
93.25,0.0007567582255806342,-8.947079510850189e-05,-1.554508315873887e-05
93.30000000000001,0.0007521997199028754,-9.286601413706404e-05,-1.5136710466121141e-05
93.35000000000001,0.0007474719724614672,-9.624033870422915e-05,-1.4724932077505686e-05
93.4,0.0007425760469796372,-9.959300960120562e-05,-1.4309840641292665e-05
93.45,0.0007375130450199637,-0.00010292327249118549,-1.3891529551304074e-05
93.5,0.000732284105736528,-0.00010623037807906769,-1.3470092925770423e-05
93.55000000000001,0.0007268904056186072,-0.00010951358228004748,-1.3045625586154415e-05
93.60000000000001,0.0007213331582259762,-0.0001127721463870285,-1.2618223035817002e-05
93.65,0.0007156136139158519,-0.00011600533723683434,-1.2187981438528807e-05
93.7,0.0007097330595615746,-0.00011921242737516358,-1.175499759683415e-05
93.75,0.0007036928182630651,-0.00012239269522026466,-1.1319368930270776e-05
93.80000000000001,0.0006974942490491314,-0.00012554542522528984,-1.0881193453450754e-05
93.85000000000001,0.0006911387465716997,-0.0001286699080392865,-1.0440569754008074e-05
93.9,0.0006846277407920134,-0.00013176544066680345,-9.997596970416125e-06
93.95,0.0006779626966589043,-0.00013483132662605858,-9.552374769682443e-06
94.0,0.0006711451137791843,-0.00013786687610564492,-9.105003324923932e-06
94.05000000000001,0.0006641765260802373,-0.0001408714061197364,-8.655583292828207e-06
94.10000000000001,0.0006570585014649008,-0.00014384424066175324,-8.204215791006766e-06
94.15,0.0006497926414586821,-0.0001467847108564657,-7.751002375243207e-06
94.2,0.0006423805808494295,-0.0001496921551104848,-7.296045016644103e-06
94.25,0.0006348239873195106,-0.00015256591926111893,-6.8394460786958034e-06
94.30000000000001,0.0006271245610705878,-0.00015540535672355844,-6.381308294232957e-06
94.35000000000001,0.0006192840344410896,-0.00015820982863635127,-5.9217347423245885e-06
94.4,0.0006113041715164282,-0.00016097870400514893,-5.460828825080933e-06
94.45,0.0006031867677320967,-0.00016371135984467446,-4.998694244388941e-06
94.5,0.0005949336494697011,-0.00016640718131889204,-4.53543497857967e-06
94.55000000000001,0.0005865466736460303,-0.00016906556187934352,-4.071155259033429e-06
94.60000000000001,0.0005780277272952669,-0.00017168590340161608,-3.605959546728719e-06
94.65,0.0005693787271443981,-0.00017426761631992227,-3.1399525087381635e-06
94.7,0.00056060161918197,-0.0001768101197597469,-2.6732389946793474e-06
94.75,0.0005516983782202458,-0.00017931284166854188,-2.2059240131240227e-06
94.80000000000001,0.0005426710074508788,-0.00018177521894443662,-1.7381127079714324e-06
94.85000000000001,0.000533521537994213,-0.0001841966975629306,-1.2699103347919427e-06
94.9,0.0005242520284422745,-0.00018657673270155065,-8.014222371441808e-07
94.95,0.0005148645643956068,-0.00018891478886243126,-3.3275382287370517e-07
95.0,0.0005053612579940173,-0.0001912103399927996,1.3598945960345172e-07
95.05000000000001,0.0004957442474413514,-0.00019346286960333618,6.047021450263554e-07
95.10000000000001,0.0004860156965244174,-0.00019567187088438,1.0732787750178793e-06
95.15,0.00047617779412612683,-0.00019783684681996244,1.5416139218131912e-06
95.2,0.0004662327537330157,-0.00019995731029963138,2.0096022119800415e-06
95.25,0.000456182812937217,-0.00020203278422804933,2.477138350127436e-06
95.30000000000001,0.0004460302329330089,-0.00020406280163233871,2.9441171425968288e-06
95.35000000000001,0.0004357772980080671,-0.00020604690576714636,3.4104335211296963e-06
95.4,0.0004254263150294924,-0.00020798465021741277,3.8759825665082514e-06
95.45,0.0004149796129247871,-0.00020987559899881135,4.340659532161295e-06
95.5,0.00040443954215785283,-0.00021171932665584348,4.804359867731895e-06
95.55000000000001,0.0003938084742001435,-0.00021351541835756496,5.266979242600893e-06
95.60000000000001,0.000383088800997106,-0.00021526346999091895,5.728413569360338e-06
95.65,0.00037228293442998465,-0.00021696308825166287,6.18855902723349e-06
95.7,0.00036139330577317,-0.00021861389073285823,6.647312085433557e-06
95.75,0.0003504223651471695,-0.00022021550601091083,7.104569526457782e-06
95.80000000000001,0.0003393725809673375,-0.00022176757372914028,7.560228469311099e-06
95.85000000000001,0.00032824643938850467,-0.00022326974467885673,8.0141863926534e-06
95.9,0.000317046443745585,-0.00022472168087793402,8.466341157867174e-06
95.95,0.0003057751139903485,-0.00022612305564685263,8.916591032037756e-06
96.0,0.0002944349861244394,-0.00022747355368220144,9.364834710842931e-06
96.05000000000001,0.0002830286116287835,-0.00022877287112762018,9.810971341346111e-06
96.10000000000001,0.00027155855688952834,-0.00023002071564216423,1.025490054468729e-05
96.15,0.0002600274026205981,-0.0002312168064660824,1.0696522438668648e-05
96.2,0.0002484377432830566,-0.00023236087448398526,1.1135737660227124e-05
96.25,0.0002367921865013611,-0.0002334526622853951,1.1572447387790775e-05
96.30000000000001,0.00022509335247665493,-0.00023449192422266284,1.200655336351338e-05
96.35000000000001,0.00021334387339724608,-0.00023547842646623625,1.2437957915381517e-05
96.4,0.00020154639284635637,-0.0002364119470572725,1.286656397919111e-05
96.45,0.00018970356520733945,-0.0002372922759575769,1.3292275120385967e-05
96.5,0.00017781805506645253,-0.00023811921509686053,1.3714995555755267e-05
96.55000000000001,0.0001658925366133323,-0.00023889257841730593,1.4134630174984507e-05
96.60000000000001,0.00015392969303932704,-0.00023961219191542807,1.4551084562054436e-05
96.65,0.00014193221593376964,-0.00024027789368122584,1.4964265016484978e-05
96.7,0.00012990280467839484,-0.00024088953393461033,1.537407857441698e-05
96.75,0.00011784416583998642,-0.00024144697505910478,1.578043302952879e-05
96.80000000000001,0.00010575901256140756,-0.00024195009163280795,1.618323695378241e-05
96.85000000000001,9.365006395116896e-05,-0.00024239877045661293,1.6582399717993966e-05
96.9,8.152004447162024e-05,-0.0002427929105796773,1.6977831512225577e-05
96.95,6.937168332597118e-05,-0.0002431324233221361,1.7369443365991753e-05
97.0,5.720771384422901e-05,-0.0002434172322950545,1.775714716827749e-05
97.05000000000001,4.503087286820733e-05,-0.00024364727341761518,1.8140855687362996e-05
97.10000000000001,3.2843900135762e-05,-0.00024382249493153582,1.852048259045001e-05
97.15,2.064953766434098e-05,-0.00024394285741271502,1.889594246308697e-05
97.2,8.450529134055765e-06,-0.0002440083337801023,1.9267150828386514e-05
97.25,-3.750380729638493e-06,-0.00024401890930179112,1.9634024166032445e-05
97.30000000000001,-1.5950446773498115e-05,-0.0002439745815983337,1.999647993107164e-05
97.35000000000001,-2.8146924034124917e-05,-0.0002438753606432763,2.035443657248585e-05
97.4,-4.033706835559221e-05,-0.0002437212687609151,2.0707813551540974e-05
97.45,-5.251813700685443e-05,-0.00024351234062127363,2.1056531359907524e-05
97.5,-6.46873892988535e-05,-0.00024324862323230178,2.1400511537549747e-05
97.55000000000001,-7.684208720116581e-05,-0.00024293017592929946,2.173967669037893e-05
97.60000000000001,-8.897949595803364e-05,-0.00024255707036156652,2.2073950507666333e-05
97.65,-0.00010109688470369443,-0.00024212939047628154,2.2403257779213355e-05
97.7,-0.00011319152707680022,-0.00024164723249961448,2.2727524412273163e-05
97.75,-0.00012526070183384094,-0.00024111070491507588,2.30466774482213e-05
97.80000000000001,-0.00013730169346141605,-0.00024051992843910868,2.3360645078971176e-05
97.85000000000001,-0.00014931179278720004,-0.00023987503599392796,2.366935666313024e-05
97.9,-0.00016128829758951522,-0.00023917617267761303,2.3972742741894498e-05
97.95,-0.00017322851320530653,-0.00023842349573146177,2.4270735054676136e-05
98.0,-0.0001851297531364328,-0.00023761717450461171,2.4563266554461922e-05
98.05000000000001,-0.0001969893396541208,-0.00023675739041593698,2.4850271422898582e-05
98.10000000000001,-0.00020880460440142955,-0.0002358443369132308,2.513168508510135e-05
98.15,-0.00022057288899363951,-0.0002348782194296791,2.5407444224183513e-05
98.2,-0.00023229154561636446,-0.0002338592553376399,2.5677486795502124e-05
98.25,-0.00024395793762130194,-0.00023278767389973515,2.594175204061787e-05
98.30000000000001,-0.00025556944011947134,-0.00023166371621726736,2.6200180500965526e-05
98.35000000000001,-0.0002671234405717895,-0.00023048763517597405,2.6452714031231612e-05
98.4,-0.00027861733937690114,-0.00022925969538912762,2.6699295812437245e-05
98.45,-0.00029004855045606446,-0.00022798017313799978,2.693987036472192e-05
98.5,-0.0003014145018350117,-0.00022664935630969908,2.7174383559826276e-05
98.55000000000001,-0.0003127126362226355,-0.00022526754433239713,2.7402782633270836e-05
98.60000000000001,-0.00032394041158635576,-0.00022383504810796013,2.7625016196227486e-05
98.65,-0.0003350953017240857,-0.00022235218994199487,2.784103424708216e-05
98.7,-0.0003461747968326036,-0.00022081930347133294,2.8050788182684745e-05
98.75,-0.0003571764040722513,-0.0002192367335889634,2.8254230809284612e-05
98.80000000000001,-0.0003680976481278156,-0.0002176048363664329,2.84513163531491e-05
98.85000000000001,-0.00037893607176545135,-0.00021592397897373294,2.8642000470862174e-05
98.9,-0.00038968923638556745,-0.00021419453959668533,2.882624025930185e-05
98.95,-0.00040035472257148887,-0.00021241690735185388,2.9003994265292978e-05
99.0,-0.0004109301306338184,-0.00021059148219899435,2.9175222494934096e-05
99.05000000000001,-0.0004214130811503596,-0.00020871867485106464,2.933988642259596e-05
99.10000000000001,-0.00043180121550146487,-0.00020679890668181826,2.9497948999589408e-05
99.15,-0.00044209219640073275,-0.00020483260963099378,2.9649374662501483e-05
99.2,-0.0004522837084208756,-0.0002028202261071324,2.9794129341196858e-05
99.25,-0.000462373458514684,-0.00020076220888803732,2.9932180466483504e-05
99.30000000000001,-0.0004723591765309554,-0.0001986590210189,3.0063496977440663e-05
99.35000000000001,-0.0004822386157252573,-0.00019651113570811948,3.0188049328407278e-05
99.4,-0.0004920095532654524,-0.00019431903622082875,3.0305809495629872e-05
99.45,-0.0005016697907318149,-0.00019208321577016463,3.0416750983567618e-05
99.5,-0.0005112171546116687,-0.00018980417740629618,3.0520848830853756e-05
99.55000000000001,-0.0005206494967884211,-0.00018748243390324004,3.0618079615911835e-05
99.60000000000001,-0.0005299646950248693,-0.0001851185076434909,3.0708421462225354e-05
99.65,-0.0005391606534407109,-0.00018271293050048384,3.079185404326003e-05
99.7,-0.0005482353029840976,-0.00018026624371892758,3.0868358587037135e-05
99.75,-0.0005571866018971651,-0.0001777789977930261,3.093791788035704e-05
99.80000000000001,-0.0005660125361754238,-0.000175251752342619,3.100051627267223e-05
99.85000000000001,-0.00057471112002089,-0.00017268507598727233,3.1056139679608485e-05
99.9,-0.0005832803962888979,-0.00017007954621833728,3.110477558613392e-05
99.95,-0.0005917184369284384,-0.00016743574926901986,3.114641304937474e-05
100.0,-0.0006000233434159654,-0.00016475427998248024,3.118104270107738e-05
100.05000000000001,-0.0006081932471825573,-0.00016203574167799475,3.12086567497163e-05
100.10000000000001,-0.0006162263100343287,-0.0001592807460152147,3.122924898224704e-05
100.15,-0.0006241207245660294,-0.00015648991285654093,3.124281476550416e-05
100.2,-0.0006318747145676939,-0.0001536638701276604,3.124935104724365e-05
100.25,-0.0006394865354242839,-0.00015080325367626484,3.12488563568297e-05
100.30000000000001,-0.0006469544745082206,-0.00014790870712898686,3.1241330805565566e-05
100.35000000000001,-0.0006542768515647112,-0.00014498088174658995,3.122677608666853e-05
100.4,-0.000661452019089811,-0.00014202043627743272,3.1205195474888944e-05
100.45,-0.0006684783627010968,-0.0001390280368092564,3.117659382577341e-05
100.5,-0.0006753543015008983,-0.0001360043566193173,3.1140977574572334e-05
100.55000000000001,-0.000682078288431995,-0.00013295007602290122,3.109835473479195e-05
100.60000000000001,-0.0006886488106256901,-0.00012986588222025895,3.104873489639142e-05
100.65,-0.0006950643897422111,-0.00012675246914198388,3.099212922362504e-05
100.7,-0.0007013235823033222,-0.00012361053729288403,3.092855045253039e-05
100.75,-0.0007074249800171031,-0.00012044079359437054,3.0858012888062737e-05
100.80000000000001,-0.0007133672100948097,-0.00011724395122540239,3.0780532400876484e-05
100.85000000000001,-0.0007191489355597398,-0.00011402072946202787,3.0696126423754426e-05
100.9,-0.0007247688555480569,-0.000110771853515545,3.06048139476853e-05
100.95,-0.0007302257056014724,-0.00010749805436933562,3.050661551759102e-05
101.0,-0.0007355182579517451,-0.00010420006861439643,3.0401553227704068e-05
101.05000000000001,-0.0007406453217969256,-0.00010087863828360806,3.0289650716596415e-05
101.10000000000001,-0.0007456057435692754,-9.753451068478467e-05,3.0170933161861033e-05
101.15,-0.0007503984071948235,-9.416843823252714e-05,3.0045427274446877e-05
101.2,-0.0007550222343444733,-9.078117827893671e-05,2.9913161292649138e-05
101.25,-0.0007594761846766227,-8.737349294321308e-05,2.9774164975755726e-05
101.30000000000001,-0.0007637592560712379,-8.394614894017974e-05,2.9628469597351515e-05
101.35000000000001,-0.0007678704848553218,-8.049991740778032e-05,2.947610793828208e-05
101.4,-0.0007718089460197434,-7.703557373357001e-05,2.93171142792779e-05
101.45,-0.0007755737534273558,-7.355389738026038e-05,2.9151524393241503e-05
101.5,-0.000779164060012375,-7.005567171034279e-05,2.8979375537198674e-05
101.55000000000001,-0.0007825790579709668,-6.65416838098339e-05,2.8800706443915717e-05
101.60000000000001,-0.0007858179789429954,-6.301272431118881e-05,2.8615557313184964e-05
101.65,-0.0007888800941849072,-5.9469587215406084e-05,2.84239698027797e-05
101.7,-0.0007917647147336909,-5.591306971338474e-05,2.8225987019081506e-05
101.75,-0.0007944711915618924,-5.234397200655883e-05,2.8021653507381478e-05
101.80000000000001,-0.0007969989157236439,-4.876309712685436e-05,2.7811015241857664e-05
101.85000000000001,-0.0007993473184916712,-4.5171250756014584e-05,2.7594119615231305e-05
101.9,-0.0008015158714852598,-4.156924104431898e-05,2.737101542810331e-05
101.95,-0.0008035040867891343,-3.795787842875681e-05,2.714175287797457e-05
102.0,-0.0008053115170632391,-3.433797545068127e-05,2.6906383547951676e-05
102.05000000000001,-0.000806937755643388,-3.071034657299004e-05,2.6664960395140843e-05
102.10000000000001,-0.0008083824366327602,-2.7075807996878756e-05,2.6417537738733107e-05
102.15,-0.0008096452349842282,-2.3435177478192924e-05,2.6164171247782277e-05
102.2,-0.0008107258665734901,-1.978927414344043e-05,2.5904917928679937e-05
102.25,-0.0008116240882629975,-1.6138918305490626e-05,2.5639836112329176e-05
102.30000000000001,-0.0008123396979566597,-1.2484931279006156e-05,2.5368985441020284e-05
102.35000000000001,-0.0008128725346453141,-8.828135195654916e-06,2.5092426855011816e-05
102.4,-0.0008132224784429537,-5.1693528191276894e-06,2.4810222578818828e-05
102.45,-0.0008133894506137005,-1.509407360023779e-06,2.4522436107212917e-05
102.5,-0.0008133734135895204,2.150877709368733e-06,2.4229132190936113e-05
102.55000000000001,-0.0008131743709786762,5.810678840352016e-06,2.3930376822132125e-05
102.60000000000001,-0.0008127923675649157,9.469172593109177e-06,2.3626237219498734e-05
102.65,-0.0008122274892973952,1.3125535821980993e-05,2.3316781813163374e-05
102.7,-0.000811479863271342,1.6778945860666176e-05,2.3002080229286963e-05
102.75,-0.0008105496576994579,2.042858070731866e-05,2.268220327439824e-05
102.80000000000001,-0.0008094370818740718,2.4073619209495806e-05,2.235722291946249e-05
102.85000000000001,-0.0008081423861200516,2.771324124890993e-05,2.2027212283688753e-05
102.9,-0.0008066658617384795,3.1346627925957685e-05,2.1692245618077772e-05
102.95,-0.0008050078409411124,3.497296174396502e-05,2.1352398288716168e-05
103.0,-0.0008031686967756348,3.8591426793121315e-05,2.1007746759819336e-05
103.05000000000001,-0.0008011488430417248,4.220120893405682e-05,2.0658368576527196e-05
103.10000000000001,-0.0007989487341979522,4.580149598101644e-05,2.0304342347457248e-05
103.15,-0.0007965688652595247,4.939147788460419e-05,1.9945747727017404e-05
103.2,-0.0007940097716869136,5.29703469140369e-05,1.9582665397484457e-05
103.25,-0.0007912720292653766,5.653729783888116e-05,1.9215177050850802e-05
103.30000000000001,-0.0007883562539754077,6.009152811022787e-05,1.8843365370444e-05
103.35000000000001,-0.0007852631018541481,6.363223804125822e-05,1.8467314012323784e-05
103.4,-0.0007819932688477751,6.715863098717598e-05,1.8087107586459176e-05
103.45,-0.0007785474906549206,7.066991352444523e-05,1.7702831637692e-05
103.5,-0.0007749265425611414,7.41652956293081e-05,1.731457262648959e-05
103.55000000000001,-0.0007711312392644815,7.764399085553806e-05,1.6922417909491397e-05
103.60000000000001,-0.0007671624346921735,8.110521651138287e-05,1.6526455719854574e-05
103.65,-0.000763021021808502,8.454819383567283e-05,1.612677514740123e-05
103.7,-0.0007587079324138941,8.797214817303499e-05,1.572346611857402e-05
103.75,-0.0007542241369352681,9.137630914818806e-05,1.5316619376203e-05
103.80000000000001,-0.0007495706442076894,9.475991083927483e-05,1.4906326459088697e-05
103.85000000000001,-0.0007447485012473926,9.812219195018735e-05,1.4492679681406791e-05
103.9,-0.0007397587930161991,0.00010146239598186107,1.4075772111937088e-05
103.95,-0.0007346026421774109,0.00010477977140248033,1.3655697553123898e-05
104.0,-0.0007292812088432141,0.00010807357181657046,1.3232550519970786e-05
104.05000000000001,-0.000723795690313658,0.0001113430561329349,1.2806426218774945e-05
104.10000000000001,-0.0007181473208072727,0.00011458748873139362,1.2377420525706692e-05
104.15,-0.000712337371183367,0.00011780613962830019,1.1945629965236992e-05
104.2,-0.0007063671486560955,0.00012099828464078145,1.151115168842035e-05
104.25,-0.0007002379965003403,0.00012416320554967632,1.1074083451036103e-05
104.30000000000001,-0.0006939512937494774,0.00012730019026113308,1.0634523591593675e-05
104.35000000000001,-0.0006875084548851074,0.00013040853296682393,1.0192571009207306e-05
104.4,-0.0006809109295187927,0.0001334875343027542,9.748325141343446e-06
104.45,-0.0006741602020659074,0.00013653650150661275,9.301885941448204e-06
104.5,-0.0006672577914116492,0.00013955474857364143,8.853353856458163e-06
104.55000000000001,-0.0006602052505692938,0.00014254159641098412,8.402829804200085e-06
104.60000000000001,-0.000653004166330782,0.0001454963729904764,7.950415150685349e-06
104.65,-0.0006456561589096863,0.00014841841349985408,7.49621168730226e-06
104.7,-0.0006381628815766771,0.0001513070604923299,7.040321607913918e-06
104.75,-0.0006305260202875423,0.0001541616640345168,6.582847485864927e-06
104.80000000000001,-0.0006227472933038521,0.00015698158185266142,6.123892250902649e-06
104.85000000000001,-0.000614828450806366,0.00015976617947714955,5.663559166019016e-06
104.9,-0.0006067712745012362,0.00016251483038526383,5.201951804215977e-06
104.95,-0.0005985775772191405,0.0001652269161421458,4.739174025202551e-06
105.0,-0.0005902492025074005,0.00016790182653994158,4.275329952026688e-06
105.05000000000001,-0.0005817880242151888,0.0001705389597350972,3.810523947647888e-06
105.10000000000001,-0.0005731959460719307,0.00017313772238376752,3.3448605914565184e-06
105.15,-0.0005644749012589584,0.00017569752977532078,2.8784446557430886e-06
105.2,-0.0005556268519745633,0.00017821780596389303,2.411381082125455e-06
105.25,-0.0005466537889925068,0.0001806979838979741,1.9437749579372754e-06
105.30000000000001,-0.0005375577312141024,0.00018313750554799273,1.4757314925836536e-06
105.35000000000001,-0.0005283407252139819,0.00018553582203186794,1.0073559938700204e-06
105.4,-0.0005190048447796088,0.00018789239373850932,5.387538443075175e-07
105.45,-0.0005095521904446952,0.00019020669044922468,7.003047740288157e-08
105.5,-0.0004999848890165885,0.0001924781914570174,-3.98708646063737e-07
105.55000000000001,-0.0004903050930977456,0.00019470638568374417,-8.673580617671668e-07
105.60000000000001,-0.00048051498060141715,0.00019689077179510286,-1.3358123255657135e-06
105.65,-0.00047061675426161056,0.00019903085831343435,-1.803966037226431e-06
105.7,-0.0004606126411374944,0.00020112616372830043,-2.271713864139204e-06
105.75,-0.0004505048921123171,0.00020317621660482225,-2.738950565016267e-06
105.80000000000001,-0.00044029578138696457,0.0002051805556897518,-3.205571013571207e-06
105.85000000000001,-0.00042998760596828656,0.0002071387300152495,-3.6714702221713633e-06
105.9,-0.00041958268515226207,0.0002090502990003537,-4.136543365460435e-06
105.95,-0.00040908336000217924,0.00021091483255010718,-4.6006858039431976e-06
106.0,-0.00039849199282190314,0.00021273191115232708,-5.063793107529074e-06
106.05000000000001,-0.0003878109666243643,0.0002145011259719942,-5.525761079028608e-06
106.10000000000001,-0.00037704268459540306,0.00021622207894323695,-5.986485777596864e-06
106.15,-0.0003661895695530445,0.00021789438285889744,-6.4458635421204604e-06
106.2,-0.0003552540634023869,0.0002195176614576497,-6.903791014540371e-06
106.25,-0.0003442386265861804,0.00022109154950865714,-7.360165163107158e-06
106.30000000000001,-0.00033314573753123446,0.0002226156928937485,-7.814883305562847e-06
106.35000000000001,-0.00032197789209079494,0.0002240897486870912,-8.26784313224345e-06
106.4,-0.0003107376029829688,0.0002255133852323508,-8.718942729099e-06
106.45,-0.00029942739922538566,0.0002268862822173105,-9.168080600623272e-06
106.5,-0.0002880498255661765,0.0002282081307459406,-9.615155692689957e-06
106.55000000000001,-0.0002766074419114125,0.00022947863340789902,-1.0060067415289548e-05
106.60000000000001,-0.0002651028227491504,0.00023069750434544597,-1.0502715665161166e-05
106.65,-0.0002535385565701637,0.0002318644693177629,-1.0943000848316123e-05
106.7,-0.00024191724528555624,0.00023297926576265425,-1.1380823902445654e-05
106.75,-0.00023024150364134004,0.0002340416428556228,-1.1816086319209627e-05
106.80000000000001,-0.00021851395863012506,0.00023505136156630487,-1.2248690166400638e-05
106.85000000000001,-0.00020673724890007028,0.0002360081947122497,-1.2678538109977868e-05
106.9,-0.000194914024161179,0.00023691192701003627,-1.3105533435967535e-05
106.95,-0.00018304694458913865,0.00023776235512371026,-1.3529580072222663e-05
107.0,-0.00017113868022678903,0.00023855928771053373,-1.395058261003903e-05
107.05000000000001,-0.0001591919103833707,0.00023930254546403697,-1.4368446325621835e-05
107.10000000000001,-0.00014720932303170515,0.00023999196115436056,-1.478307720139769e-05
107.15,-0.00013519361420339195,0.00024062737966588284,-1.519438194716887e-05
107.2,-0.00012314748738222658,0.0002412086580321194,-1.5602268021102756e-05
107.25,-0.0001110736528959246,0.00024173566546789008,-1.6006643650553468e-05
107.30000000000001,-9.897482730630588e-05,0.00024220828339874522,-1.640741785271044e-05
107.35000000000001,-8.685373279809341e-05,0.00024262640548764402,-1.680450045506872e-05
107.4,-7.471309656641264e-05,0.00024298993765888049,-1.719780211571806e-05
107.45,-6.255565020319776e-05,0.00024329879811924975,-1.758723434344405e-05
107.5,-5.038412908259167e-05,0.00024355291737645127,-1.797270951763835e-05
107.55000000000001,-3.8201271745494815e-05,0.00024375223825472424,-1.8354140908013096e-05
107.60000000000001,-2.6009819283418933e-05,0.0002438967159077118,-1.873144269411438e-05
107.65,-1.3812514721732224e-05,0.00024398631782855164,-1.9104529984632165e-05
107.7,-1.6121024025040763e-06,0.00024402102385718955,-1.9473318836500043e-05
107.75,1.058867263296378e-05,0.0002440008261849155,-1.9837726273782152e-05
107.80000000000001,2.2787065261763466e-05,0.00024392572935612056,-2.019767030634255e-05
107.85000000000001,3.4980330897008145e-05,0.0002437957502672744,-2.0553069948292195e-05
107.9,4.716572610537331e-05,0.00024361091816312364,-2.090384523621109e-05
107.95,5.934050922434382e-05,0.00024337127463011198,-2.1249917247139272e-05
108.0,7.15019409790799e-05,0.00024307687358702333,-2.1591208116334266e-05
108.05000000000001,8.364728509874581e-05,0.00024272778127285032,-2.1927641054790403e-05
108.10000000000001,9.577380893214552e-05,0.0002423240762318911,-2.2259140366515653e-05
108.15,0.00010787878406257836,0.0002418658492960767,-2.2585631465563488e-05
108.2,0.00011995948692170746,0.00024135320356453454,-2.290704089281399e-05
108.25,0.0001320131994023546,0.00024078625438039145,-2.322329633250195e-05
108.30000000000001,0.00014403720947006623,0.00024016512930482195,-2.353432662848774e-05
108.35000000000001,0.0001560288117732962,0.00023948996808834802,-2.384006180026673e-05
108.4,0.00016798530825211895,0.00023876092263939487,-2.414043305871516e-05
108.45,0.0001799040087452678,0.00023797815699011293,-2.4435372821567068e-05
108.5,0.0001917822315954134,0.00023714184725947095,-2.4724814728620078e-05
108.55000000000001,0.00020361730425252873,0.00023625218161362995,-2.500869365666626e-05
108.60000000000001,0.00021540656387518804,0.00023530936022360751,-2.528694573414424e-05
108.65,0.00022714735792971516,0.00023431359522023862,-2.5559508355510543e-05
108.7,0.0002388370447869789,0.0002332651106464482,-2.5826320195325223e-05
108.75,0.00025047299431675194,0.00023216414240684208,-2.6087321222049922e-05
108.80000000000001,0.0002620525884794821,0.00023101093821462917,-2.6342452711554794e-05
108.85000000000001,0.0002735732219153272,0.00022980575753588832,-2.659165726033088e-05
108.9,0.00028503230253036985,0.00022854887153118763,-2.6834878798406106e-05
108.95,0.00029642725207981426,0.0002272405629945757,-2.7072062601960485e-05
109.0,0.0003077555067480839,0.00022588112628995388,-2.7303155305638825e-05
109.05000000000001,0.00031901451772567234,0.00022447086728484523,-2.7528104914557786e-05
109.10000000000001,0.00033020175178260174,0.00022301010328157721,-2.774686081600423e-05
109.15,0.00034131469183840834,0.0002214991629458876,-2.795937379082326e-05
109.2,0.0003523508375284619,0.0002199383862329777,-2.8165596024492075e-05
109.25,0.00036330770576654064,0.00021832812431102347,-2.83654811178781e-05
109.30000000000001,0.0003741828313035179,0.0002166687394821636,-2.8558984097678625e-05
109.35000000000001,0.00038497376728202084,0.00021496060510098504,-2.8746061426539425e-05
109.4,0.0003956780857869813,0.00021320410549051697,-2.8926671012850794e-05
109.45,0.00040629337839189416,0.00021139963585576157,-2.9100772220217752e-05
109.5,0.00041681725670070625,0.0002095476021947741,-2.926832587660312e-05
109.55000000000001,0.00042724735288519834,0.00020764842120731458,-2.9429294283141115e-05
109.60000000000001,0.0004375813202177246,0.0002057025202010941,-2.9583641222619267e-05
109.65,0.00044781683359923426,0.00020371033699562933,-2.9731331967627375e-05
109.7,0.0004579515900823973,0.00020167231982373706,-2.9872333288370882e-05
109.75,0.0004679833093897606,0.00019958892723068313,-3.0006613460147468e-05
109.80000000000001,0.00047790973442680387,0.00019746062797101113,-3.0134142270485008e-05
109.85000000000001,0.00048772863178976486,0.00019528790090307698,-3.0254891025939103e-05
109.9,0.000497437792268163,0.00019307123488130425,-3.036883255854923e-05
109.95,0.0005070350313418507,0.00019081112864619636,-3.0475941231951234e-05
110.0,0.0005165181896725246,0.00018850809071212145,-3.057619294714546e-05
110.05000000000001,0.0005258851335895697,0.00018616263925289817,-3.066956514791894e-05
110.10000000000001,0.0005351337555701157,0.00018377530198521137,-3.075603682592038e-05
110.15,0.0005442619747132371,0.0001813466160498741,-3.083558852538704e-05
110.2,0.000553267737208136,0.00017887712789097586,-3.0908202347522143e-05
110.25,0.0005621490167962439,0.00017636739313293436,-3.097386195452207e-05
110.30000000000001,0.0005709038152271236,0.00017381797645548154,-3.1032552573252234e-05
110.35000000000001,0.0005795301627080572,0.00017122945146661603,-3.1084260998571e-05
110.4,0.000588026118347256,0.00016860240057353933,-3.1128975596300825e-05
110.45,0.0005963897705905432,0.0001659374148516196,-3.116668630584586e-05
110.5,0.0006046192376514481,0.00016323509391140143,-3.119738464245556e-05
110.55000000000001,0.000612712667934602,0.0001604960457636953,-3.122106369913369e-05
110.60000000000001,0.0006206682404523306,0.00015772088668278072,-3.1237718148192375e-05
110.65,0.0006284841652343818,0.00015491024106774247,-3.124734424245085e-05
110.7,0.0006361586837306531,0.00015206474130198663,-3.124993981607852e-05
110.75,0.0006436900692068594,0.00014918502761095614,-3.124550428508227e-05
110.80000000000001,0.0006510766271330433,0.00014627174791808194,-3.123403864743785e-05
110.85000000000001,0.0006583166955648291,0.00014332555769900628,-3.121554548286537e-05
110.9,0.0006654086455173655,0.0001403471198340985,-3.119002895224885e-05
110.95,0.0006723508813318322,0.000137337104459313,-3.1157494796700005e-05
111.0,0.0006791418410344583,0.00013429618881541068,-3.1117950336266604e-05
111.05000000000001,0.0006857799966879617,0.00013122505709558182,-3.10714044682854e-05
111.10000000000001,0.0006922638547353212,0.00012812440029150884,-3.101786766538034e-05
111.15,0.0006985919563358314,0.00012499491603789104,-3.095735197310623e-05
111.2,0.0007047628776933288,0.00012183730845548303,-3.0889871007238504e-05
111.25,0.0007107752303765413,0.00011865228799266981,-3.0815439950709824e-05
111.30000000000001,0.0007166276616314812,0.00011544057126561789,-3.073407555019387e-05
111.35000000000001,0.0007223188546858027,0.00011220288089704337,-3.0645796112337555e-05
111.4,0.0007278475290450798,0.00010893994535361934,-3.0550621499641936e-05
111.45,0.0007332124407809054,0.00010565249878207768,-3.0448573125993374e-05
111.5,0.0007384123828107722,0.00010234128084402818,-3.033967395184542e-05
111.55000000000001,0.0007434461851696618,9.900703654953684e-05,-3.0223948479052797e-05
111.60000000000001,0.0007483127152732768,9.565051608950558e-05,-3.0101422745358747e-05
111.65,0.000753010878172876,9.227247466687678e-05,-2.9972124318536423e-05
111.7,0.0007575396168016271,8.887367232671949e-05,-2.983608229018637e-05
111.75,0.0007618979122124441,8.545487378522168e-05,-2.9693327269191058e-05
111.80000000000001,0.0007660847838072473,8.201684825763126e-05,-2.954389137482792e-05
111.85000000000001,0.0007700992895575885,7.85603692851898e-05,-2.9387808229542837e-05
111.9,0.0007739405262166114,7.508621456108323e-05,-2.9225112951385e-05
111.95,0.0007776076295222726,7.159516575546801e-05,-2.9055842146105616e-05
112.0,0.0007810997743917989,6.808800833959765e-05,-2.8880033898921777e-05
112.05000000000001,0.000784416175107328,6.456553140909398e-05,-2.8697727765947356e-05
112.10000000000001,0.0007875560854926878,6.102852750640805e-05,-2.8508964765293278e-05
112.15,0.0007905187990812891,5.747779244249536e-05,-2.8313787367838305e-05
112.2,0.0007933036492750734,5.391412511776568e-05,-2.8112239487673454e-05
112.25,0.0007959100094944953,5.033832734233304e-05,-2.7904366472221502e-05
112.30000000000001,0.0007983372933195019,4.675120365561057e-05,-2.7690215092033903e-05
112.35000000000001,0.0008005849546214711,4.315356114529673e-05,-2.746983353026787e-05
112.4,0.0008026524876860928,3.954620926577794e-05,-2.724327137184502e-05
112.45,0.0008045394273271501,3.592995965600866e-05,-2.7010579592295193e-05
112.5,0.000806245348991184,3.230562595689513e-05,-2.6771810546287127e-05
112.55000000000001,0.0008077698688530173,2.8674023628228612e-05,-2.6527017955848805e-05
112.60000000000001,0.0008091126439021118,2.5035969765214404e-05,-2.6276256898280508e-05
112.65,0.0008102733720197467,2.139228291462271e-05,-2.6019583793762216e-05
112.7,0.0008112517920469924,1.7743782890623226e-05,-2.575705639265963e-05
112.75,0.0008120476838434702,1.4091290590329405e-05,-2.548873376253046e-05
112.80000000000001,0.0008126608683368839,1.043562780909887e-05,-2.5214676274834424e-05
112.85000000000001,0.000813091207563309,6.7776170556372956e-06,-2.4934945591350252e-05
112.9,0.0008133386046982352,3.1180813669310927e-06,-2.4649604650301542e-05
112.95,0.0008134030040783508,-5.421558769284075e-07,-2.4358717652196248e-05
113.0,0.000813284391214067,-4.202271138002778e-06,-2.4062350045381784e-05
113.05000000000001,0.0008129827927927776,-7.861440905800335e-06,-2.3760568511319302e-05
113.10000000000001,0.0008124982766728553,-1.1518841882558288e-05,-2.3453440949580994e-05
113.15,0.0008118309518683831,-1.517365116848739e-05,-2.31410364625725e-05
113.2,0.0008109809685246266,-1.882504644691696e-05,-2.282342533998544e-05
113.25,0.0008099485178842524,-2.2472206169313515e-05,-2.250067904298249e-05
113.30000000000001,0.0008087338322442986,-2.6114309740126957e-05,-2.21728701881188e-05
113.35000000000001,0.0008073371849039104,-2.975053770141675e-05,-2.184007253100397e-05
113.4,0.0008057588901028471,-3.338007191723283e-05,-2.1502360949706784e-05
113.45,0.0008039993029507804,-3.700209575768871e-05,-2.1159811427908313e-05
113.5,0.0008020588193473964,-4.061579428270049e-05,-2.081250103780585e-05
113.55000000000001,0.0007999378758933188,-4.4220354425346283e-05,-2.0460507922771863e-05
113.60000000000001,0.0007976369497918785,-4.781496517479861e-05,-2.0103911279772468e-05
113.65,0.0007951565587417407,-5.139881775880444e-05,-1.9742791341547864e-05
113.7,0.0007924972608204275,-5.497110582565169e-05,-1.937722935856069e-05
113.75,0.0007896596543587525,-5.8531025625595795e-05,-1.900730758071491e-05
113.80000000000001,0.0007866443778061975,-6.207777619170105e-05,-1.863310923884984e-05
113.85000000000001,0.0007834521095872681,-6.561055952005082e-05,-1.8254718526013975e-05
113.9,0.0007800835679488454,-6.912858074930106e-05,-1.7872220578521276e-05
113.95,0.000776539510798587,-7.263104833951673e-05,-1.7485701456796273e-05
114.0,0.0007728207355344005,-7.611717425026591e-05,-1.7095248126010743e-05
114.05000000000001,0.0007689280788650307,-7.958617411792672e-05,-1.6700948436516782e-05
114.10000000000001,0.0007648624166218083,-8.303726743216167e-05,-1.6302891104081316e-05
114.15,0.0007606246635615851,-8.646967771153518e-05,-1.5901165689924738e-05
114.2,0.0007562157731609218,-8.988263267821486e-05,-1.549586258057046e-05
114.25,0.0007516367374015586,-9.327536443173143e-05,-1.5087072967508242e-05
114.30000000000001,0.0007468885865472225,-9.66471096217543e-05,-1.467488882667633e-05
114.35000000000001,0.0007419723889118271,-9.99971096198383e-05,-1.4259402897767747e-05
114.4,0.0007368892506190992,-0.00010332461069011743,-1.384070866336358e-05
114.45,0.00073164031535371,-0.00010662886415888873,-1.34189003279002e-05
114.5,0.0007262267641039509,-0.0001099091265830614,-1.2994072796473612e-05
114.55000000000001,0.0007206498148960128,-0.00011316465991742949,-1.2566321653486027e-05
114.60000000000001,0.0007149107225199433,-0.00011639473168072505,-1.2135743141140294e-05
114.65,0.0007090107782473139,-0.00011959861512042901,-1.1702434137785094e-05
114.7,0.0007029513095406955,-0.0001227755893762838,-1.1266492136118162e-05
114.75,0.0006967336797549841,-0.0001259249396424845,-1.0828015221250764e-05
114.80000000000001,0.0006903592878306493,-0.0001290459573285084,-1.0387102048638805e-05
114.85000000000001,0.0006838295679789856,-0.0001321379402185411,-9.943851821886278e-06
114.9,0.0006771459893594111,-0.00013520019262947732,-9.498364270424149e-06
114.95,0.000670310055748919,-0.00013823202556744347,-9.05073962707209e-06
115.0,0.0006633233052037327,-0.00014123275688281893,-8.601078605486465e-06
115.05000000000001,0.0006561873097132477,-0.0001442017114237178,-8.149482377500004e-06
115.10000000000001,0.0006489036748463487,-0.00014713822118789192,-7.696052550359105e-06
115.15,0.000641474039390151,-0.00015004162547303348,-7.240891143861852e-06
115.2,0.0006339000749812889,-0.000152911271025427,-6.7841005674045065e-06
115.25,0.000626183485729802,-0.00015574651218692933,-6.3257835969397135e-06
115.30000000000001,0.0006183260078357152,-0.00015854671104024109,-5.866043351852167e-06
115.35000000000001,0.000610329409198411,-0.0001613112375524319,-5.404983271757777e-06
115.4,0.000602195489018845,-0.00016403946971670007,-4.942707093229344e-06
115.45,0.0005939260773947429,-0.00016673079369231835,-4.479318826456817e-06
115.5,0.0005855230349088339,-0.0001693846039427461,-4.014922731845329e-06
115.55000000000001,0.0005769882522102247,-0.0001720003033718734,-3.5496232965568688e-06
115.60000000000001,0.0005683236495890216,-0.00017457730345836215,-3.083525211001674e-06
115.65,0.0005595311765442583,-0.0001771150243880652,-2.616733345282532e-06
115.7,0.0005506128113452771,-0.00017961289518447936,-2.149352725599965e-06
115.75,0.0005415705605866236,-0.00018207035383721322,-1.6814885106216501e-06
115.80000000000001,0.000532406458736569,-0.00018448684742843795,-1.2132459678220345e-06
115.85000000000001,0.0005231225676793743,-0.00018686183225728864,-7.447304497981359e-07
115.9,0.0005137209762513586,-0.00018919477396219886,-2.7604737056484654e-07
115.95,0.0005042037997709303,-0.0001914851476411271,1.9269781816226038e-07
116.0,0.0004945731795626474,-0.00019373243796965794,6.613996506932164e-07
116.05000000000001,0.0004848312824754251,-0.00019593613931694884,1.1299526710931517e-06
116.10000000000001,0.00047498030039501524,-0.0001980957558594922,1.598251456908922e-06
116.15,0.00046502244975082463,-0.00020021080169267734,2.06619064288945e-06
116.2,0.0004549599710172388,-0.00020228080094011463,2.533664944692008e-06
116.25,0.0004447951282095221,-0.00020430528786070614,3.0005691825708315e-06
116.30000000000001,0.0004345302083744207,-0.00020628380695343601,3.4667983050422615e-06
116.35000000000001,0.00042416752107559856,-0.00020821591305985408,3.932247412520371e-06
116.4,0.0004137093978739777,-0.000210101171464238,4.396811780919708e-06
116.45,0.0004031581918031586,-0.00021193915799140012,4.86038688521725e-06
116.5,0.0003925162768399947,-0.00021372945910212577,5.322868422970222e-06
116.55000000000001,0.00038178604737045435,-0.00021547167198621836,5.784152337783837e-06
116.60000000000001,0.0003709699176509065,-0.00021716540465312786,6.244134842723035e-06
116.65,0.0003600703212649048,-0.00021881027602015004,6.702712443664859e-06
116.7,0.0003490897105756538,-0.00022040591599816666,7.15978196258372e-06
116.75,0.0003380305561742344,-0.00022195196557491415,7.615240560766102e-06
116.80000000000001,0.00032689534632372833,-0.00022344807689576054,8.068985761948995e-06
116.85000000000001,0.000315686586399382,-0.00022489391334196948,8.520915475376099e-06
116.9,0.0003044067983248886,-0.00022628914960644053,8.970928018768587e-06
116.95,0.0002930585200049786,-0.00022763347176690035,9.418922141202668e-06
117.0,0.00028164430475439886,-0.0002289265773565341,9.86479704589076e-06
117.05000000000001,0.00027016672072342415,-0.00023016817543203974,1.0308452412860455e-05
117.10000000000001,0.0002586283503200472,-0.00023135798663908753,1.0749788421525588e-05
117.15,0.0002470317896289285,-0.0002324957432751757,1.1188705773146201e-05
117.2,0.00023537964782730073,-0.00023358118934986105,1.1625105713169863e-05
117.25,0.0002236745465979123,-0.0002346140806423559,1.2058890053451104e-05
117.30000000000001,0.0002119191195391559,-0.00023559418475647723,1.2489961194343503e-05
117.35000000000001,0.0002001160115725336,-0.0002365212811729336,1.2918222146658682e-05
117.4,0.00018826787834754055,-0.0002373951612989427,1.33435765534892e-05
117.45,0.00017637738564416848,-0.0002382156285151629,1.3765928711887978e-05
117.5,0.000164447208773113,-0.00023898249821993186,1.4185183594401157e-05
117.55000000000001,0.00015248003197383661,-0.00023969559787080137,1.4601246870449013e-05
117.60000000000001,0.00014047854781063982,-0.00024035476702335794,1.501402492754944e-05
117.65,0.00012844545656682507,-0.00024095985736732333,1.5423424892381114e-05
117.7,0.00011638346563715798,-0.00024151073275992287,1.582935465167909e-05
117.75,0.00010429528891871159,-0.00024200726925651715,1.6231722872960025e-05
117.80000000000001,9.21836462002475e-05,-0.00024244935513848939,1.6630439025071724e-05
117.85000000000001,8.005126255028862e-05,-0.00024283689093838087,1.7025413398561813e-05
117.9,6.790086770396967e-05,-0.00024316978946227165,1.7416557125862643e-05
117.95,5.573519544887195e-05,-0.0002434479758093983,1.7803782201285706e-05
118.0,4.355698300992933e-05,-0.00024367138738900628,1.8187001500822623e-05
118.05000000000001,3.1368970433560647e-05,-0.00024383997393443273,1.85661288017478e-05
118.10000000000001,1.9173899971184728e-05,-0.00024395369751441609,1.8941078802017744e-05
118.15,6.974515462204573e-06,-0.0002440125325416306,1.931176713946431e-05
118.2,-5.226438283331064e-06,-0.00024401646577844343,1.9678110410775405e-05
118.25,-1.7426216102301824e-05,-0.00024396549633989284,2.0040026190260482e-05
118.30000000000001,-2.962207309616933e-05,-0.00024385963569388747,2.0397433048396077e-05
118.35000000000001,-4.1811265248553926e-05,-0.00024369890765862614,2.075025057014671e-05
118.4,-5.399105004264755e-05,-0.00024348334839723864,2.109839937305852e-05
118.45,-6.615868707825461e-05,-0.00024321300640964947,2.1441801125119595e-05
118.5,-7.831143868837395e-05,-0.00024288794252166527,2.178037856238444e-05
118.55000000000001,-9.044657055516574e-05,-0.0002425082298712894,2.2114055506358125e-05
118.60000000000001,-0.0001025613523251478,-0.00024207395389226656,2.2442756881135762e-05
118.65,-0.00011465305822353415,-0.00024158521229485978,2.2766408730294807e-05
118.7,-0.00012671896766750917,-0.00024104211504386662,2.3084938233534604e-05
118.75,-0.00013875636587835064,-0.00024044478433387742,2.3398273723060713e-05
118.80000000000001,-0.00015076254449224692,-0.0002397933545617817,2.3706344699709947e-05
118.85000000000001,-0.00016273480216965374,-0.00023908797229653042,2.4009081848812047e-05
118.9,-0.00017467044520310472,-0.00023832879624615722,2.430641705578572e-05
118.95,-0.0001865667881232704,-0.00023751599722207073,2.4598283421463772e-05
119.0,-0.0001984211543031811,-0.00023664975810062236,2.4884615277145223e-05
119.05000000000001,-0.0002102308765604599,-0.00023573027378195977,2.516534819937058e-05
119.10000000000001,-0.0002219932977574141,-0.00023475775114617614,2.5440419024416514e-05
119.15,-0.0002337057713989001,-0.00023373240900676143,2.5709765862507917e-05
119.2,-0.00024536566222776014,-0.00023265447806137144,2.5973328111742522e-05
119.25,-0.0002569703468177476,-0.00023152420083992134,2.623104647172614e-05
119.30000000000001,-0.00026851721416378986,-0.00023034183165001733,2.6482862956915082e-05
119.35000000000001,-0.00028000366626944047,-0.00022910763651973974,2.6728720909662392e-05
119.4,-0.0002914271187314371,-0.00022782189313778577,2.6968565012965976e-05
119.45,-0.0003027850013211681,-0.00022648489079099223,2.7202341302914423e-05
119.5,-0.00031407475856296647,-0.00022509693029924667,2.7429997180828725e-05
119.55000000000001,-0.0003252938503090843,-0.00022365832394780392,2.7651481425096843e-05
119.60000000000001,-0.00033643975231120255,-0.0002221693954170248,2.7866744202698056e-05
119.65,-0.00034750995678839533,-0.00022063047970954694,2.8075737080415615e-05
119.7,-0.0003585019729913574,-0.00021904192307491233,2.827841303573371e-05
119.75,-0.0003694133277628153,-0.00021740408293166203,2.8474726467417424e-05
119.80000000000001,-0.00038024156609398036,-0.00021571732778691822,2.866463320577287e-05
119.85000000000001,-0.0003909842516769033,-0.0002139820371534735,2.8848090522584978e-05
119.9,-0.0004016389674526514,-0.0002121986014643992,2.9025057140731478e-05
119.95,-0.00041220331615512436,-0.00021036742198520154,2.9195493243469856e-05
120.0,-0.0004226749208504321,-0.00020848891072353811,2.935936048339601e-05
