time_normalized,x,y,vx,vy,specific_energy,specific_angular_momentum
0.0,0.7,0.0,0.0,1.362770287738494,-0.4999999999999998,0.9539392014169457
0.015707963267948967,0.6997482243775232,0.021406345622448506,-0.03204611429578745,1.3622802859792342,-0.4999999472951465,0.9539392014169458
0.031415926535897934,0.6989932416275224,0.04279729738562565,-0.06404846496308439,1.3608115838145678,-0.49999978951454327,0.9539392014169455
0.0471238898038469,0.6977360825075059,0.06415750236876588,-0.09596349089705672,1.3583680811178445,-0.49999952765560385,0.9539392014169457
0.06283185307179587,0.6959784596473723,0.08547168923073249,-0.1277480339293884,1.3549562462592466,-0.49999916336593464,0.9539392014169458
0.07853981633974483,0.6937227596584749,0.1067247082606024,-0.15935953505859943,1.3505850694455093,-0.4999986989215567,0.9539392014169459
0.0942477796076938,0.6909720322011764,0.12790157055291324,-0.1907562245030373,1.3452659983199253,-0.4999981371971045,0.9539392014169458
0.10995574287564278,0.6877299761232222,0.1489874860350626,-0.22189730369444194,1.339012856721191,-0.499997481628654,0.9539392014169459
0.12566370614359174,0.6840009228097981,0.169967900090289,-0.25274311747518835,1.3318417477204687,-0.4999967361699986,0.9539392014169458
0.1413716694115407,0.6797898169121678,0.19082852853889073,-0.2832553149359883,1.3237709422516413,-0.49999590524329085,0.9539392014169457
0.15707963267948966,0.6751021946448664,0.21155539076242294,-0.3133969975282287,1.3148207548162814,-0.49999499368508227,0.9539392014169459
0.17278759594743864,0.6699441598612501,0.23213484078007288,-0.34313285330098015,1.3050134078795184,-0.4999940066888524,0.953939201416946
0.1884955592153876,0.6643223581335098,0.2525535961127277,-0.3724292763414451,1.2943728866738542,-0.4999929497451334,0.9539392014169459
0.20420352248333656,0.6582439490758896,0.27279876429787686,-0.4012544707335347,1.2829247861942417,-0.4999918285803574,0.9539392014169458
0.21991148575128555,0.6517165771587445,0.2928578669468886,-0.42957853858676553,1.2706961521995288,-0.4999906490955066,0.9539392014169458
0.2356194490192345,0.6447483412662495,0.31271886126482545,-0.4573735519213969,1.2577153180337879,-0.4999894173055972,0.9539392014169459
0.25132741228718347,0.6373477632521193,0.33237015898131156,-0.4846136084207653,1.2440117390480112,-0.49998813928093955,0.9539392014169459
0.26703537555513246,0.6295237557458063,0.35180064266855243,-0.5112748712737462,1.229615826340827,-0.4999868210910273,0.9539392014169459
0.2827433388230814,0.6212855894565327,0.37099967944901246,-0.5373355935254657,1.2145587814494883,-0.49998546875178684,0.953939201416946
0.2984513020910304,0.6126428602144872,0.38995713212009925,-0.5627761275298038,1.1988724335131002,-0.4999840881767956,0.9539392014169459
0.3141592653589793,0.6036054559778993,0.4086633677461732,-0.587578920250633,1.18258908030281,-0.4999826851329521,0.9539392014169461
0.3298672286269283,0.5941835240218512,0.4271092637890474,-0.611728495288648,1.1657413343725715,-0.4999812652009532,0.9539392014169459
0.3455751918948773,0.5843874385099957,0.44528621186668144,-0.6352114226163057,1.1483619754331984,-0.4999798337407987,0.9539392014169459
0.3612831551628262,0.5742277686341741,0.4631861192458754,-0.658016277084746,1.1304838098956584,-0.49997839586243953,0.9539392014169459
0.3769911184307752,0.5637152474896764,0.48080140818838546,-0.680133586824162,1.1121395383706607,-0.4999769564015635,0.9539392014169461
0.3926990816987242,0.5528607418359096,0.49812501328099545,-0.7015557726939917,1.0933616317539192,-0.4999755199004181,0.9539392014169461
0.4084070449666731,0.5416752228738869,0.5151503768887361,-0.7222770799530525,1.0741822163730457,-0.4999740905934924,0.9539392014169461
0.4241150082346221,0.5301697381535416,0.5318714428767392,-0.7422935033141859,1.054632968525394,-0.4999726723977971,0.953939201416946
0.4398229715025711,0.5183553847056941,0.5482826487502658,-0.7616027065252441,1.0347450185984763,-0.49997126890743493,0.9539392014169459
0.45553093477052004,0.5062432834758035,0.5643789163644151,-0.7802039375805926,1.0145488648374528,-0.4999698833921026,0.9539392014169459
0.471238898038469,0.49384455511964387,0.5801556413550777,-0.7980979406170886,0.9940742967088847,-0.4999685187991425,0.9539392014169458
0.48694686130641796,0.4811702972049256,0.5956086814410457,-0.8152868654880503,0.9733503277072412,-0.4999671777587409,0.9539392014169459
0.5026548245743669,0.4682315628477888,0.6107343437440205,-0.8317741759403525,0.9524051373609725,-0.4999658625918587,0.9539392014169457
0.5183627878423159,0.4550393407991264,0.6255293712687897,-0.8475645572456308,0.9312660221183884,-0.499964575320494,0.9539392014169457
0.5340707511102649,0.4416045369829291,0.6399909286802696,-0.8626638240586564,0.9099593547298797,-0.49996331767987523,0.9539392014169457
0.5497787143782138,0.42793795747732283,0.6541165875076367,-0.8770788291960825,0.8885105516917362,-0.49996209113221046,0.9539392014169457
0.5654866776461628,0.4140502929187136,0.6679043108985874,-0.8908173739485735,0.866944048277259,-0.49996089688163425,0.9539392014169457
0.5811946409141118,0.3999521043004529,0.681352438039049,-0.9038881204602058,0.8452832806522328,-0.4999597358900233,0.9539392014169457
0.5969026041820608,0.3856538101296649,0.6944596683455807,-0.9163005066321614,0.8235506745531741,-0.49995860889338506,0.9539392014169457
0.6126105674500097,0.37116567489929086,0.7072250455294007,-0.9280646639340812,0.8017676399971049,-0.499957516418545,0.9539392014169457
0.6283185307179586,0.356497798826949,0.7196479416225899,-0.9391913384367695,0.779954571489882,-0.4999564587999009,0.9539392014169457
0.6440264939859076,0.3416601088078096,0.7317280410486645,-0.9496918153148212,0.758130853205303,-0.49995543619603544,0.9539392014169457
0.6597344572538566,0.326662350525275,0.7434653248114854,-0.9595778470075683,0.7363148686182849,-0.4999544486060117,0.9539392014169457
0.6754424205218056,0.3115140816607448,0.754860054868466,-0.9688615851717742,0.7145240140913991,-0.499953495885207,0.9539392014169457
0.6911503837897546,0.296224666142065,0.7659127587463158,-0.9775555165098344,0.6927747159340194,-0.4999525777605639,0.9539392014169457
0.7068583470577036,0.2808032693693101,0.7766242144501767,-0.9856724025128922,0.6710824504764397,-0.49995169384516636,0.9539392014169458
0.7225663103256524,0.26525885435625796,0.786995435710014,-0.9932252231191226,0.6494617667267764,-0.4999508436520672,0.9539392014169457
0.7382742735936014,0.2496001787261989,0.7970276576015396,-1.0002271242533252,0.6279263112055733,-0.49995002660731813,0.9539392014169458
0.7539822368615504,0.23383579250150302,0.8067223225728056,-1.0066913691846415,0.6064888545811583,-0.4999492420621683,0.9539392014169457
0.7696902001294994,0.2179740366275717,0.8160810669019022,-1.0126312936144117,0.5851613197574252,-0.4999484893044166,0.9539392014169457
0.7853981633974484,0.2020230421733614,0.8251057076059539,-1.0180602643855687,0.5639548110943626,-0.49994776756890813,0.9539392014169458
0.8011061266653973,0.18599073015251785,0.8337982298168087,-1.0229916416882376,0.5428796444699321,-0.4999470760471916,0.9539392014169457
0.8168140899333463,0.16988481191124608,0.8421607746344556,-1.0274387446229871,0.5219453779194978,-0.4999464138963472,0.9539392014169455
0.8325220532012952,0.1537127900313069,0.8501956274652791,-1.03141481997314,0.5011608426156599,-0.49994578024701497,0.9539392014169455
0.8482300164692442,0.13748195969893354,0.8579052068487378,-1.0349330140303559,0.4805341739768488,-0.4999451742106503,0.9539392014169455
0.8639379797371932,0.12119941049295382,0.8652920537729242,-1.0380063473130015,0.46007284271724264,-0.49994459488604837,0.9539392014169455
0.8796459430051422,0.10487202854795252,0.8723588214767044,-1.0406476920143424,0.439783685673368,-0.49994404136516835,0.9539392014169454
0.8953539062730911,0.08850649905087951,0.8791082657337251,-1.042869752016983,0.41967293626406743,-0.4999435127383063,0.9539392014169453
0.9110618695410401,0.07210930903207691,0.885543235611481,-1.0446850453110232,0.39974625446032985,-0.4999430080986541,0.9539392014169453
0.9267698328089891,0.055686750414237214,0.8916666646968512,-1.0461058886557983,0.3800087561597727,-0.49994252654629034,0.9539392014169453
0.942477796076938,0.03924492328529613,0.8974815627779944,-1.0471443843286055,0.3604650418773543,-0.4999420671916429,0.9539392014169454
0.958185759344887,0.022789739363691674,0.9029910079712297,-1.0478124088082919,0.3411192246792148,-0.49994162915846985,0.9539392014169455
0.9738937226128359,0.006326925626772575,0.9081981392804991,-1.0481216032467835,0.32197495730044234,-0.49994121158639393,0.9539392014169454
0.9896016858807849,-0.01013797192459684,0.9131061495761792,-1.04808336558741,0.303035458400096,-0.4999408136330341,0.9539392014169453
1.0053096491487339,-0.026599584390018152,0.9177182789793686,-1.0477088441950857,0.28430353791806207,-0.4999404344757714,0.9539392014169452
1.0210176124166828,-0.04305271600484019,0.9220378086373089,-1.0470089328699002,0.2657816215083419,-0.49994007331318147,0.9539392014169454
1.0367255756846319,-0.05949234010748783,0.9260680548752666,-1.045994267122351,0.2474717740322515,-0.4999397293661728,0.9539392014169455
1.0524335389525807,-0.07591359505772637,0.9298123637100144,-1.0446752215952189,0.22937572210283264,-0.49993940187885744,0.9539392014169455
1.0681415022205298,-0.09231178012299612,0.9332741057099677,-1.0430619085238517,0.2114948756786103,-0.49993909011918447,0.9539392014169457
1.0838494654884787,-0.10868235134830519,0.9364566711870526,-1.041164177133339,0.19383034871076427,-0.499938793379366,0.9539392014169457
1.0995574287564276,-0.12502091742362573,0.9393634657054926,-1.0389916138776427,0.17638297885288545,-0.49993851097611897,0.9539392014169457
1.1152653920243767,-0.14132323556129925,0.9419979058928776,-1.0365535434321813,0.1591533462468401,-0.49993824225074346,0.9539392014169454
1.1309733552923256,-0.15758520739461582,0.9443634155391255,-1.033859030357589,0.1421417914019316,-0.49993798656906285,0.9539392014169455
1.1466813185602747,-0.17380287490748791,0.9464634219692416,-1.0309168813583653,0.1253484321876025,-0.4999377433212443,0.9539392014169455
1.1623892818282235,-0.18997241640398724,0.9483013526761213,-1.0277356480658884,0.10877317996241956,-0.4999375119215117,0.9539392014169454
1.1780972450961724,-0.20609014252544933,0.9498806322000171,-1.0243236302807368,0.09241575486408976,-0.4999372918077736,0.9539392014169455
1.1938052083641215,-0.22215249232187115,0.9512046792416912,-1.0206888796144875,0.07627570028682429,-0.49993708244117807,0.9539392014169457
1.2095131716320704,-0.23815602938342606,0.9522769039967021,-1.0168392034760811,0.06035239657354616,-0.4999368833056048,0.9539392014169454
1.2252211349000195,-0.2540974380370967,0.953100705698711,-1.0127821693525025,0.04464507395127638,-0.4999366939071056,0.9539392014169455
1.2409290981679684,-0.26997351961267163,0.953679470360145,-1.0085251093378935,0.02915282473857366,-0.49993651377331094,0.9539392014169455
1.2566370614359172,-0.28578118878166436,0.9540165686990119,-1.0040751248693214,0.013874614854183426,-0.4999363424527993,0.9539392014169455
1.2723450247038663,-0.3015174699720887,0.9541153542411178,-0.9994390916312521,-0.0011907053438914086,-0.4999361795144483,0.9539392014169455
1.2880529879718152,-0.31717949386145633,0.9539791615874021,-0.9946236645943549,-0.016044390859820727,-0.4999360245467665,0.9539392014169455
1.3037609512397643,-0.3327644939498505,0.9536113048365524,-0.9896352831575856,-0.030687792473100314,-0.49993587715721777,0.9539392014169455
1.3194689145077132,-0.34826980321446754,0.9530150761535184,-0.98448017636558,-0.04512234773508567,-0.4999357369715381,0.9539392014169457
1.3351768777756623,-0.3636928508465994,0.9521937444749798,-0.9791643681762425,-0.05934957252111539,-0.49993560363305484,0.9539392014169457
1.3508848410436112,-0.3790311590716613,0.9511505543432582,-0.97369368275605,-0.0733710531110777,-0.4999354768020073,0.9539392014169457
1.36659280431156,-0.3942823400525314,0.9498887248605808,-0.9680737497830231,-0.08718843877199466,-0.4999353561548753,0.9539392014169457
1.3823007675795091,-0.409444092876176,0.9484114487560177,-0.9623100097395509,-0.10080343481697908,-0.49993524138371714,0.9539392014169458
1.398008730847458,-0.4245142006232684,0.9467218915578045,-0.9564077191793063,-0.1142177961157458,-0.4999351321955198,0.9539392014169457
1.4137166941154071,-0.43949052752027884,0.9448231908641532,-0.9503719559543706,-0.12743332103271904,-0.49993502831156145,0.9539392014169457
1.429424657383356,-0.45437101617330855,0.9427184557060152,-0.9442076243904054,-0.14045184576966058,-0.4999349294667923,0.9539392014169457
1.4451326206513049,-0.46915368488276254,0.9404107659956225,-0.9379194603992775,-0.15327523909064017,-0.4999348354092284,0.9539392014169458
1.460840583919254,-0.48383662503780134,0.9379031720549715,-0.9315120365199727,-0.16590539740807214,-0.4999347458993674,0.9539392014169457
1.4765485471872029,-0.4984179985893787,0.9351986942187416,-0.9249897668799332,-0.1783442402094432,-0.49993466070961756,0.9539392014169458
1.492256510455152,-0.5128960356005586,0.9323003225064512,-0.9183569120701324,-0.19059370580525148,-0.4999345796237507,0.9539392014169457
1.5079644737231008,-0.527269031872708,0.9292110163589593,-0.9116175839282685,-0.2026557473795596,-0.4999345024363699,0.9539392014169458
1.5236724369910497,-0.5415353466460818,0.9259337044346976,-0.9047757502254208,-0.21453232932543206,-0.4999344289523999,0.9539392014169458
1.5393804002589988,-0.5556934003732518,0.9224712844612966,-0.8978352392523836,-0.22622542384837568,-0.4999343589865948,0.9539392014169459
1.5550883635269477,-0.5697416725637751,0.9188266231385247,-0.8907997443026736,-0.23773700782172882,-0.4999342923630653,0.9539392014169459
1.5707963267948968,-0.5836786996984612,0.915002556088705,-0.8836728280499071,-0.24906905987874878,-0.4999342289148257,0.9539392014169459
1.5865042900628457,-0.5975030732115602,0.9110018878510087,-0.8764579268178724,-0.26022355772692407,-0.49993416848335925,0.9539392014169459
1.6022122533307945,-0.6112134375391769,0.9068273919162458,-0.8691583547421806,-0.27120247567079087,-0.49993411091820117,0.953939201416946
1.6179202165987436,-0.6248084882322024,0.9024818107989814,-0.8617773078228783,-0.2820077823302564,-0.49993405607654096,0.9539392014169459
1.6336281798666925,-0.6382869701320444,0.897967856144007,-0.8543178678678445,-0.2926414385421294,-0.49993400382284175,0.9539392014169459
1.6493361431346416,-0.6516476756074436,0.8932882088643824,-0.846783006327187,-0.303105395433225,-0.4999339540284768,0.953939201416946
1.6650441064025905,-0.6648894428506661,0.8884455193084425,-0.839175588019194,-0.3134015926540542,-0.4999339065713812,0.953939201416946
1.6807520696705394,-0.6780111542313736,0.8834424074533292,-0.831498374748699,-0.3235319567627171,-0.4999338613357225,0.9539392014169459
1.6964600329384885,-0.6910117347064898,0.8782814631227697,-0.8237540288189772,-0.3334983997492077,-0.49993381821158417,0.9539392014169459
1.7121679962064373,-0.7038901502844006,0.8729652462269686,-0.8159451164385196,-0.3433028176908932,-0.49993377709466547,0.9539392014169459
1.7278759594743864,-0.716645406541847,0.8674962870226258,-0.8080741110242259,-0.3529470895304636,-0.49993373788599516,0.9539392014169459
1.7435839227423353,-0.7292765471918987,0.8618770863912206,-0.8001433964027213,-0.362433075968152,-0.4999337004916593,0.9539392014169459
1.7592918860102844,-0.7417826527014189,0.8561101161338309,-0.7921552699116464,-0.37176261846050673,-0.49993366482254176,0.9539392014169459
1.7749998492782333,-0.7541628389564674,0.8501978192808723,-0.7841119454028831,-0.38093753831845256,-0.49993363079407904,0.9539392014169459
1.7907078125461822,-0.7664162559741159,0.8441426104152526,-0.776015556149777,-0.38995963589781024,-0.49993359832602435,0.9539392014169461
1.8064157758141313,-0.7785420866591828,0.8379468760075413,-0.7678681576604948,-0.3988306898758533,-0.49993356734222716,0.9539392014169461
1.8221237390820801,-0.7905395456044333,0.8316129747618514,-0.7596717303997147,-0.40755245660787004,-0.49993353777042077,0.953939201416946
1.8378317023500292,-0.8024078779328188,0.8251432379712237,-0.7514281824208947,-0.4161266695580642,-0.4999335095420224,0.9539392014169461
1.8535396656179781,-0.8141463581803714,0.8185399698813874,-0.7431393519113944,-0.4245550387994758,-0.49993348259194165,0.9539392014169461
1.869247628885927,-0.8257542892184019,0.8118054480618542,-0.7348070096527486,-0.4328392505779311,-0.4999334568584014,0.9539392014169461
1.884955592153876,-0.837231001213685,0.804941923783378,-0.7264328613984001,-0.4409809669353402,-0.4999334322827653,0.953939201416946
1.900663555421825,-0.8485758506253561,0.7979516224008842,-0.718018550171199,-0.4489818253879528,-0.4999334088093754,0.9539392014169461
1.916371518689774,-0.8597882192372752,0.7908367437410367,-0.7095656584829705,-0.4568434386554574,-0.49993338638539847,0.9539392014169461
1.932079481957723,-0.8708675132246531,0.7835994624936774,-0.7010757104784389,-0.4645673944370707,-0.4999333649606783,0.953939201416946
1.9477874452256718,-0.8818131622537683,0.7762419286064283,-0.692550174005772,-0.47215525523100554,-0.49993334448759874,0.9539392014169461
1.963495408493621,-0.8926246186136417,0.768766267681802,-0.6839904626159886,-0.4796085581939389,-0.49993332492095105,0.953939201416946
1.9792033717615698,-0.903301356378567,0.7611745813762195,-0.6753979374934387,-0.4869288150373157,-0.49993330621781,0.9539392014169459
1.994911335029519,-0.9138428706004326,0.7534689478003779,-0.6667739093195326,-0.4941175119575304,-0.4999332883374152,0.9539392014169459
2.0106192982974678,-0.924248676529803,0.745651421920461,-0.6581196400718571,-0.5011761095972174,-0.4999332712410599,0.9539392014169459
2.0263272615654166,-0.9345183088647617,0.7377240359597244,-0.6494363447607775,-0.5081060430350642,-0.499933254891984,0.9539392014169459
2.0420352248333655,-0.9446513210265497,0.7296887998000254,-0.6407251931055806,-0.5149087218017286,-0.4999332392552742,0.9539392014169459
2.057743188101315,-0.9546472844610656,0.721547701382908,-0.63198731115217,-0.5215855299196008,-0.49993322429776893,0.9539392014169457
2.0734511513692637,-0.9645057879653259,0.7133027071098839,-0.6232237828342783,-0.5281378259643015,-0.4999332099879676,0.9539392014169459
2.0891591146372126,-0.9742264370380118,0.7049557622415847,-0.6144356514801156,-0.5345669431459459,-0.4999331962959457,0.9539392014169459
2.1048670779051615,-0.9838088532532618,0.6965087912954913,-0.6056239212663237,-0.5408741894083364,-0.4999331831932732,0.9539392014169459
2.1205750411731104,-0.9932526736568971,0.687963698441969,-0.5967895586210582,-0.5470608475443688,-0.4999331706529386,0.953939201416946
2.1362830044410597,-1.002557550184292,0.6793223678983713,-0.5879334935779725,-0.5531281753260535,-0.49993315864927546,0.9539392014169459
2.1519909677090086,-1.0117231490991365,0.6705866643209906,-0.5790566210828283,-0.5590774056476624,-0.4999331471578947,0.9539392014169461
2.1676989309769574,-1.0207491504523556,0.6617584331946641,-0.570159802254408,-0.5649097466806114,-0.4999331361556183,0.9539392014169461
2.1834068942449063,-1.0296352475604833,0.6528395012198599,-0.5612438656013589,-0.5706263820387866,-0.49993312562041814,0.9539392014169461
2.199114857512855,-1.0383811465028112,0.6438316766970884,-0.5523096081965474,-0.5762284709531088,-0.49993311553135744,0.953939201416946
2.2148228207808045,-1.0469865656366566,0.6347367499085043,-0.5433577968104579,-0.5817171484542178,-0.499933105868535,0.9539392014169461
2.2305307840487534,-1.055451235130116,0.6255564934965787,-0.5343891690051208,-0.587093525562232,-0.4999330966130338,0.9539392014169461
2.2462387473167023,-1.0637748965117009,0.6162926628397399,-0.5254044341900118,-0.5923586894826162,-0.49993308774686956,0.9539392014169461
2.261946710584651,-1.0719573022362643,0.6069469964248921,-0.516404274641317,-0.5975137038072552,-0.4999330792529451,0.953939201416946
2.2776546738526,-1.0799982152666563,0.597521216216739,-0.5073893464859145,-0.6025596087198994,-0.4999330711150052,0.9539392014169461
2.2933626371205493,-1.0878974086705633,0.5880170280238485,-0.498360280651382,-0.6074974212052026,-0.4999330633175946,0.9539392014169463
2.309070600388498,-1.0956546652320096,0.578436121861409,-0.48931768378329443,-0.6123281352606336,-0.4999330558460172,0.9539392014169462
2.324778563656447,-1.103269777077015,0.5687801723106372,-0.4802621391310373,-0.6170527221105935,-0.4999330486862991,0.9539392014169463
2.340486526924396,-1.1107425453129234,0.5590508388748068,-0.47119420740331963,-0.6216721304221178,-0.4999330418251525,0.9539392014169463
2.356194490192345,-1.1180727796809382,0.5492497663318807,-0.46211442759453186,-0.6261872865215906,-0.49993303524994037,0.9539392014169463
2.371902453460294,-1.125260298221412,0.5393785850837313,-0.453023317783056,-0.6305990946119402,-0.49993302894864633,0.9539392014169465
2.387610416728243,-1.1323049269514598,0.5294389115019482,-0.4439213759025981,-0.6349084369898237,-0.4999330229098428,0.9539392014169465
2.403318379996192,-1.1392064995544828,0.5194323482702371,-0.4348090804875779,-0.6391161742623472,-0.49993301712266186,0.9539392014169465
2.419026343264141,-1.1459648570811989,0.5093604847234181,-0.4256868913935749,-0.643223145562902,-0.49993301157676884,0.9539392014169465
2.4347343065320897,-1.1525798476617983,0.49922489718304375,-0.4165552504937975,-0.6472301687657287,-0.49993300626233494,0.9539392014169467
2.450442269800039,-1.1590513262288549,0.4890271492896572,-0.40741458235250777,-0.651138040698853,-0.49993300117001466,0.9539392014169468
2.466150233067988,-1.1653791542506384,0.4787687923317201,-0.3982652948763051,-0.6549475373550631,-0.4999329962909203,0.9539392014169468
2.4818581963359367,-1.1715631994744866,0.46845136557124323,-0.38910777994413887,-0.6586594141006259,-0.49993299161660143,0.9539392014169467
2.4975661596038856,-1.1776033356799098,0.45807639656615723,-0.37994241401689344,-0.6622744058814629,-0.4999329871390228,0.9539392014169468
2.5132741228718345,-1.1834994424411132,0.44764540148946574,-0.37076955872735834,-0.6657932274265291,-0.4999329828505459,0.9539392014169469
2.528982086139784,-1.1892514048986358,0.43715988544522705,-0.36158956145137033,-0.6692165734481604,-0.49993297874390896,0.9539392014169468
2.5446900494077327,-1.194859113539817,0.426621342781413,-0.35240275586088765,-0.6725451188391726,-0.4999329748122099,0.953939201416947
2.5603980126756816,-1.2003224639878096,0.4160312573996988,-0.3432094624597303,-0.6757795188665141,-0.4999329710488892,0.953939201416947
2.5761059759436304,-1.205641356798877,0.40539110306223813,-0.3340099891026972,-0.6789204093612932,-0.49993296744771365,0.9539392014169471
2.5918139392115798,-1.210815697267716,0.3947023436954827,-0.32480463149874655,-0.6819684069050108,-0.4999329640027623,0.953939201416947
2.6075219024795286,-1.215845395240561,0.38396643369110695,-0.31559367369890307,-0.684924109011852,-0.4999329607084114,0.953939201416947
2.6232298657474775,-1.2207303649358348,0.373184818204101,-0.3063773885695349,-0.6877880943068946,-0.49993295755932055,0.9539392014169469
2.6389378290154264,-1.2254705247721216,0.36235893344809633,-0.2971560382516214,-0.6905609227001127,-0.49993295455042047,0.9539392014169469
2.6546457922833753,-1.230065797203246,0.3514902069879924,-0.28792987460661335,-0.693243135556059,-0.4999329516769012,0.9539392014169469
2.6703537555513246,-1.2345161085602532,0.34058005802995167,-0.2786991396494672,-0.6958352558591239,-0.4999329489342002,0.9539392014169468
2.6860617188192735,-1.2388213889000916,0.32962989770883444,-0.2694640659694184,-0.6983377883742776,-0.4999329463179911,0.9539392014169469
2.7017696820872223,-1.2429815718608126,0.318641129373144,-0.2602248771390389,-0.70075121980321,-0.49993294382417514,0.9539392014169467
2.7174776453551712,-1.2469965945231047,0.307615148867556,-0.25098178811210897,-0.7030760189357924,-0.4999329414488687,0.9539392014169469
2.73318560862312,-1.2508663972779912,0.2965533448131056,-0.24173500561081657,-0.7053126367967927,-0.49993293918839726,0.9539392014169469
2.7488935718910694,-1.254590923700529,0.28545709888510745,-0.23248472850278215,-0.7074615067877814,-0.4999329370392849,0.9539392014169469
2.7646015351590183,-1.2581701204293527,0.2743277860888849,-0.2232311481683924,-0.7095230448241739,-0.4999329349982466,0.9539392014169469
2.780309498426967,-1.2616039370519114,0.26316677503338454,-0.2139744488589123,-0.711497649467359,-0.49993293306218106,0.9539392014169468
2.796017461694916,-1.2648923259952636,0.25197542820275426,-0.20471480804583148,-0.7133857020518699,-0.4999329312281624,0.9539392014169468
2.811725424962865,-1.2680352424222898,0.240755102225963,-0.19545239676188875,-0.7151875668075576,-0.49993292949343515,0.9539392014169469
2.8274333882308142,-1.2710326441332003,0.22950714814454043,-0.18618737993420553,-0.7169035909767331,-0.49993292785540633,0.9539392014169469
2.843141351498763,-1.273884491472214,0.21823291167851652,-0.1769199167099492,-0.7185341049262465,-0.49993292631164005,0.9539392014169469
2.858849314766712,-1.2765907472392972,0.2069337334906403,-0.16765016077493486,-0.7200794222544764,-0.4999329248598517,0.9539392014169469
2.874557278034661,-1.279151376606851,0.19561094944895804,-0.15837826066556523,-0.7215398398932058,-0.4999329234979038,0.9539392014169468
2.8902652413026098,-1.28156634704125,0.18426589088783174,-0.14910436007449776,-0.7229156382043631,-0.49993292222379937,0.9539392014169469
2.905973204570559,-1.2838356282291337,0.17289988486747798,-0.13982859815041956,-0.7242070810716108,-0.4999329210356785,0.953939201416947
2.921681167838508,-1.2859591920083613,0.16151425443210893,-0.13055110979230236,-0.7254144159867659,-0.49993291993181427,0.9539392014169469
2.937389131106457,-1.2879370123035485,0.15011031886675644,-0.12127202593850095,-0.7265378741310382,-0.4999329189106083,0.9539392014169469
2.9530970943744057,-1.2897690650661047,0.13868939395286078,-0.11199147385105221,-0.7275776704510745,-0.49993291797058703,0.9539392014169468
2.9688050576423546,-1.2914553282187,0.12725279222270572,-0.10270957739552397,-0.7285340037297998,-0.49993291711039917,0.9539392014169468
2.984513020910304,-1.2929957816040956,0.11580182321278178,-0.0934264573167571,-0.7294070566520461,-0.49993291632881126,0.9539392014169467
3.000220984178253,-1.2943904069382726,0.10433779371615949,-0.08414223151083805,-0.7301969958649615,-0.4999329156247069,0.9539392014169468
3.0159289474462017,-1.2956391877678066,0.09286200803395478,-0.07485701529363378,-0.7309039720331942,-0.49993291499708215,0.9539392014169468
3.0316369107141505,-1.296742109431434,0.08137576822596866,-0.06557092166621588,-0.7315281198888464,-0.499932914445045,0.9539392014169467
3.0473448739820994,-1.2976991590257636,0.06988037436058325,-0.05628406157749634,-0.7320695582761924,-0.4999329139678121,0.9539392014169465
3.0630528372500487,-1.2985103253750945,0.058377124763996556,-0.04699654418439345,-0.7325283901911601,-0.49993291356470776,0.9539392014169465
3.0787608005179976,-1.2991755990053016,0.04686731626887819,-0.03770847710984256,-0.7329047028155709,-0.499932913235162,0.9539392014169465
3.0944687637859465,-1.2996949721217579,0.03535224446252847,-0.028419966698963506,-0.7331985675461359,-0.4999329129787096,0.9539392014169465
3.1101767270538954,-1.3000684385912689,0.023833203934623185,-0.019131118273693813,-0.7334100400182084,-0.49993291279498886,0.9539392014169465
3.1258846903218442,-1.3002959939279939,0.012311488524626471,-0.009842036386194531,-0.7335391601242895,-0.4999329126837414,0.9539392014169465
3.1415926535897936,-1.3003776352833414,0.0007883915689542331,-0.0005528250713338102,-0.7335859520272864,-0.4999329126448096,0.9539392014169467
3.1573006168577424,-1.3003133614398223,-0.010734793852029502,0.008736411901447968,-0.733550424168522,-0.49993291267813955,0.9539392014169469
3.1730085801256913,-1.3001031728088581,-0.022256774667100823,0.018025570776588607,-0.7334325692704975,-0.499932912783778,0.9539392014169468
3.18871654339364,-1.2997470714325374,-0.03377625756726632,0.027314547560867604,-0.7332323643344046,-0.4999329129618733,0.9539392014169469
3.204424506661589,-1.2992450609893247,-0.04529194875877322,0.03660323777158033,-0.7329497706323902,-0.49993291321267674,0.953939201416947
3.2201324699295384,-1.2985971468037294,-0.05680255371595673,0.04589153618412003,-0.7325847336945717,-0.4999329135365419,0.953939201416947
3.2358404331974873,-1.2978033358599448,-0.06830677693384224,0.05517933657866389,-0.7321371832908051,-0.49993291393392586,0.9539392014169469
3.251548396465436,-1.2968636368194744,-0.07980332168041991,0.06446653148565826,-0.7316070334072061,-0.49993291440539045,0.953939201416947
3.267256359733385,-1.295778060042767,-0.09129088974850925,0.07375301192979618,-0.7309941822174245,-0.499932914951603,0.9539392014169468
3.282964323001334,-1.2945466176148865,-0.10276818120713131,0.08303866717217843,-0.7302985120486758,-0.49993291557333863,0.9539392014169469
3.298672286269283,-1.293169323375247,-0.11423389415230603,0.09232338445034655,-0.729519889342529,-0.4999329162714808,0.9539392014169469
3.314380249537232,-1.2916461929514491,-0.1256867244571926,0.101607048715873,-0.7286581646104564,-0.4999329170470245,0.9539392014169468
3.330088212805181,-1.2899772437972599,-0.13712536552149035,0.11088954236919091,-0.7277131723841459,-0.4999329179010779,0.9539392014169469
3.34579617607313,-1.2881624952347794,-0.14854850802001815,0.12017074499134056,-0.7266847311605813,-0.49993291883486435,0.953939201416947
3.3615041393410787,-1.286201968500848,-0.15995483965038992,0.12945053307230678,-0.7255726433418948,-0.499932919849727,0.953939201416947
3.377212102609028,-1.284095686797747,-0.1713430448797044,0.13872877973561532,-0.724376695169998,-0.49993292094712877,0.9539392014169471
3.392920065876977,-1.2818436753482592,-0.18271180469016712,0.1480053544588515,-0.7230966566559979,-0.4999329221286587,0.9539392014169471
3.408628029144926,-1.2794459614551483,-0.19405979632356266,0.15728012278975836,-0.7217322815044054,-0.4999329233960341,0.9539392014169471
3.4243359924128747,-1.276902574565139,-0.20538569302449555,0.16655294605756546,-0.7202833070321483,-0.4999329247511038,0.9539392014169471
3.4400439556808236,-1.2742135463374664,-0.21668816378231825,0.1758236810791917,-0.7187494540823971,-0.49993292619585405,0.9539392014169472
3.455751918948773,-1.271378910717084,-0.22796587307166488,0.18509217985995938,-0.7171304269332194,-0.4999329277324116,0.9539392014169472
3.4714598822167217,-1.2683987040126168,-0.23921748059150938,0.19435828928844806,-0.715425913201077,-0.4999329293630492,0.9539392014169471
3.4871678454846706,-1.2652729649791554,-0.2504416410026676,0.203621850825108,-0.7136355837391832,-0.49993293109019094,0.9539392014169471
3.5028758087526195,-1.2620017349059918,-0.26163700366366216,0.2128827001842449,-0.7117590925307427,-0.4999329329164171,0.9539392014169471
3.518583772020569,-1.2585850577094038,-0.27280221236487073,0.22214066700897733,-0.7097960765770939,-0.4999329348444709,0.9539392014169471
3.5342917352885177,-1.2550229800306025,-0.28393590506087674,0.23139557453875836,-0.7077461557807845,-0.4999329368772644,0.9539392014169471
3.5499996985564666,-1.2513155513389622,-0.295036713600944,0.24064723926904222,-0.7056089328236071,-0.4999329390178852,0.953939201416947
3.5657076618244155,-1.2474628240406596,-0.30610326345753647,0.24989547060266518,-0.7033839930396315,-0.4999329412696036,0.953939201416947
3.5814156250923643,-1.2434648535928552,-0.3171341734528036,0.25914007049249843,-0.7010709042832702,-0.49993294363588037,0.953939201416947
3.5971235883603137,-1.2393216986235598,-0.3281280554829552,0.2683808330749176,-0.6986692167924237,-0.49993294612037503,0.953939201416947
3.6128315516282625,-1.2350334210573306,-0.3390835142404477,0.2776175442936207,-0.6961784630467507,-0.49993294872695376,0.953939201416947
3.6285395148962114,-1.230600086246955,-0.3499991469339062,0.28684998151331176,-0.6935981576211213,-0.49993295145969907,0.9539392014169469
3.6442474781641603,-1.2260217631112846,-0.36087354300570695,0.2960779131227543,-0.6909277970343117,-0.4999329543229187,0.953939201416947
3.659955441432109,-1.2212985242793886,-0.3717052838471459,0.30530109812668077,-0.6881668595930095,-0.49993295732115695,0.953939201416947
3.6756634047000585,-1.2164304462412079,-0.38249294251112054,0.3145192857260317,-0.685314805231205,-0.49993296045920405,0.9539392014169469
3.6913713679680074,-1.2114176095048965,-0.39323508342225266,0.32373221488597814,-0.6823710753450521,-0.49993296374210894,0.9539392014169469
3.7070793312359562,-1.2062600987610463,-0.4039302620843823,0.332939613891165,-0.679335092623291,-0.49993296717519026,0.9539392014169469
3.722787294503905,-1.2009580030540012,-0.41457702478536335,0.34214119988759556,-0.6762062608733348,-0.4999329707640492,0.9539392014169468
3.738495257771854,-1.1955114159604736,-0.42517390829909324,0.35133667841055566,-0.6729839648431344,-0.49993297451458363,0.9539392014169468
3.7542032210398033,-1.189920435775689,-0.43571943958471254,0.3605257428979588,-0.6696675700389433,-0.4999329784330017,0.9539392014169469
3.769911184307752,-1.1841851657072915,-0.44621213548290994,0.36970807418847096,-0.6662564225391201,-0.4999329825258372,0.9539392014169469
3.785619147575701,-1.1783057140772557,-0.4566505024092717,0.37888334000375273,-0.6627498488041186,-0.4999329867999651,0.9539392014169468
3.80132711084365,-1.1722821945320578,-0.46703303604461754,0.3880511944141342,-0.6591471554828283,-0.49993299126261853,0.9539392014169468
3.817035074111599,-1.1661147262613738,-0.47735822102226627,0.39721127728701394,-0.6554476292154455,-0.4999329959214064,0.9539392014169468
3.832743037379548,-1.159803434225579,-0.4876245306121784,0.4063632137172492,-0.6516505364330712,-0.49993300078433234,0.9539392014169468
3.848451000647497,-1.1533484493923414,-0.49783042640192615,0.4155066134387798,-0.6477551231542494,-0.4999330058598138,0.9539392014169468
3.864158963915446,-1.1467499089826065,-0.5079743579744439,0.42464107021670067,-0.6437606147786795,-0.49993301115670363,0.9539392014169468
3.8798669271833948,-1.1400079567262886,-0.5180547625825176,0.43376616121897166,-0.6396662158783568,-0.4999330166843116,0.953939201416947
3.8955748904513436,-1.133122743127993,-0.5280700648199741,0.4428814463669246,-0.6354711099864186,-0.49993302245242777,0.953939201416947
3.911282853719293,-1.1260944257431131,-0.5380186762895365,0.4519864676636983,-0.6311744593839959,-0.4999330284713469,0.953939201416947
3.926990816987242,-1.1189231694646504,-0.5478989952673169,0.4610807484997013,-0.6267754048853973,-0.49993303475189443,0.9539392014169471
3.9426987802551907,-1.1116091468211298,-0.5577094063639239,0.4701637929341719,-0.622273065621981,-0.49993304130545374,0.953939201416947
3.9584067435231396,-1.1041525382859914,-0.5674482801821651,0.47923508495187106,-0.6176665388250974,-0.4999330481439946,0.9539392014169472
3.9741147067910885,-1.096553532598857,-0.5771139729713355,0.48829408769391175,-0.6129548996085197,-0.49993305528010434,0.9539392014169471
3.989822670059038,-1.088812327099086,-0.5867048262780851,0.4973402426616916,-0.6081372007508147,-0.49993306272701954,0.953939201416947
4.005530633326987,-1.0809291280720514,-0.5962191665938696,0.5063729688928623,-0.6032124724781389,-0.49993307049865954,0.9539392014169468
4.0212385965949355,-1.0729041511085833,-0.6056553049989956,0.5153916621082304,-0.5981797222479895,-0.49993307860966296,0.9539392014169468
4.036946559862884,-1.064737621478045,-0.6150115368032762,0.5243956938284471,-0.5930379345344786,-0.49993308707542483,0.953939201416947
4.052654523130833,-1.0564297745155278,-0.6242861411833314,0.5333844104593055,-0.5877860706157464,-0.4999330959121372,0.953939201416947
4.068362486398782,-1.0479808560236623,-0.6334773808165647,0.542357132344424,-0.5824230683641771,-0.4999331051368305,0.953939201416947
4.084070449666731,-1.039391122689575,-0.6425835015118726,0.5513131527840514,-0.5769478420401329,-0.49993311476741786,0.953939201416947
4.099778412934681,-1.030660842517524,-0.6516027318371423,0.5602517370186909,-0.5713592820899772,-0.49993312482274316,0.9539392014169469
4.11548637620263,-1.0217902952777864,-0.6605332827436148,0.5691721211761934,-0.5656562549492191,-0.4999331353226289,0.953939201416947
4.131194339470579,-1.0127797729723718,-0.6693733471871982,0.5780735111809271,-0.5598376028516724,-0.49993314628792973,0.953939201416947
4.1469023027385274,-1.003629580318178,-0.6781210997468361,0.5869550816235877,-0.5539021436455932,-0.49993315774058744,0.9539392014169472
4.162610266006476,-0.9943400352482133,-0.6867746962400446,0.5958159745901646,-0.5478486706178308,-0.4999331697036882,0.9539392014169471
4.178318229274425,-0.9849114694315392,-0.6953322733357553,0.604655298448534,-0.5416759523271061,-0.4999331822015254,0.9539392014169472
4.194026192542374,-0.9753442288126128,-0.7037919481646155,0.6134721265911014,-0.5353827324476127,-0.4999331952596642,0.9539392014169472
4.209734155810323,-0.965638674170732,-0.7121518179269178,0.622265496131868,-0.5289677296242281,-0.4999332089050089,0.9539392014169471
4.225442119078272,-0.95579518170031,-0.7204099594983511,0.6310344065562492,-0.5224296373407128,-0.49993322316587685,0.9539392014169471
4.241150082346221,-0.945814143612737,-0.7285644290337895,0.6397778183219223,-0.5157671238023798,-0.49993323807207435,0.9539392014169471
4.2568580456141705,-0.9356959687606113,-0.7366132615693579,0.6484946514089323,-0.5089788318348236,-0.49993325365497665,0.953939201416947
4.272566008882119,-0.9254410832851511,-0.7445544706230394,0.6571837838172383,-0.5020633788004127,-0.4999332699476131,0.9539392014169469
4.288273972150068,-0.9150499312876255,-0.7523860477941164,0.6658440500098315,-0.4950193565343722,-0.49993328698475825,0.953939201416947
4.303981935418017,-0.9045229755256775,-0.7601059623617707,0.6744742392995092,-0.487845331302415,-0.49993330480302517,0.9539392014169471
4.319689898685966,-0.8938606981354366,-0.7677121608831939,0.6830730941773434,-0.4805398437820193,-0.4999333234409663,0.9539392014169472
4.335397861953915,-0.8830636013803537,-0.7752025667915985,0.6916393085808334,-0.4731014090695974,-0.499933342939179,0.9539392014169471
4.351105825221864,-0.8721322084277219,-0.7825750799945541,0.700171526099691,-0.4655285167159606,-0.4999333633404164,0.9539392014169472
4.366813788489813,-0.8610670641538782,-0.7898275764731126,0.7086683381171598,-0.45781963079265336,-0.4999333846897059,0.9539392014169472
4.3825217517577615,-0.8498687359791164,-0.796957907882228,0.7171282818847335,-0.4499731899919076,-0.49993340703447264,0.9539392014169472
4.39822971502571,-0.8385378147333727,-0.803963901153022,0.7255498385280977,-0.44198760776316154,-0.4999334304246706,0.9539392014169472
4.41393767829366,-0.827074915553785,-0.8108433580974928,0.7339314309820851,-0.43386127248928735,-0.49993345491292085,0.9539392014169472
4.429645641561609,-0.8154806788152531,-0.8175940550163167,0.7422714218524054,-0.42559254770588995,-0.4999334805546567,0.9539392014169472
4.445353604829558,-0.8037557710951734,-0.8242137423104466,0.7505681112018808,-0.417179772367267,-0.4999335074082782,0.9539392014169472
4.461061568097507,-0.7919008861735471,-0.8307001440972693,0.7588197342589035,-0.40862126116286407,-0.49993353553531306,0.9539392014169472
4.476769531365456,-0.7799167460697061,-0.8370509578321451,0.7670244590458077,-0.39991530488831745,-0.49993356500058816,0.9539392014169473
4.4924774946334045,-0.7678041021169273,-0.8432638539362219,0.7751803839248509,-0.39106017087545053,-0.49993359587240915,0.9539392014169473
4.508185457901353,-0.7555637360762538,-0.8493364754314839,0.7832855350594897,-0.38205410348588137,-0.4999336282227502,0.9539392014169473
4.523893421169302,-0.7431964612908668,-0.8552664375840727,0.7913378637886532,-0.3728953246732061,-0.4999336621274536,0.9539392014169472
4.539601384437251,-0.730703123882395,-0.8610513275569972,0.7993352439117288,-0.36358203461905003,-0.49993369766644036,0.9539392014169472
4.5553093477052,-0.7180846039905818,-0.8666887040734371,0.8072754688820126,-0.35411241244862357,-0.49993373492393134,0.9539392014169473
4.57101731097315,-0.7053418170577651,-0.8721760970919328,0.815156248906418,-0.3444846170317849,-0.49993377398868133,0.9539392014169472
4.586725274241099,-0.6924757151596597,-0.8775110074948546,0.8229752079492959,-0.33469678787599877,-0.4999338149542232,0.9539392014169472
4.6024332375090475,-0.6794872883839648,-0.8826909067916462,0.8307298806382956,-0.32474704611798827,-0.4999338579191267,0.9539392014169473
4.618141200776996,-0.6663775662583518,-0.8877132368384472,0.8384177090702906,-0.3146334956213067,-0.49993390298726925,0.9539392014169472
4.633849164044945,-0.6531476192294167,-0.8925754095758178,0.8460360395155083,-0.30435422418751196,-0.499933950268122,0.9539392014169472
4.649557127312894,-0.6397985601942104,-0.8972748067864121,0.8535821190181404,-0.293907304889103,-0.4999339998770476,0.9539392014169472
4.665265090580843,-0.6263315460859866,-0.9018087798745776,0.861053091891875,-0.28329079753288294,-0.4999340519356156,0.9539392014169471
4.680973053848792,-0.6127477795158276,-0.9061746496700012,0.8684459961089839,-0.27250275026294146,-0.4999341065719326,0.9539392014169472
4.696681017116741,-0.5990485104718322,-0.9103697062576684,0.8757577595818226,-0.2615412013130056,-0.49993416392098694,0.9539392014169472
4.71238898038469,-0.5852350380775625,-0.9143912088365612,0.8829851963358574,-0.25040418091849165,-0.49993422412501215,0.9539392014169473
4.728096943652639,-0.5713087124114595,-0.9182363856096856,0.8901250025736339,-0.23908971339919965,-0.4999342873338655,0.9539392014169473
4.743804906920588,-0.5572709363889433,-0.9219024337081995,0.8971737526294372,-0.2275958194242328,-0.49993435370542516,0.9539392014169473
4.759512870188537,-0.5431231677089172,-0.9253865191525948,0.9041278948147827,-0.21592051847138824,-0.49993442340600497,0.9539392014169473
4.775220833456486,-0.528866920866386,-0.9286857768540896,0.9109837471553118,-0.20406183149396206,-0.49993449661078826,0.9539392014169473
4.790928796724435,-0.5145037692328889,-0.9317973106595899,0.9177374930201605,-0.19201778380863282,-0.49993457350427895,0.9539392014169473
4.806636759992384,-0.5000353472064255,-0.9347181934438075,0.9243851766454227,-0.17978640821883815,-0.4999346542807735,0.9539392014169473
4.822344723260333,-0.4854633524325233,-0.9374454672523459,0.9309226985539529,-0.16736574838883528,-0.4999347391448502,0.9539392014169473
4.838052686528282,-0.4707895480980547,-0.9399761434998167,0.9373458108744458,-0.15475386248443815,-0.4999348283118796,0.9539392014169472
4.8537606497962305,-0.45601576529936,-0.9423072032273034,0.9436501125635073,-0.1419488270972493,-0.4999349220085525,0.9539392014169472
4.869468613064179,-0.4411439054861677,-0.9444355974237607,0.949831044535291,-0.12894874147005234,-0.49993502047342864,0.9539392014169472
4.885176576332129,-0.4261759429827241,-0.946358247416223,0.9558838847042322,-0.11575173204189702,-0.4999351239575036,0.9539392014169473
4.900884539600078,-0.4111139275874508,-0.9480720453339918,0.9618037429474683,-0.10235595733229177,-0.49993523272479357,0.9539392014169471
4.916592502868027,-0.3959599872523347,-0.9495738546522857,0.9675855559947044,-0.08875961318481286,-0.4999353470529377,0.9539392014169472
4.932300466135976,-0.3807163308431251,-0.9508605108211606,0.9732240822545727,-0.07496093839134112,-0.4999354672338193,0.9539392014169471
4.948008429403925,-0.36538525098125835,-0.95192882198585,0.9787138965879514,-0.06095822071904042,-0.49993559357420003,0.9539392014169472
4.9637163926718735,-0.3499691269682556,-0.952775569805029,0.984049385040267,-0.04674980336309046,-0.4999357263963689,0.9539392014169471
4.979424355939822,-0.33447042779313774,-0.9533975103738725,0.9892247395465105,-0.03233409184907151,-0.49993586603880386,0.9539392014169472
4.995132319207771,-0.31889171522316967,-0.9537913752591644,0.9942339526245643,-0.017709561409762146,-0.49993601285684286,0.9539392014169472
5.01084028247572,-0.303235646977989,-0.9539538726541046,0.9990708120744751,-0.0028747648619415495,-0.49993616722336154,0.9539392014169472
5.026548245743669,-0.287504979986878,-0.9538816886608751,1.003728895703528,0.012171658990426222,-0.4999363295294561,0.953939201416947
5.042256209011619,-0.27170257372860895,-0.9535714887094413,1.0082015660993902,0.027430976399521273,-0.4999365001851239,0.953939201416947
5.057964172279568,-0.25583139365292235,-0.9530199191214997,1.0124819654762136,0.042904349135752785,-0.4999366796199418,0.9539392014169471
5.0736721355475165,-0.2398945146822867,-0.952223608828922,1.0165630106214212,0.05859282434028211,-0.49993686828373485,0.953939201416947
5.089380098815465,-0.22389512479212853,-0.9511791712564946,1.0204373879739659,0.07449732373921872,-0.49993706664722604,0.953939201416947
5.105088062083414,-0.207836528667213,-0.9498832063792096,1.0240975488681556,0.09061863219041158,-0.4999372752026686,0.9539392014169469
5.120796025351363,-0.1917221514312934,-0.9483323029648171,1.027535704980692,0.10695738553360781,-0.4999374944644446,0.9539392014169469
5.136503988619312,-0.17555554244652746,-0.946523041012814,1.0307438240223783,0.123514057714789,-0.4999377249696251,0.9539392014169468
5.152211951887261,-0.15934037917847585,-0.9444519944014985,1.033713625720038,0.14028894715575563,-0.4999379672784834,0.9539392014169469
5.16791991515521,-0.14308047112175007,-0.9421157337551703,1.036436578138531,0.15728216234054665,-0.49993822197494475,0.9539392014169471
5.1836278784231595,-0.12677976378055833,-0.9395108295440008,1.0389038943973885,0.17449360659109292,-0.49993848966696763,0.953939201416947
5.199335841691108,-0.11044234269750344,-0.9366338554295207,1.0411065298415019,0.191922962005652,-0.4999387709868325,0.9539392014169471
5.215043804959057,-0.09407243752301409,-0.9334813918690793,1.0430351797304807,0.20956967253510553,-0.4999390665913347,0.9539392014169472
5.230751768227006,-0.07767442611673357,-0.9300500299930056,1.0446802775167716,0.227432926174167,-0.499939377161854,0.953939201416947
5.246459731494955,-0.061252838671045716,-0.9263363757685472,1.0460319937883518,0.24551163624700553,-0.4999397034042844,0.953939201416947
5.262167694762904,-0.04481236184567987,-0.9223370544649615,1.0470802359577904,0.26380442176979385,-0.49994004604880893,0.953939201416947
5.277875658030853,-0.028357842901005095,-0.9180487154343824,1.0478146487856919,0.2823095868763046,-0.49994040584948807,0.9539392014169471
5.293583621298802,-0.01189429381619088,-0.9134680372232759,1.0482246158329347,0.3010250992969705,-0.49994078358364313,0.953939201416947
5.3092915845667505,0.004573104623122217,-0.9085917330294073,1.0482992619427174,0.319948567886864,-0.49994118005100396,0.953939201416947
5.324999547834699,0.021038998784637553,-0.9034165565192763,1.048027456860113,0.33907721920391265,-0.49994159607259436,0.953939201416947
5.340707511102649,0.037497858215443464,-0.8979393080209006,1.0473978201036165,0.35840787314542816,-0.4999420324893219,0.9539392014169471
5.356415474370598,0.05394397175487241,-0.892156841106652,1.0463987272099375,0.37793691765876064,-0.4999424901602404,0.953939201416947
5.372123437638547,0.07037144375672796,-0.8860660695805292,1.0450183174799836,0.39766028255068464,-0.4999429699604482,0.9539392014169469
5.387831400906496,0.08677419044549124,-0.8796639748837953,1.0432445033604996,0.4175734124300509,-0.4999434727785832,0.9539392014169469
5.403539364174445,0.10314593643328074,-0.8729476139322826,1.0410649816020627,0.4376712388293809,-0.49994399951388324,0.953939201416947
5.419247327442394,0.11948021142659757,-0.8659141273978561,1.0384672463399578,0.45794815156351115,-0.4999445510727579,0.9539392014169469
5.4349552907103424,0.13577034715423308,-0.8585607484455131,1.0354386042497132,0.478397969397182,-0.49994512836484206,0.9539392014169469
5.450663253978291,0.15200947455013927,-0.8508848119363515,1.0319661919336274,0.49901391010867074,-0.49994573229848205,0.9539392014169468
5.46637121724624,0.16819052122755027,-0.8428837641051479,1.028036995698233,0.5197885600532411,-0.49994636377561297,0.9539392014169468
5.482079180514189,0.18430620928318017,-0.8345551727195186,1.0236378738851617,0.5407138433483561,-0.4999470236859834,0.9539392014169468
5.497787143782139,0.20034905347288925,-0.8258967377255728,1.0187555819190226,0.5617809908222939,-0.49994771290069107,0.9539392014169469
5.513495107050088,0.21631135980278413,-0.8169063023825814,1.013376800235464,0.5829805088890161,-0.4999484322649814,0.9539392014169469
5.529203070318037,0.2321852245822699,-0.807581864886455,1.0074881652502639,0.6043021485348217,-0.4999491825902833,0.9539392014169469
5.5449110335859855,0.24796253398807303,-0.797921590478726,1.001076303525799,0.6257348746264242,-0.4999499646454406,0.9539392014169468
5.560618996853934,0.2636349641906647,-0.7879238240342419,0.9941278692842608,0.6472668357755009,-0.4999507791471246,0.9539392014169467
5.576326960121883,0.2791939820967961,-0.7775871031168797,0.9866295854071968,0.6688853350213363,-0.4999516267493982,0.9539392014169467
5.592034923389832,0.29463084676396056,-0.766910171488272,0.9785682880480117,0.6905768016207229,-0.4999525080324325,0.9539392014169467
5.607742886657781,0.3099366115444718,-0.7558919930497677,0.9699309749676219,0.7123267642625307,-0.49995342349037397,0.9539392014169467
5.62345084992573,0.3251021270184352,-0.7445317661926465,0.9607048576831789,0.7341198260530011,-0.499954373518376,0.9539392014169467
5.639158813193679,0.3401180447761268,-0.7328289385259404,0.9508774174953203,0.7559396416464705,-0.49995535839883254,0.9539392014169465
5.6548667764616285,0.3549748221111125,-0.7207832219451079,0.9404364654304622,0.777768896924439,-0.4999563782868588,0.9539392014169465
5.670574739729577,0.3696627276857697,-0.7083946079982558,0.9293702061009256,0.7995892916531155,-0.49995743319508756,0.9539392014169465
5.686282702997526,0.3841718482306315,-0.6956633834996429,0.9176673054469482,0.8213815255752052,-0.49995852297787735,0.9539392014169465
5.701990666265475,0.39849209633808647,-0.6825901463328413,0.9053169622807006,0.8431252884150316,-0.49995964731504916,0.9539392014169465
5.717698629533424,0.4126132194093443,-0.6691758213782384,0.8923089835031818,0.8647992542963661,-0.49996080569528945,0.9539392014169465
5.733406592801373,0.42652480981114416,-0.6554216764915674,0.8786338628103162,0.8863810810886839,-0.49996199739940406,0.9539392014169464
5.749114556069322,0.4402163162953454,-0.6413293384519465,0.8642828626448039,0.9078474152090975,-0.4999632214836133,0.9539392014169465
5.764822519337271,0.4536770567302289,-0.6269008087895535,0.8492480990855281,0.929173902412928,-0.4999644767631348,0.9539392014169465
5.7805304826052195,0.4668962321869673,-0.6121384793946683,0.8335226292969841,0.9503352051047677,-0.49996576179631147,0.9539392014169464
5.796238445873168,0.47986294241823135,-0.5970451478015045,0.8171005410878186,0.9713050266929139,-0.4999670748695839,0.9539392014169463
5.811946409141118,0.4925662027582246,-0.5816240320321353,0.7999770440509073,0.992056143492174,-0.4999684139836401,0.9539392014169463
5.827654372409067,0.5049949624645395,-0.5658787848780681,0.7821485616783974,1.0125604446522614,-0.4999697768410849,0.9539392014169463
5.843362335677016,0.5171381245120714,-0.5498135074897836,0.7636128237649692,1.0327889805503663,-0.499971160836016,0.9539392014169463
5.859070298944965,0.5289845668378094,-0.5334327621380129,0.7443689583325992,1.0527120200361775,-0.499972563045896,0.9539392014169465
5.874778262212914,0.5405231650226513,-0.5167415840048705,0.7244175822319446,1.072299116854953,-0.4999739802261298,0.9539392014169465
5.8904862254808625,0.551742816382521,-0.4997454918583895,0.703760889500912,1.0915191854987136,-0.49997540880775415,0.9539392014169465
5.906194188748811,0.56263246542605,-0.4824504974607198,0.6824027364920243,1.110340586647008,-0.4999768448986446,0.9539392014169464
5.92190215201676,0.57318113062005,-0.4648631135584613,0.6603487227190097,1.1287312222570285,-0.49997828428862834,0.9539392014169465
5.937610115284709,0.5833779323870646,-0.4469903603035187,0.6376062663218783,1.1466586402485275,-0.4999797224588607,0.9539392014169465
5.953318078552658,0.5932121222416464,-0.428839769954661,0.6141846730109786,1.164090148602765,-0.49998115459577697,0.9539392014169465
5.969026041820608,0.602673112953852,-0.4104193897138517,0.5900951973264736,1.1809929385577898,-0.49998257560988335,0.9539392014169465
5.984734005088557,0.6117505096100411,-0.39173778255751524,0.5653510950426396,1.1973342164363558,-0.49998398015957757,0.9539392014169465
6.000441968356506,0.6204341414227009,-0.37280402593137024,0.5399676655584872,1.213081343489781,-0.49998536268010163,0.9539392014169465
6.016149931624454,0.6287140941229867,-0.35362770818837186,0.5139622831493345,1.2282019829835906,-0.499986717417639,0.9539392014169464
6.031857894892403,0.6365807427523428,-0.3342189226627136,0.48735441600966467,1.242664253591842,-0.4999880384684562,0.9539392014169464
6.047565858160352,0.6440247846532918,-0.3145882592887442,0.4601656320970054,1.2564368880099261,-0.49998931982287065,0.9539392014169464
6.063273821428301,0.6510372724446473,-0.2947467936920015,0.43241959089026055,1.2694893955441002,-0.4999905554137024,0.9539392014169462
6.07898178469625,0.6576096467533832,-0.2747060737002292,0.40414202030389923,1.281792227293915,-0.49999173916873696,0.9539392014169461
6.094689747964199,0.6637337684645839,-0.2544781032450509,0.37536067815096413,1.2933169424151683,-0.49999286506660157,0.9539392014169462
6.110397711232149,0.6694019502426387,-0.23407532364968214,0.346105297721587,1.3040363738400917,-0.49999392719532887,0.9539392014169462
6.1261056745000975,0.6746069870714904,-0.21351059232435182,0.3164075172374086,1.3139247917421533,-0.4999949198127688,0.9539392014169461
6.141813637768046,0.6793421855595749,-0.19279715891861565,0.2863007931530637,1.322958062968804,-0.49999583740790976,0.9539392014169461
6.157521601035995,0.6836013917563563,-0.17194863900805002,0.25582029750004454,1.3311138046300182,-0.499996674762085,0.953939201416946
6.173229564303944,0.6873790172322278,-0.1509789854214394,0.22500279970148104,1.3383715300262444,-0.4999974270089844,0.9539392014169459
6.188937527571893,0.6906700631821493,-0.1299024573430082,0.19388653352378507,1.3447127851284184,-0.49999808969235593,0.953939201416946
6.204645490839842,0.693470142325711,-0.1087335873519623,0.1625110500673819,1.3501212738861303,-0.4999986588202744,0.9539392014169459
6.220353454107791,0.6957754983923378,-0.08748714658804861,0.13091705792829972,1.354582970738131,-0.499999130914894,0.9539392014169458
6.23606141737574,0.6975830229998823,-0.06617810825647481,0.0991462518795129,1.358086218831331,-0.4999995030566463,0.9539392014169455
6.2517693806436885,0.6988902697576941,-0.04482160970782813,0.06724113162004261,1.3606218126185188,-0.49999977292194797,0.9539392014169455
6.267477343911638,0.6996954654510481,-0.023432913348111144,0.035244812315612085,1.3621830636983951,-0.4999999388136003,0.9539392014169454
6.283185307179587,0.6999975181921728,-0.002027366650234971,0.003200828802336103,1.3627658489804702,-0.4999999996832082,0.9539392014169454
6.298893270447536,0.6997960224535562,0.019379638449089884,-0.028847064559620862,1.36236864049729,-0.4999999551451182,0.9539392014169453
6.314601233715485,0.6990912609311914,0.040772706474439036,-0.06085509631552208,1.3609925164420655,-0.49999980548156187,0.9539392014169453
6.330309196983434,0.6978842032183729,0.06213647936154068,-0.09277968051959681,1.3586411532752216,-0.49999955163889354,0.9539392014169454
6.346017160251383,0.6961765013039638,0.08345567713438104,-0.12457761740038223,1.3553207990124911,-0.49999919521499603,0.9539392014169455
6.3617251235193315,0.6939704819421053,0.10471513801589158,-0.15620629001151695,1.3510402280736449,-0.49999873843814824,0.9539392014169455
6.37743308678728,0.6912691359725168,0.12589985768658543,-0.1876238548655919,1.3458106783285435,-0.4999981841378257,0.9539392014169457
6.393141050055229,0.6880761047012658,0.14699502741748804,-0.21878942465855175,1.3396457712200358,-0.4999975357080736,0.9539392014169457
6.408849013323178,0.6843956634806123,0.1679860708193604,-0.2496632413348431,1.3325614160658907,-0.4999967970642558,0.9539392014169455
6.424556976591128,0.6802327026527762,0.18885867896918618,-0.2802068379150325,1.3245756998397413,-0.499995972594099,0.9539392014169457
6.440264939859077,0.6755927060458173,0.2095988436967613,-0.31038318770326967,1.31570876390004,-0.4999950671040534,0.9539392014169455
6.455972903127026,0.6704817272299124,0.23019288883850691,-0.3401568397065219,1.3059826692733458,-0.4999940857620486,0.9539392014169455
6.4716808663949745,0.664906363758914,0.2506274992918086,-0.36949403932538877,1.2954212522019146,-0.4999930340377704,0.9539392014169455
6.487388829662923,0.6588737296350138,0.2708897477307232,-0.3983628336118406,1.2840499717346425,-0.4999919176415629,0.9539392014169455
6.503096792930872,0.6523914262435323,0.29096711887224597,-0.42673316062677635,1.2718957511749662,-0.4999907424630605,0.9539392014169455
6.518804756198821,0.6454675120103315,0.31084753121095665,-0.454576922664503,1.2589868152003965,-0.49998951451056883,0.9539392014169457
6.53451271946677,0.6381104710361897,0.33051935616824574,-0.4818680433371278,1.2453525244377894,-0.4999882398521569,0.9539392014169455
6.550220682734719,0.6303291809608553,0.34997143462998925,-0.5085825087250133,1.2310232092188693,-0.49998692455931526,0.9539392014169454
6.565928646002668,0.622132880304642,0.369193090873051,-0.5346983929961011,1.2160300041550733,-0.4999855746539199,0.9539392014169454
6.5816366092706176,0.6135311355276272,0.3881741439059727,-0.5601958690740056,1.2004046850631547,-0.4999841960591255,0.9539392014169454
6.597344572538566,0.6045338080360996,0.40690491627234276,-0.585057205090021,1.1841795096470622,-0.4999827945546763,0.9539392014169454
6.613052535806515,0.5951510213532214,0.4253762403863604,-0.6092667474860224,1.1673870632015084,-0.49998137573699963,0.9539392014169457
6.628760499074464,0.5853931286563133,0.443579462488839,-0.6328108917428765,1.150060110452403,-0.49997994498431697,0.9539392014169457
6.644468462342413,0.5752706808671112,0.46150644432819976,-0.6556780417922854,1.1322314544929364,-0.499978507426892,0.9539392014169454
6.660176425610362,0.5647943954641655,0.47914956268482195,-0.6778585592294717,1.1139338036152626,-0.4999770679224188,0.9539392014169455
6.675884388878311,0.5539751261686285,0.4965017068684302,-0.6993447034808158,1.0951996466798808,-0.4999756310364616,0.9539392014169457
6.69159235214626,0.542823833636343,0.5135562743270584,-0.720130564095958,1.0760611375109586,-0.49997420102776857,0.9539392014169458
6.707300315414209,0.5313515572707354,0.5303071645126093,-0.7402119863298294,1.0565499886586054,-0.49997278183820415,0.9539392014169459
6.7230082786821574,0.5195693882528141,0.5467487711522611,-0.7595864911586582,1.0366973747306298,-0.49997137708700157,0.9539392014169459
6.738716241950107,0.5074884438668344,0.562875973077105,-0.7782531908374893,1.0165338453683084,-0.49996999006897136,0.9539392014169459
6.754424205218056,0.49511984318313534,0.5786841237596057,-0.7962127010574839,0.9960892478244057,-0.4999686237562928,0.9539392014169459
6.770132168486005,0.48247468414346373,0.5941690397099544,-0.813467050701588,0.9753926589979612,-0.49996728080348385,0.9539392014169459
6.785840131753954,0.4695640220789208,0.6093269878783398,-0.8300195901293651,0.9544723266896246,-0.499965963555133,0.9539392014169461
6.801548095021903,0.45639884967660355,0.6241546722057832,-0.8458748988480443,0.9333556197636972,-0.4999646740559973,0.9539392014169459
6.817256058289852,0.4429900783981506,0.6386492194607036,-0.8610386933491789,0.9120689868383192,-0.4999634140630578,0.9539392014169461
6.8329640215578005,0.4293485213417802,0.6528081644919668,-0.8755177358105619,0.890637923072962,-0.499962185059164,0.953939201416946
6.848671984825749,0.4154848775290502,0.6666294350220485,-0.8893197442828525,0.8690869445819197,-0.4999609882678959,0.953939201416946
6.864379948093698,0.40140971758846655,0.6801113360962604,-0.9024533049011314,0.8474395699729955,-0.4999598246693282,0.953939201416946
6.880087911361647,0.387133470800198,0.693252534295933,-0.9149277865845336,0.825718308491155,-0.4999586950163797,0.9539392014169459
6.895795874629597,0.37266641345947515,0.7060520418151643,-0.9267532586131794,0.8039446542365517,-0.49995759985149,0.9539392014169459
6.911503837897546,0.35801865851070236,0.7185092004923563,-0.9379404114016202,0.7821390859239957,-0.49995653952337515,0.9539392014169458
6.927211801165495,0.343200146399832,0.7306236658794069,-0.9485004807225219,0.7603210716555945,-0.499955514203657,0.9539392014169459
6.9429197644334435,0.32822063708905974,0.7423953914231837,-0.9584451755737355,0.7385090781889166,-0.49995452390318984,0.9539392014169459
6.958627727701392,0.3130897031753217,0.7538246128258835,-0.9677866098265184,0.7167205841986425,-0.49995356848793504,0.9539392014169459
6.974335690969341,0.2978167240523241,0.764911832643134,-0.9765372377425793,0.6949720970493309,-0.49995264769425884,0.9539392014169458
6.99004365423729,0.28241088105483214,0.7756578051712842,-0.9847097934028444,0.6732791726198023,-0.49995176114356643,0.9539392014169459
7.005751617505239,0.26688115352360114,0.786063521668308,-0.9923172340512801,0.6516564377449089,-0.4999509083561874,0.9539392014169459
7.021459580773188,0.2512363157295717,0.7961301959461233,-0.999372687322596,0.6301176148674517,-0.49995008876446967,0.9539392014169459
7.037167544041138,0.2354849345966916,0.8058592503659591,-1.0058894022929508,0.6086755485210553,-0.4999493017250439,0.953939201416946
7.0528755073090865,0.21963536816389811,0.8152523022626582,-1.0118807042676268,0.587342233293406,-0.49994854653024035,0.9539392014169461
7.068583470577035,0.20369576472832718,0.8243111508185349,-1.0173599531986985,0.5661288429479029,-0.49994782241865265,0.9539392014169461
7.084291433844984,0.18767406261364322,0.8330377644025624,-1.0223405056086818,0.5450457604100926,-0.4999471285848589,0.9539392014169461
7.099999397112933,0.17157799050945208,0.8414342683862809,-1.0268356798826563,0.5241026083529043,-0.4999464641883147,0.9539392014169459
7.115707360380882,0.1554150683300109,0.8495029334438496,-1.0308587247810692,0.503308280141437,-0.49994582836143886,0.953939201416946
7.131415323648831,0.13919260854284057,0.8572461643401134,-1.0344227910180046,0.48267097092363903,-0.4999452202169332,0.953939201416946
7.14712328691678,0.12291771792033075,0.8646664892073972,-1.0375409057448226,0.4621982086775334,-0.4999446388543557,0.953939201416946
7.162831250184729,0.10659729966997222,0.8717665493089505,-1.040225949776401,0.44189688504854746,-0.4999440833660026,0.953939201416946
7.1785392134526775,0.09023805590142069,0.8785490892845246,-1.0424906373964755,0.4217732858319453,-0.49994355284212877,0.9539392014169461
7.194247176720627,0.07384649039116314,0.8850169478714512,-1.0443474985794765,0.4018331209752928,-0.49994304637555176,0.9539392014169461
7.209955139988576,0.05742891160809909,0.8911730490927751,-1.0458088634685558,0.38208155399429544,-0.4999425630656853,0.9539392014169462
7.225663103256525,0.040991435965844085,0.8970203939024578,-1.0468868489529453,0.3625232307122575,-0.49994210202204414,0.9539392014169462
7.241371066524474,0.024539991269995686,0.9025620522763877,-1.047593347192184,0.3431623072488442,-0.4999416623672557,0.9539392014169463
7.257079029792423,0.008080320330959012,0.9078011557368767,-1.0479400159399015,0.3240024771978382,-0.4999412432396324,0.9539392014169463
7.272786993060372,-0.008382015284799968,0.912740890297484,-1.0479382705255695,0.3050469979462239,-0.4999408437953312,0.9539392014169463
7.288494956328321,-0.024841631390028217,0.9173844898143514,-1.0475992773588132,0.2862987160982775,-0.4999404632101456,0.9539392014169462
7.304202919596269,-0.04129331722136421,0.9217352297297492,-1.046933948827332,0.26776009197845774,-0.4999401006809642,0.9539392014169462
7.319910882864218,-0.0577320314143252,0.9257964211931918,-1.0459529394661558,0.24943322319586497,-0.4999397554269307,0.9539392014169461
7.335618846132167,-0.07415289792763946,0.9295714055452826,-1.0446666432827103,0.2313198672609368,-0.4999394266903323,0.9539392014169461
7.351326809400117,-0.09055120193419793,0.9330635491493551,-1.0430851921289408,0.2134214632519618,-0.4999391137372533,0.953939201416946
7.367034772668066,-0.10692238569424524,0.9362762385559902,-1.041218455018454,0.19573915253499583,-0.49993881585801425,0.953939201416946
7.382742735936015,-0.12326204442487883,0.9392128759855933,-1.0390760382932362,0.17827379854593467,-0.4999385323674279,0.9539392014169461
7.398450699203964,-0.1395659221784774,0.9418768751143846,-1.0366672865509454,0.16102600564790595,-0.4999382626048894,0.9539392014169461
7.4141586624719125,-0.15582990774133199,0.944271657149397,-1.0340012842500144,0.14399613708086628,-0.4999380059343267,0.9539392014169461
7.429866625739861,-0.17205003056249998,0.9464006471783702,-1.031086857915817,0.12718433202338938,-0.4999377617440286,0.9539392014169462
7.44557458900781,-0.18822245672174512,0.9482672707807611,-1.027932578876918,0.11059052178917508,-0.4999375294463667,0.9539392014169463
7.461282552275759,-0.20434348494435337,0.9498749508864656,-1.024546766465927,0.0942144451828543,-0.4999373084774298,0.9539392014169462
7.476990515543708,-0.22040954266963048,0.951227104869246,-1.020937491624714,0.07805566304126743,-0.4999370982965816,0.9539392014169462
7.492698478811657,-0.2364171821789793,0.9523271418622808,-1.017112580858693,0.062113571987604733,-0.49993689838595856,0.9539392014169464
7.508406442079607,-0.2523630767886247,0.9531784602836908,-1.0130796204895522,0.04638741742666294,-0.49993670824991576,0.9539392014169463
7.5241144053475555,-0.26824401711129436,0.9537844455603469,-1.0088459611602112,0.030876305810036676,-0.49993652741443284,0.9539392014169462
7.539822368615504,-0.2840569073904712,0.9541484680387189,-1.0044187225498953,0.015579216200365068,-0.4999363554264875,0.9539392014169463
7.555530331883453,-0.2997987619102023,0.9542738810719845,-0.9998047982610807,0.000495011163828718,-0.4999361918534081,0.9539392014169464
7.571238295151402,-0.3154667014828796,0.9541640192730763,-0.9950108608436513,-0.014377552980027323,-0.4999360362822057,0.9539392014169464
7.586946258419351,-0.3310579500168871,0.953822196923798,-0.9900433669249497,-0.029039816522354364,-0.49993588831889874,0.9539392014169465
7.6026542216873,-0.34656983116554685,0.953251706530594,-0.9849085624175091,-0.04349320731457925,-0.49993574758783216,0.9539392014169465
7.618362184955249,-0.3619997650583724,0.9524558175179926,-0.9796124877791242,-0.057739232275677746,-0.4999356137309938,0.9539392014169464
7.634070148223198,-0.377345265115264,0.9514377750511821,-0.9741609833025681,-0.07177946942995472,-0.4999354864073363,0.9539392014169463
7.6497781114911465,-0.3926039349439439,0.9502007989795954,-0.9685596944147136,-0.08561556044885814,-0.49993536529210447,0.9539392014169464
7.665486074759096,-0.40777346532062836,0.9487480828937911,-0.9628140769670643,-0.0992492036711289,-0.4999352500761724,0.9539392014169464
7.681194038027045,-0.4228516312536696,0.9470827932883169,-0.9569294025017676,-0.11268214757641137,-0.49993514046539306,0.9539392014169464
7.696902001294994,-0.4378362891296646,0.9452080688236234,-0.9509107634790743,-0.12591618468830584,-0.4999350361799596,0.9539392014169465
7.712609964562943,-0.4527253739413228,0.9431270196804685,-0.9447630784539449,-0.13895314588372526,-0.49993493695378377,0.9539392014169464
7.728317927830892,-0.4675168965962025,0.9408427270006084,-0.9384910971910783,-0.15179489508631341,-0.4999348425338906,0.9539392014169465
7.744025891098841,-0.4822089413052719,0.9383582424079127,-0.9320994057090821,-0.16444332432258324,-0.49993475267983073,0.9539392014169465
7.7597338543667895,-0.4967996630501131,0.9356765876043713,-0.9255924312458137,-0.17690034912033525,-0.499934667163109,0.9539392014169467
7.775441817634738,-0.5112872851274736,0.9328007540357734,-0.9189744471381056,-0.1891679042298101,-0.499934585766636,0.9539392014169464
7.791149780902687,-0.5256700967697713,0.9297337026221378,-0.9122495776101703,-0.20124793964891363,-0.49993450828419356,0.9539392014169464
7.806857744170636,-0.5399464508400785,0.9264783635482624,-0.9054218024659463,-0.21314241693472016,-0.4999344345199244,0.9539392014169463
7.822565707438586,-0.5541147616000417,0.9230376361100329,-0.8984949616815279,-0.2248533057843102,-0.49993436428783744,0.9539392014169463
7.838273670706535,-0.5681735025491398,0.9194143886123887,-0.8914727598946083,-0.23638258086882635,-0.4999342974113353,0.9539392014169464
7.853981633974484,-0.5821212043336448,0.9156114583150919,-0.8843587707885732,-0.24773221890543656,-0.4999342337227574,0.9539392014169465
7.8696895972424326,-0.5959564527236106,0.9116316514226805,-0.877156441369515,-0.2589041959526734,-0.499934173062946,0.9539392014169463
7.885397560510381,-0.6096778866561993,0.9074777431152071,-0.869869096135005,-0.2699004849153715,-0.49993411528082643,0.9539392014169465
7.90110552377833,-0.623284196343636,0.9031524776165761,-0.8624999411339603,-0.2807230532461514,-0.49993406023300924,0.9539392014169465
7.916813487046279,-0.63677412144408,0.8986585682974931,-0.855052067917393,-0.29137386083109673,-0.4999340077834068,0.9539392014169464
7.932521450314228,-0.6501464492936962,0.8939986978102255,-0.847528457380218,-0.3018548580479423,-0.49993395780286887,0.9539392014169465
7.948229413582177,-0.6634000131982197,0.889175518252555,-0.8399319834946481,-0.3121679839857319,-0.4999339101688345,0.9539392014169465
7.963937376850126,-0.6765336907823151,0.8841916513584703,-0.8322654169360046,-0.32231516481552114,-0.4999338647649994,0.9539392014169464
7.979645340118076,-0.6895464023950496,0.8790496887133048,-0.8245314286020387,-0.3322983123022859,-0.49993382148099963,0.9539392014169465
7.9953533033860245,-0.7024371095698156,0.8737521919911789,-0.8167325930270881,-0.34211932244875726,-0.4999337802121098,0.9539392014169465
8.011061266653973,-0.715204813537062,0.8683016932127435,-0.808871391692592,-0.35178007426243757,-0.4999337408589553,0.9539392014169463
8.026769229921921,-0.7278485537882196,0.8627006950213575,-0.8009502162356521,-0.36128242863755883,-0.4999337033272393,0.9539392014169465
8.042477193189871,-0.7403674066892327,0.8569516709759551,-0.7929713715574753,-0.3706282273442273,-0.4999336675274832,0.9539392014169463
8.05818515645782,-0.7527604841421394,0.8510570658589811,-0.7849370788336497,-0.37981929211745585,-0.4999336333747789,0.9539392014169464
8.073893119725769,-0.765026932293173,0.8450192959978765,-0.7768494784283029,-0.38885742383921973,-0.4999336007885533,0.9539392014169465
8.089601082993719,-0.7771659302858935,0.8388407495987097,-0.7687106327142725,-0.3977444018070827,-0.49993356969234604,0.9539392014169463
8.105309046261667,-0.7891766890578882,0.8325237870906405,-0.7605225288014804,-0.4064819830833305,-0.4999335400135966,0.9539392014169463
8.121017009529616,-0.8010584501796162,0.8260707414799976,-0.7522870811757478,-0.41507190191891696,-0.4999335116834435,0.9539392014169465
8.136724972797564,-0.8128104847340105,0.8194839187128402,-0.7440061342503242,-0.4235158692468761,-0.4999334846365327,0.9539392014169463
8.152432936065514,-0.8244320922354818,0.8127655980449507,-0.735681464832423,-0.431815572240184,-0.49993345881083584,0.9539392014169463
8.168140899333462,-0.8359225995870077,0.805918032418286,-0.7273147845070681,-0.4399726739293636,-0.4999334341474796,0.9539392014169465
8.183848862601412,-0.8472813600740282,0.7989434488429834,-0.7189077419405583,-0.4479888128754202,-0.4999334105905807,0.9539392014169464
8.199556825869362,-0.8585077523939004,0.7918440487840877,-0.7104619251058492,-0.4558656028939712,-0.499933388087092,0.9539392014169464
8.21526478913731,-0.8696011797197061,0.7846220085522235,-0.7019788634321379,-0.46360463282669523,-0.4999333665866552,0.9539392014169464
8.23097275240526,-0.8805610687972376,0.7772794796975022,-0.6934600298809186,-0.47120746635647004,-0.4999333460414619,0.9539392014169463
8.246680715673207,-0.8913868690740266,0.7698185894060021,-0.6849068429507481,-0.47867564186280215,-0.4999333264061212,0.9539392014169465
8.262388678941157,-0.9020780518593121,0.7622414408982167,-0.6763206686129343,-0.4860106723143663,-0.4999333076375356,0.9539392014169464
8.278096642209105,-0.91263410951388,0.7545501138289116,-0.6677028221803234,-0.4932140451956799,-0.4999332896947806,0.9539392014169464
8.293804605477055,-0.923054554668741,0.7467466646878761,-0.6590545701113272,-0.5002872224651289,-0.4999332725389942,0.9539392014169464
8.309512568745003,-0.9333389194716454,0.7388331272010986,-0.6503771317512893,-0.5072316405417431,-0.4999332561332691,0.9539392014169465
8.325220532012953,-0.9434867548604675,0.7308115127319338,-0.6416716810132493,-0.5140487103182889,-0.4999332404425525,0.9539392014169465
8.3409284952809,-0.9534976298625237,0.7226838106818663,-0.6329393480001168,-0.5207398171984085,-0.49993322543355,0.9539392014169465
8.35663645854885,-0.9633711309189184,0.7144519888905118,-0.6241812205702235,-0.5273063211556814,-0.49993321107463606,0.9539392014169467
8.3723444218168,-0.9731068612330449,0.7061179940345249,-0.6153983458481758,-0.5337495568126308,-0.4999331973357659,0.9539392014169465
8.388052385084748,-0.9827044401423977,0.6976837520251181,-0.6065917316828777,-0.5400708335378214,-0.4999331841883974,0.9539392014169465
8.403760348352698,-0.9921635025128772,0.6891511684039197,-0.5977623480545528,-0.5462714355593288,-0.4999331716054113,0.9539392014169467
8.419468311620646,-1.0014836981548052,0.6805221287369269,-0.5889111284325381,-0.552352622092969,-0.49993315956103973,0.9539392014169468
8.435176274888596,-1.0106646912598864,0.6717984990063364,-0.5800389710855811,-0.5583156274837892,-0.4999331480307967,0.9539392014169467
8.450884238156544,-1.0197061598583876,0.6629821260000525,-0.5711467403463159,-0.5641616613594239,-0.4999331369914124,0.9539392014169468
8.466592201424493,-1.028607795295824,0.6540748376986987,-0.5622352678315521,-0.5698919087940143,-0.4999331264207722,0.9539392014169467
8.482300164692441,-1.0373693017284746,0.6450784436599771,-0.5533053536199588,-0.5755075304814787,-0.4999331162978564,0.9539392014169468
8.498008127960391,-1.0459903956370677,0.6359947354002365,-0.5443577673886789,-0.5810096629170078,-0.49993310660268564,0.9539392014169468
8.513716091228341,-1.0544708053580027,0.6268254867731297,-0.5353932495103643,-0.5863994185857354,-0.4999330973162682,0.9539392014169468
8.529424054496289,-1.0628102706315008,0.6175724543452539,-0.5264125121120745,-0.5916778861576084,-0.49993308842054945,0.9539392014169468
8.545132017764239,-1.071008542166093,0.6082373777686868,-0.5174162400974378,-0.5968461306875513,-0.4999330798983649,0.9539392014169467
8.560839981032187,-1.0790653812188824,0.5988219801503387,-0.5084050921334283,-0.6019051938200816,-0.4999330717333961,0.9539392014169465
8.576547944300136,-1.0869805591910333,0.5893279684180597,-0.4993797016030703,-0.6068560939975952,-0.49993306391012654,0.9539392014169467
8.592255907568084,-1.0947538572379631,0.5797570336834483,-0.49034067752533805,-0.611699826671597,-0.49993305641380303,0.9539392014169465
8.607963870836034,-1.1023850658937318,0.5701108516013234,-0.4812886054434791,-0.6164373645162018,-0.499933049230397,0.9539392014169465
8.623671834103982,-1.1098739847091403,0.5603910827258248,-0.47222404828294756,-0.6210696576432843,-0.4999330423465683,0.9539392014169467
8.639379797371932,-1.1172204219030732,0.5505993728631267,-0.4631475471800953,-0.6255976338186987,-0.4999330357496313,0.9539392014169468
8.65508776063988,-1.1244241940266315,0.540737353420745,-0.45405962228273167,-0.6300221986790341,-0.4999330294275225,0.9539392014169467
8.67079572390783,-1.1314851256396252,0.5308066417534412,-0.44496077352362323,-0.63434423594841,-0.49993302336876916,0.9539392014169468
8.68650368717578,-1.1384030489990062,0.5208088415057194,-0.43585148136797214,-0.6385646076548555,-0.4999330175624615,0.9539392014169468
8.702211650443727,-1.1451778037588438,0.5107455429509317,-0.42673220753587393,-0.6426841543458472,-0.4999330119982243,0.9539392014169468
8.717919613711677,-1.1518092366814547,0.5006183233270046,-0.417603395700724,-0.6467036953026198,-0.4999330066661908,0.9539392014169468
8.733627576979625,-1.1582972013593191,0.4904287471688109,-0.40846547216450796,-0.6506240287528836,-0.4999330015569784,0.9539392014169467
8.749335540247575,-1.1646415579474256,0.4801783666372141,-0.3993188465108804,-0.6544459320816224,-0.4999329966616648,0.9539392014169467
8.765043503515523,-1.1708421729057044,0.4698687218448174,-0.39016391223690594,-0.6581701620396627,-0.49993299197176655,0.9539392014169468
8.780751466783473,-1.1768989187512187,0.45950134117845604,-0.3810010473643062,-0.6617974549497351,-0.499932987479217,0.9539392014169468
8.79645943005142,-1.1828116738198016,0.44907774161847236,-0.3718306150310288,-0.6653285269097673,-0.4999329831763475,0.9539392014169468
8.81216739331937,-1.1885803220368314,0.4385994290548216,-0.36265296406392694,-0.6687640739931737,-0.49993297905586787,0.9539392014169469
8.82787535658732,-1.1942047526968596,0.428067898600055,-0.35346842953331076,-0.6721047724459216,-0.49993297511084844,0.9539392014169469
8.843583319855268,-1.199684860251809,0.4174846348992341,-0.34427733329010757,-0.6753512788801759,-0.49993297133470394,0.9539392014169468
8.859291283123218,-1.2050205441074766,0.40685111243683064,-0.3350799844863426,-0.678504230464339,-0.4999329677211763,0.953939201416947
8.874999246391166,-1.2102117084280821,0.39616879584067044,-0.32587668007962817,-0.6815642451093192,-0.4999329642643212,0.953939201416947
8.890707209659116,-1.2152582619486207,0.38543914018298153,-0.316667705322328,-0.6845319216508745,-0.4999329609584917,0.9539392014169471
8.906415172927064,-1.2201601177947798,0.3746635912786095,-0.30745333423603904,-0.6874078400278937,-0.4999329577983265,0.953939201416947
8.922123136195014,-1.224917193310197,0.3638435859804649,-0.298233830072015,-0.6901925614564876,-0.4999329547787357,0.9539392014169469
8.937831099462962,-1.2295294098908418,0.3529805524722692,-0.28900944575813386,-0.6928866285997752,-0.49993295189488957,0.953939201416947
8.953539062730911,-1.233996692826315,0.3420759105586683,-0.27978042433299327,-0.6954905657332615,-0.4999329491422067,0.9539392014169469
8.96924702599886,-1.2383189711478693,0.33113107195278296,-0.27054699936769866,-0.69800487890571,-0.4999329465163431,0.9539392014169468
8.984954989266809,-1.2424961774829582,0.32014744056126815,-0.261309395375892,-0.7004300560954273,-0.4999329440131821,0.9539392014169467
9.000662952534759,-1.2465282479161381,0.3091264127669541,-0.2520678282125519,-0.7027665673618806,-0.4999329416288243,0.9539392014169467
9.016370915802707,-1.2504151218561472,0.2980693777091421,-0.24282250546207956,-0.7050148649925783,-0.4999329393595788,0.9539392014169468
9.032078879070657,-1.2541567419089978,0.28697771756163126,-0.23357362681616917,-0.7071753836451528,-0.499932937201955,0.9539392014169468
9.047786842338605,-1.2577530537569273,0.2758528078085506,-0.22432138444194819,-0.7092485404845879,-0.4999329351526533,0.9539392014169467
9.063494805606554,-1.261204006043057,0.2646960175180746,-0.21506596334085734,-0.711234735315541,-0.4999329332085582,0.9539392014169468
9.079202768874502,-1.264509550261616,0.2535087096140987,-0.20580754169872736,-0.7131343507097162,-0.4999329313667308,0.9539392014169469
9.094910732142452,-1.267669640653598,0.24229224114595288,-0.19654629122749723,-0.7149477521282461,-0.4999329296244024,0.953939201416947
9.1106186954104,-1.2706842341077222,0.23104796355623236,-0.187282377499006,-0.7166752880390505,-0.49993292797896755,0.953939201416947
9.12632665867835,-1.2735532900665751,0.21977722294682456,-0.1780159602712793,-0.7183172900291364,-0.49993292642797865,0.9539392014169469
9.1420346219463,-1.2762767704378222,0.2084813603432117,-0.16874719380772057,-0.7198740729118159,-0.4999329249691397,0.9539392014169469
9.157742585214248,-1.2788546395103775,0.19716171195712934,-0.15947622718960683,-0.7213459348288146,-0.4999329236003015,0.953939201416947
9.173450548482197,-1.2812868638754331,0.18581960944766107,-0.1502032046222794,-0.7227331573472501,-0.49993292231945646,0.9539392014169471
9.189158511750145,-1.2835734123522475,0.17445638018085058,-0.1409282657354105,-0.7240360055514631,-0.4999329211247348,0.953939201416947
9.204866475018095,-1.285714255918608,0.16307334748791133,-0.13165154587771838,-0.725254728129684,-0.4999329200143988,0.9539392014169469
9.220574438286043,-1.2877093676458793,0.15167183092211578,-0.12237317640649562,-0.7263895574555207,-0.4999329189868404,0.953939201416947
9.236282401553993,-1.2895587226385592,0.14025314651444526,-0.1130932849723076,-0.7274407096642568,-0.4999329180405766,0.953939201416947
9.25199036482194,-1.2912622979782726,0.128818607028082,-0.10381199579921145,-0.7284083847239484,-0.49993291717424637,0.9539392014169469
9.26769832808989,-1.292820072672132,0.1173695222118256,-0.09452942996083895,-0.7292927665013125,-0.49993291638660786,0.9539392014169468
9.28340629135784,-1.2942320276054025,0.10590719905251503,-0.08524570565268125,-0.7300940228223972,-0.4999329156765352,0.9539392014169467
9.299114254625788,-1.2954981454984174,0.09443294202653899,-0.07596093846090768,-0.7308123055280306,-0.49993291504301596,0.9539392014169468
9.314822217893738,-1.2966184108676884,0.08294805335051622,-0.06667524162804582,-0.7314477505240392,-0.4999329144851494,0.9539392014169469
9.330530181161686,-1.2975928099911673,0.07145383323122798,-0.0573887263158457,-0.7320004778262352,-0.4999329140021441,0.9539392014169468
9.346238144429636,-1.2984213308776158,0.05995158011488503,-0.048101501865646705,-0.732470591600166,-0.49993291359331593,0.9539392014169468
9.361946107697584,-1.299103963240045,0.04844259093581146,-0.03881367605656242,-0.7328581801956251,-0.4999329132580867,0.9539392014169468
9.377654070965534,-1.2996406984731967,0.03692816136462742,-0.029525355361795246,-0.7331633161759203,-0.49993291299598325,0.9539392014169467
9.393362034233482,-1.3000315296350373,0.025409586056013435,-0.020236645203390205,-0.7333860563418987,-0.4999329128066358,0.9539392014169468
9.409069997501431,-1.3002764514322396,0.01388815889613843,-0.010947650205734863,-0.7335264417507251,-0.4999329126897777,0.9539392014169468
9.42477796076938,-1.3003754602096413,0.0023651732498340414,-0.001658474448110677,-0.7335844977294149,-0.49993291264524453,0.9539392014169467
9.44048592403733,-1.300328553943663,-0.009158077792402453,0.0076307782834003825,-0.7335602338831185,-0.4999329126729732,0.9539392014169468
9.456193887305279,-1.3001357322396783,-0.020680301167494117,0.016920004244350983,-0.7334536440981574,-0.499932912773003,0.9539392014169467
9.471901850573227,-1.2997969963333353,-0.0322002035928768,0.026209099480402866,-0.7332647065398116,-0.49993291294547487,0.9539392014169465
9.487609813841177,-1.29931234909583,-0.0437164913195156,0.035497959575538154,-0.7329933836448587,-0.4999329131906312,0.9539392014169468
9.503317777109125,-1.298681795043136,-0.05522786988476293,0.044786479399704725,-0.7326396221088631,-0.49993291350881863,0.9539392014169467
9.519025740377074,-1.2979053403492073,-0.06673304386497567,0.05407455285559205,-0.7322033528682182,-0.4999329139004855,0.9539392014169467
9.534733703645022,-1.2969829928631633,-0.07823071662780902,0.06336207262423255,-0.7316844910769397,-0.49993291436618575,0.9539392014169468
9.550441666912972,-1.2959147621304823,-0.08971959008410467,0.07264892990912197,-0.7310829360782126,-0.49993291490657843,0.9539392014169468
9.56614963018092,-1.2947006594182267,-0.10119836443929071,0.08193501417854998,-0.7303985713706933,-0.4999329155224303,0.9539392014169467
9.58185759344887,-1.2933406977443311,-0.11266573794421118,0.09122021290582971,-0.7296312645695676,-0.49993291621461616,0.9539392014169467
9.59756555671682,-1.291834891910988,-0.12412040664530258,0.10050441130711191,-0.7287808673623682,-0.49993291698412246,0.9539392014169467
9.613273519984768,-1.290183258542173,-0.13556106413403535,0.10978749207646588,-0.7278472154595534,-0.4999329178320485,0.9539392014169464
9.628981483252717,-1.2883858161253532,-0.1469864012955378,0.11906933511790543,-0.7268301285398524,-0.49993291875960877,0.9539392014169464
9.644689446520665,-1.2864425850574306,-0.15839510605632062,0.12834981727403363,-0.7257294101903797,-0.4999329197681365,0.9539392014169464
9.660397409788615,-1.284353587694976,-0.16978586313101932,0.13762881205097527,-0.7245448478415262,-0.4999329208590858,0.9539392014169463
9.676105373056563,-1.2821188484088142,-0.18115735376807335,0.14690618933926075,-0.723276212696632,-0.4999329220340356,0.9539392014169464
9.691813336324513,-1.2797383936430253,-0.1925082554942592,0.15618181513031895,-0.72192325965645,-0.4999329232946925,0.9539392014169467
9.707521299592461,-1.277212251978437,-0.20383724185799634,0.16545555122823055,-0.7204857272384085,-0.499932924642896,0.9539392014169465
9.72322926286041,-1.2745404542006828,-0.21514298217134403,0.17472725495638644,-0.7189633374906854,-0.4999329260806209,0.9539392014169468
9.738937226128359,-1.2717230333729082,-0.22642414125060772,0.18399677885868812,-0.7173557959011052,-0.4999329276099834,0.9539392014169467
9.754645189396308,-1.2687600249132163,-0.23767937915547377,0.19326397039491966,-0.7156627913008752,-0.4999329292332444,0.9539392014169467
9.770353152664258,-1.2656514666769454,-0.24890735092659166,0.20252867162991212,-0.7138839957631774,-0.49993293095281593,0.9539392014169468
9.786061115932206,-1.2623973990438782,-0.260106706321523,0.21179071891611195,-0.7120190644966367,-0.49993293277126627,0.9539392014169469
9.801769079200156,-1.2589978650104918,-0.27127608954897675,0.22104994256915633,-0.7100676357336875,-0.4999329346913258,0.9539392014169468
9.817477042468104,-1.255452910287361,-0.28241413900125123,0.23030616653604727,-0.708029330613866,-0.49993293671589295,0.9539392014169468
9.833185005736054,-1.251762583401831,-0.2935194869848029,0.23955920805550618,-0.7059037530620571,-0.4999329388480416,0.9539392014169468
9.848892969004002,-1.2479269358060914,-0.30459075944886344,0.24880887731007942,-0.7036904896617299,-0.49993294109102776,0.9539392014169467
9.864600932271951,-1.2439460219907783,-0.3156265757120259,0.2580549770695528,-0.7013891095231994,-0.4999329434482972,0.9539392014169465
9.8803088955399,-1.2398198996042513,-0.3266255481867232,0.26729730232522153,-0.6989991641469594,-0.4999329459234936,0.9539392014169465
9.89601685880785,-1.2355486295776854,-0.33758628210152086,0.2765356399145472,-0.6965201872821309,-0.4999329485204666,0.9539392014169467
9.911724822075799,-1.2311322762561385,-0.3485073752211485,0.28576976813572197,-0.6939516947800841,-0.4999329512432817,0.9539392014169467
9.927432785343747,-1.2265709075357532,-0.3593874175641939,0.29499945635164276,-0.6912931844432914,-0.4999329540962291,0.9539392014169467
9.943140748611697,-1.2218645950072653,-0.3702249911183859,0.30422446458278585,-0.6885441358694795,-0.49993295708383434,0.9539392014169465
9.958848711879645,-1.2170134141059972,-0.3810186695533928,0.31344454308845343,-0.6857040102911555,-0.49993296021086814,0.9539392014169465
9.974556675147594,-1.2120174442685203,-0.3917670179310635,0.3226594319358498,-0.6827722504105886,-0.4999329634823587,0.9539392014169467
9.990264638415542,-1.2068767690961861,-0.4024685924130416,0.3318688605564248,-0.6797482802303406,-0.49993296690360334,0.9539392014169468
10.005972601683492,-1.2015914765257276,-0.41312193996568286,0.3410725472889061,-0.6766315048794443,-0.4999329704801813,0.9539392014169465
10.02168056495144,-1.1961616590071462,-0.4237255980622083,0.3502701989084212,-0.6734213104353437,-0.4999329742179666,0.9539392014169465
10.03738852821939,-1.1905874136891061,-0.4342780943820277,0.35946151014109035,-0.6701170637417163,-0.4999329781231433,0.9539392014169465
10.053096491487338,-1.1848688426120706,-0.4447779465071697,0.3686461631634526,-0.666718112222315,-0.4999329822022185,0.9539392014169465
10.068804454755288,-1.1790060529094224,-0.4552236616157565,0.37782382708606305,-0.6632237836909762,-0.49993298646204093,0.9539392014169465
10.084512418023238,-1.172999157016823,-0.46561373617246565,0.38699415742057836,-0.6596333861579566,-0.4999329909098149,0.9539392014169464
10.100220381291185,-1.1668482728900758,-0.4759466556159205,0.3961567955296243,-0.6559462076327778,-0.49993299555311993,0.9539392014169465
10.115928344559135,-1.1605535242317675,-0.4862208940429578,0.40531136805871393,-0.6521615159237708,-0.49993300039992794,0.9539392014169463
10.131636307827083,-1.154115040726979,-0.49643491388972144,0.4144574863494605,-0.648278558434536,-0.4999330054586237,0.9539392014169465
10.147344271095033,-1.14753295828836,-0.506587165609535,0.42359474583330264,-0.6442965619575459,-0.499933010738026,0.9539392014169464
10.163052234362981,-1.1408074193108875,-0.5166760873475114,0.4327227254049318,-0.6402147324651472,-0.4999330162474076,0.9539392014169465
10.17876019763093,-1.1339385729366251,-0.5267001046118597,0.4418409867745844,-0.6360322548982326,-0.4999330219965211,0.9539392014169465
10.194468160898879,-1.1269265753298285,-0.5366576299418557,0.4509490737983314,-0.6317482929528841,-0.499933027995621,0.9539392014169464
10.210176124166829,-1.1197715899627456,-0.5465470625724463,0.46004651178546757,-0.6273619888653104,-0.4999330342554904,0.9539392014169465
10.225884087434778,-1.1124737879124802,-0.5563667880954631,0.46913280678207175,-0.6228724631954289,-0.49993304078746886,0.9539392014169464
10.241592050702726,-1.1050333481693004,-0.5661151781174277,0.47820744482977673,-0.6182788146094778,-0.49993304760347934,0.9539392014169464
10.257300013970676,-1.0974504579567883,-0.5757905899139365,0.4872698911987539,-0.6135801196620667,-0.49993305471606064,0.9539392014169462
10.273007977238624,-1.0897253130642452,-0.5853913660806186,0.4963195895938831,-0.6087754325781181,-0.49993306213839694,0.9539392014169462
10.288715940506574,-1.08185811819178,-0.5949158341806701,0.5053559613330426,-0.6038637850351795,-0.49993306988435426,0.9539392014169463
10.304423903774522,-1.0738490873085285,-0.604362306388973,0.5143784044964171,-0.5988441859466339,-0.4999330779685135,0.9539392014169463
10.320131867042472,-1.0656984440244681,-0.613729079132819,0.5233862930456843,-0.5937156212463716,-0.4999330864062106,0.9539392014169461
10.33583983031042,-1.0574064219763093,-0.6230144327292639,0.5323789759119,-0.5884770536755345,-0.49993309521357326,0.9539392014169463
10.35154779357837,-1.0489732652279633,-0.6322166310191513,0.5413557760508645,-0.5831274225719937,-0.499933104407566,0.9539392014169463
10.367255756846319,-1.0403992286861112,-0.6413339209978532,0.550315989464709,-0.5776656436632691,-0.4999331140060318,0.9539392014169463
10.382963720114267,-1.0316845785314102,-0.6503645324427888,0.5592588841884002,-0.5720906088636589,-0.4999331240277405,0.9539392014169465
10.398671683382217,-1.0228295926659003,-0.6593066775377912,0.5681836992398177,-0.5664011860764036,-0.4999331344924371,0.9539392014169464
10.414379646650165,-1.0138345611771973,-0.6681585504944106,0.5770896435320152,-0.5605962190017735,-0.4999331454208945,0.9539392014169464
10.430087609918115,-1.004699786820071,-0.676918327170253,0.5859758947462307,-0.5546745269520373,-0.49993315683496736,0.9539392014169464
10.445795573186063,-0.9954255855160427,-0.6855841646844697,0.5948415981641654,-0.548634904674339,-0.4999331687576521,0.9539392014169463
10.461503536454012,-0.9860122868716495,-0.6941542010305314,0.6036858654580051,-0.5424761221825901,-0.4999331812131458,0.9539392014169463
10.47721149972196,-0.976460234716054,-0.7026265546864366,0.6125077734366092,-0.5361969245995686,-0.4999331942269122,0.9539392014169463
10.49291946298991,-0.9667697876586986,-0.7109993242225257,0.6213063627462467,-0.5297960320104972,-0.4999332078257499,0.9539392014169463
10.508627426257858,-0.9569413196677321,-0.7192705879070886,0.6300806365242066,-0.5232721393294775,-0.4999332220378638,0.9539392014169463
10.524335389525808,-0.9469752206699624,-0.7274384033099828,0.6388295590035669,-0.5166239161802487,-0.4999332368929418,0.9539392014169463
10.540043352793758,-0.936871897173116,-0.7355008069044953,0.6475520540673518,-0.5098500067928524,-0.4999332524222346,0.9539392014169463
10.555751316061706,-0.9266317729112128,-0.7434558136677141,0.6562470037502631,-0.5029490299178966,-0.49993326865864046,0.9539392014169463
10.571459279329655,-0.9162552895138947,-0.751301416679697,0.664913246686119,-0.49591957876023557,-0.4999332856367954,0.9539392014169463
10.587167242597603,-0.9057429072005763,-0.759035586721759,0.6735495764990884,-0.48876022093401245,-0.49993330339316633,0.9539392014169462
10.602875205865553,-0.8950951055003141,-0.7666562718742291,0.6821547401367613,-0.48146949844114867,-0.4999333219661514,0.9539392014169463
10.618583169133501,-0.8843123839983251,-0.7741613971140617,0.6907274361430461,-0.4740459276755144,-0.49993334139618606,0.9539392014169462
10.63429113240145,-0.873395263110115,-0.7815488639127246,0.6992663128688466,-0.4664879994551699,-0.4999333617258517,0.9539392014169461
10.649999095669399,-0.8623442848842092,-0.7888165498348233,0.7077699666184202,-0.4587941790852363,-0.49993338299999535,0.9539392014169461
10.665707058937349,-0.8511600138345157,-0.7959623081379641,0.7162369397292849,-0.45096290645413234,-0.49993340526585156,0.9539392014169461
10.681415022205298,-0.8398430378033775,-0.8029839673744015,0.7246657185835006,-0.44299259616610365,-0.4999334285731739,0.9539392014169461
10.697122985473246,-0.8283939688564127,-0.8098793309950651,0.733054731548115,-0.4348816377131727,-0.4999334529743713,0.9539392014169461
10.712830948741196,-0.8168134442102696,-0.8166461769566096,0.7414023468425368,-0.42662839568985267,-0.4999334785246537,0.9539392014169462
10.728538912009144,-0.8051021271944653,-0.8232822573321856,0.7497068703305672,-0.4182312100541964,-0.4999335052821856,0.9539392014169463
10.744246875277094,-0.7932607082485066,-0.829785297926692,0.7579665432348028,-0.40968839643899313,-0.4999335333082461,0.9539392014169463
10.759954838545042,-0.7812899059555322,-0.8361529978973229,0.7661795397711066,-0.4009982465171845,-0.4999335626674003,0.9539392014169463
10.775662801812992,-0.7691904681137494,-0.8423830293802996,0.7743439647008332,-0.39215902842584205,-0.4999335934276775,0.9539392014169462
10.79137076508094,-0.7569631728469749,-0.8484730371247382,0.7824578507984973,-0.3831689872533396,-0.4999336256607604,0.9539392014169463
10.80707872834889,-0.7446088297556273,-0.854420638134685,0.7905191562325788,-0.37402634559465997,-0.4999336594421842,0.9539392014169464
10.822786691616837,-0.7321282811095522,-0.8602234213204305,0.7985257618571802,-0.36472930418009986,-0.49993369485154593,0.9539392014169463
10.838494654884787,-0.7195224030841001,-0.8658789471602963,0.8064754684122781,-0.35527604258298184,-0.4999337319727253,0.9539392014169463
10.854202618152737,-0.7067921070409081,-0.8713847473741821,0.814365993630359,-0.34566472001234555,-0.49993377089411656,0.9539392014169464
10.869910581420685,-0.6939383408548752,-0.876738324610256,0.8221949692472802,-0.3358934761969746,-0.49993381170887374,0.9539392014169464
10.885618544688635,-0.6809620902888507,-0.8819371521462738,0.8299599379152799,-0.3259604323675236,-0.49993385451516625,0.9539392014169465
10.901326507956583,-0.6678643804175903,-0.8869786736071237,0.8376583500161441,-0.31586369234393613,-0.4999338994164505,0.9539392014169465
10.917034471224532,-0.6546462771025621,-0.8918603027003082,0.8452875603726587,-0.3056013437358002,-0.4999339465217528,0.9539392014169464
10.93274243449248,-0.6413088885192145,-0.8965794229711992,0.8528448248566062,-0.2951714592637609,-0.49993399594596866,0.9539392014169465
10.94845039776043,-0.6278533667383461,-0.9011333875800323,0.8603272968917302,-0.28457209821061435,-0.4999340478101753,0.9539392014169465
10.964158361028378,-0.6142809093632362,-0.9055195191027501,0.8677320238502813,-0.273801308011233,-0.49993410224196,0.9539392014169464
10.979866324296328,-0.6005927612242197,-0.909735109357946,0.875055943341976,-0.26285712599102684,-0.4999341593757649,0.9539392014169465
10.995574287564278,-0.5867902161324039,-0.9137774192623215,0.8822958793944593,-0.2517375812632262,-0.4999342193532491,0.9539392014169465
11.011282250832226,-0.572874618694238,-0.9176436787172361,0.8894485385246513,-0.24044069679587923,-0.4999342823236645,0.9539392014169465
11.026990214100175,-0.5588473661886517,-0.921331086529101,0.8965105057006988,-0.22896449166009572,-0.4999343484442532,0.9539392014169467
11.042698177368123,-0.544709910508484,-0.924836810366559,0.9034782401946277,-0.21730698347173116,-0.49993441788065995,0.9539392014169467
11.058406140636073,-0.5304637601679149,-0.9281579867575865,0.9103480713262326,-0.2054661910393992,-0.49993449080736463,0.9539392014169467
11.074114103904021,-0.5161104823776027,-0.9312917211298635,0.91711619409922,-0.19344013723242048,-0.4999345674081323,0.9539392014169467
11.089822067171971,-0.5016517051892114,-0.9342350878979743,0.9237786647311772,-0.18122685208306408,-0.4999346478764832,0.9539392014169467
11.105530030439919,-0.4870891197109781,-0.9369851306012371,0.9303313960795514,-0.16882437613821252,-0.49993473241618047,0.9539392014169467
11.121237993707869,-0.4724244823959369,-0.9395388620962012,0.9367701529665114,-0.1562307640763814,-0.49993482124173955,0.9539392014169467
11.136945956975818,-0.45765961740436034,-0.941893264808108,0.9430905474063355,-0.14344408860684904,-0.49993491457895445,0.9539392014169468
11.152653920243766,-0.44279641904191963,-0.9440452910458829,0.9492880337398191,-0.13046244466849782,-0.4999350126654452,0.9539392014169468
11.168361883511716,-0.42783685427498314,-0.9459918633855071,0.955357903681148,-0.1172839539468345,-0.4999351157512227,0.9539392014169467
11.184069846779664,-0.4127829653243832,-0.9477298751269162,0.9612952812837294,-0.10390676972853868,-0.4999352240992723,0.9539392014169468
11.199777810047614,-0.39763687233886813,-0.9492561908298813,0.9670951178326338,-0.09032908211378317,-0.4999353379861557,0.9539392014169468
11.215485773315562,-0.3824007761493276,-0.9505676469346579,0.9727521866725815,-0.07654912360747157,-0.49993545770262954,0.9539392014169468
11.231193736583512,-0.3670769611047282,-0.951661052473521,0.9782610779818126,-0.06256517511144313,-0.49993558355427936,0.9539392014169467
11.24690169985146,-0.3516677979905226,-0.9525331898796645,0.9836161935037273,-0.048375572340594114,-0.4999357158621669,0.9539392014169467
11.26260966311941,-0.33617574703009556,-0.953180815900305,0.9888117412498744,-0.033978712686752746,-0.49993585496349163,0.9539392014169465
11.278317626387357,-0.32060336096958325,-0.9536006626212158,0.9938417301897238,-0.019373062555010846,-0.4999360012122606,0.9539392014169465
11.294025589655307,-0.3049532882461455,-0.9537894386103085,0.9986999649446792,-0.004557165198050011,-0.4999361549799655,0.9539392014169465
11.309733552923257,-0.2892282762394774,-0.9537438301882897,1.0033800405059932,0.010470350925208882,-0.49993631665626603,0.9539392014169467
11.325441516191205,-0.2734311746060229,-0.9534605028348371,1.0078753369986457,0.025710763239570507,-0.4999364866496704,0.9539392014169465
11.341149479459155,-0.25756493869498454,-0.9529361027391734,1.0121790145158494,0.04116524556442134,-0.4999366653882138,0.9539392014169465
11.356857442727103,-0.24163263304481541,-0.952167258504353,1.0162840080516624,0.05683485801718487,-0.4999368533201278,0.9539392014169467
11.372565405995053,-0.22563743495842561,-0.9511505830150274,1.0201830225622406,0.07272053628062453,-0.4999370509144937,0.9539392014169468
11.388273369263,-0.20958263815482975,-0.9498826754789098,1.0238685281895374,0.08882308020491798,-0.49993725866187366,0.9539392014169467
11.40398133253095,-0.19347165649440515,-0.9483601236526175,1.027332755684803,0.10514314171526021,-0.49993747707491343,0.9539392014169468
11.419689295798898,-0.17730802777431437,-0.9465795062630297,1.030567692073016,0.12168121199577361,-0.49993770668890747,0.9539392014169465
11.435397259066848,-0.16109541758996937,-0.9445373956357592,1.0335650766034485,0.1384376079207431,-0.49993794806231284,0.9539392014169467
11.451105222334798,-0.14483762325767072,-0.9422303605427861,1.036316397035889,0.15541245770468715,-0.49993820177720805,0.9539392014169467
11.466813185602746,-0.12853857779274344,-0.9396549692817454,1.0388128863166628,0.17260568574356022,-0.49993846843967593,0.9539392014169465
11.482521148870696,-0.11220235393660234,-0.9368077929997882,1.0410455197034754,0.19001699662050153,-0.49993874868010435,0.9539392014169467
11.498229112138644,-0.09583316822521337,-0.9336854092753438,1.043005012403276,0.2076458582510432,-0.49993904315338444,0.9539392014169467
11.513937075406593,-0.0794353850903677,-0.93028440597149,1.0446818177927806,0.2254914841446207,-0.49993935253899036,0.9539392014169467
11.529645038674541,-0.06301352098404706,-0.9266013853749858,1.0460661262970086,0.2435528147616411,-0.4999396775409227,0.9539392014169465
11.545353001942491,-0.04657224851492955,-0.9226329686353271,1.0471478650071446,0.2618284979483219,-0.4999400188874935,0.9539392014169465
11.561060965210439,-0.030116400584760235,-0.9183758005184368,1.0479166981252384,0.2803168684350747,-0.49994037733093255,0.9539392014169467
11.576768928478389,-0.01365097451088633,-0.9138265544897978,1.0483620283296549,0.2990159263884406,-0.4999407536467847,0.9539392014169467
11.592476891746337,0.0028188638802691514,-0.908981938141954,1.0484729991617612,0.31792331501156246,-0.4999411486330798,0.9539392014169465
11.608184855014287,0.019287776205652137,-0.9038386989813453,1.0482384985410347,0.3370362971939679,-0.4999415631092372,0.9539392014169464
11.623892818282236,0.035750247542534246,-0.8983936305893772,1.0476471635225515,0.3563517312181223,-0.4999419979146812,0.9539392014169464
11.639600781550184,0.05220058253041846,-0.8926435791724566,1.0466873864175936,0.37586604553786535,-0.49994245390712977,0.9539392014169463
11.655308744818134,0.06863290158028039,-0.8865854505154211,1.0453473224048189,0.39557521265254775,-0.49994293196052064,0.9539392014169463
11.671016708086082,0.08504113721558589,-0.880216217352342,1.0436148987659797,0.41547472211052117,-0.49994343296254307,0.9539392014169462
11.686724671354032,0.10141903057168097,-0.8735329271680744,1.0414778258864452,0.435559552686675,-0.49994395781172807,0.9539392014169462
11.70243263462198,0.11776012808240115,-0.8665327104431289,1.038923610166644,0.4558241437910394,-0.49994450741406404,0.9539392014169461
11.71814059788993,0.13405777838508615,-0.8592127893534465,1.0359395689958657,0.4762623661791508,-0.49994508267908977,0.9539392014169462
11.733848561157878,0.15030512947760505,-0.8515704869354317,1.0325128479444714,0.49686749204996783,-0.4999456845154264,0.9539392014169461
11.749556524425827,0.1664951261634804,-0.8436032367251288,1.0286304403342719,0.5176321646336797,-0.49994631382570365,0.9539392014169462
11.765264487693777,0.18262050782373487,-0.8353085928786822,1.024279209349448,0.5385483673898056,-0.49994697150083756,0.9539392014169462
11.780972450961725,0.1986738065566503,-0.8266842407791829,1.0194459128516677,0.5596073929555591,-0.4999476584136181,0.9539392014169461
11.796680414229675,0.21464734572920427,-0.8177280081326449,1.01411723106275,0.5807998120055415,-0.4999483754115698,0.9539392014169461
11.812388377497623,0.23053323898650585,-0.8084378765531535,1.0082797972760713,0.6021154422064059,-0.4999491233090443,0.9539392014169461
11.828096340765573,0.24632338976805937,-0.7988119936341588,1.001920231753608,0.6235433174741272,-0.49994990287852037,0.9539392014169463
11.84380430403352,0.26200949138210705,-0.7888486854994361,0.9950251789587418,0.6450716577668368,-0.4999507148410737,0.9539392014169461
11.85951226730147,0.2775830276915959,-0.7785464698233658,0.9875813482654117,0.666687839672673,-0.4999515598560129,0.9539392014169461
11.875220230569418,0.2930352744674362,-0.7679040693059029,0.9795755582715192,0.6883783680795779,-0.4999524385096591,0.9539392014169461
11.890928193837368,0.30835730146661516,-0.7569204255828765,0.9709947848283554,0.7101288492421877,-0.49995335130327967,0.9539392014169462
11.906636157105316,0.32353997529434386,-0.7455947135470886,0.9618262128778616,0.7319239655895955,-0.4999542986401825,0.9539392014169463
11.922344120373266,0.33857396311068694,-0.7339263560500507,0.9520572921654313,0.7537474526464479,-0.4999552808120118,0.9539392014169463
11.938052083641216,0.35344973724297896,-0.7219150389481277,0.9416757968673881,0.7755820784681091,-0.4999562979842824,0.9539392014169463
11.953760046909164,0.368157580765706,-0.7095607264503376,0.9306698891389474,0.797409626017963,-0.49995735018122867,0.9539392014169463
11.969468010177113,0.38268759410934045,-0.6968636767181294,0.9190281865501392,0.8192108789407175,-0.4999584372700532,0.9539392014169463
11.985175973445061,0.3970297027587847,-0.6838244576601276,0.9067398333336552,0.8409656112091413,-0.49995955894469435,0.9539392014169462
12.000883936713011,0.4111736661005229,-0.6704439628571665,0.8937945753197647,0.8626525811422192,-0.4999607147092524,0.9539392014169463
12.01659189998096,0.42510908747521453,-0.6567234275449609,0.8801828383793087,0.884249530309443,-0.49996190386124306,0.9539392014169463
12.032299863248909,0.4388254254892054,-0.6426644445735628,0.865895810136415,0.9057331878479066,-0.49996312547488764,0.9539392014169463
12.048007826516857,0.45231200663420196,-0.6282689802544064,0.8509255246482081,0.9270792807251181,-0.49996437838465924,0.9539392014169462
12.063715789784807,0.46555803925907385,-0.6135393899973494,0.8352649496797836,0.9482625504799308,-0.4999656611693595,0.9539392014169462
12.079423753052756,0.4785526289313524,-0.5984784336317857,0.8189080761296277,0.9692567769657048,-0.4999669721370176,0.9539392014169462
12.095131716320704,0.4912847952184157,-0.5830892902977736,0.801850009084215,0.9900348096027048,-0.4999683093109315,0.9539392014169463
12.110839679588654,0.5037434899095512,-0.5673755727853255,0.7840870599016455,1.0105686066197959,-0.49996967041720963,0.9539392014169463
12.126547642856602,0.515917616690034,-0.5513413411927214,0.7656168386440325,1.0308292827277812,-0.4999710528741844,0.9539392014169463
12.142255606124552,0.5277960522670386,-0.5349911157680972,0.7464383460982861,1.0507871656173937,-0.49997245378409194,0.9539392014169465
12.1579635693925,0.539367668934635,-0.5183298887928209,0.7265520645465405,1.0704118616132907,-0.49997386992742365,0.9539392014169465
12.17367153266045,0.5506213585513378,-0.5013631353605003,0.7059600463725278,1.0896723307409268,-0.49997529776036165,0.9539392014169465
12.189379495928398,0.5615460578887534,-0.4840968229020633,0.6846659995206961,1.1085369713756104,-0.4999767334156989,0.9539392014169465
12.205087459196347,0.5721307752939071,-0.4665374193054373,0.6626753687629449,1.1269737145424097,-0.4999781727076369,0.9539392014169465
12.220795422464297,0.5823646185909592,-0.44869189947811094,0.6399954116757749,1.1449501278222378,-0.4999796111408158,0.9539392014169465
12.236503385732245,0.592236824130425,-0.4305677502025069,0.6166352681907608,1.1624335286941239,-0.49998104392390674,0.9539392014169465
12.252211349000195,0.6017367868758838,-0.4121729731377918,0.5926060225559122,1.17939110700755,-0.4999824659880161,0.9539392014169465
12.267919312268143,0.6108540913997722,-0.39351608582766645,0.5679207565369754,1.1957900561333643,-0.49998387201011363,0.9539392014169465
12.283627275536093,0.619578543641461,-0.37460612058194875,0.5425945926981899,1.2115977121892394,-0.4999852564415843,0.9539392014169464
12.29933523880404,0.627900203262754,-0.3554526211104673,0.516644726633373,1.226781700578414,-0.4999866135419295,0.9539392014169465
12.31504320207199,0.6358094164185342,-0.3360656368009934,0.4900904470720268,1.2413100889214759,-0.49998793741752423,0.9539392014169465
12.330751165339938,0.6432968487439142,-0.31645571454864135,0.46295314286261907,1.2551515453035333,-0.49998922206522034,0.9539392014169467
12.346459128607888,0.6503535183442694,-0.29663388806231883,0.43525629593691384,1.268275500606961,-0.4999904614204671,0.9539392014169465
12.362167091875836,0.6569708285613555,-0.27661166459429387,0.4070254594852578,1.280652313556868,-0.49999164940948226,0.9539392014169468
12.377875055143786,0.6631406002776985,-0.2564010090615886,0.3782882207224335,1.292253436976631,-0.49999278000488845,0.953939201416947
12.393583018411736,0.6688551035129671,-0.23601432555247445,0.3490741477957046,1.3030515836383123,-0.4999938472840968,0.9539392014169471
12.409290981679684,0.6741070880604296,-0.21546443623752193,0.3194147205788882,1.3130208900015394,-0.4999948454896084,0.9539392014169472
12.424998944947633,0.678889812909158,-0.19476455773208678,0.2893432453058161,1.322137076068188,-0.4999957690903001,0.9539392014169473
12.440706908215581,0.6831970741986155,-0.17392827498537683,0.25889475321979055,1.3303775995422817,-0.49999661284267904,0.9539392014169472
12.456414871483531,0.6870232314568404,-0.1529695127998622,0.22810588364832377,1.3377218024776747,-0.49999737185102444,0.9539392014169473
12.47212283475148,0.6903632318817174,-0.1319025051132692,0.1970147521497368,1.3441510486223531,-0.49999804162531025,0.9539392014169473
12.487830798019429,0.6932126324368647,-0.11074176220319217,0.16566080461478516,1.3496488497288281,-0.49999861813577895,0.9539392014169474
12.503538761287377,0.6955676195493733,-0.08950203600092918,0.1340846584368019,1.3542009791953853,-0.49999909786308205,0.9539392014169474
12.519246724555327,0.6974250262159062,-0.0681982837259489,0.10232793208220685,1.3577955715322423,-0.4999994778429433,0.9539392014169474
12.534954687823276,0.6987823463462381,-0.04684563007490471,0.07043306459401469,1.3604232063082256,-0.4999997557043997,0.9539392014169473
12.550662651091224,0.6996377461988899,-0.02545932821883896,0.03844312673885473,1.3620769754247095,-0.49999992970079565,0.9539392014169473
12.566370614359174,0.6999900727916761,-0.004054719878723976,0.006401625658147558,1.3627525327806025,-0.49999999873283907,0.9539392014169472
12.582078577627122,0.6998388592002764,0.01735280523760529,-0.025647694997709462,1.3624481256305776,-0.49999996236320876,0.9539392014169471
12.597786540895072,0.699184326689813,0.038747850345058094,-0.057661057390354875,1.3611646071932952,-0.4999998208223919,0.9539392014169471
12.61349450416302,0.6980273836573189,0.060115052540454225,-0.0895948521625764,1.3589054303312418,-0.49999957500560477,0.9539392014169472
12.62920246743097,0.6963696213962789,0.08143912351357716,-0.12140583934206307,1.3556766223928562,-0.4999992264608789,0.9539392014169472
12.644910430698918,0.6942133067275197,0.10270488971598245,-0.1530513453990927,1.3514867415745233,-0.499998777368578,0.9539392014169472
12.660618393966868,0.6915613715730007,0.12389733170112247,-0.18448945444838527,1.3463468154185536,-0.49999823051279724,0.9539392014169472
12.676326357234815,0.6884173995799213,0.14500162236101188,-0.2156791916924271,1.340270262307508,-0.4999975892452895,0.9539392014169473
12.692034320502765,0.6847856099314695,0.1660031638000238,-0.24658069734374427,1.3332727970397034,-0.4999968574426953,0.9539392014169473
12.707742283770715,0.6806708385069997,0.18688762260512237,-0.27715538943295087,1.3253723217706925,-0.4999960394579933,0.9539392014169473
12.723450247038663,0.6760785165780157,0.2076409632934844,-0.3073661141032727,1.3165888037769857,-0.4999951400671865,0.9539392014169472
12.739158210306613,0.6710146472467068,0.2282494797425659,-0.3371772822054527,1.30694414163825,-0.4999941644122968,0.9539392014169472
12.75486617357456,0.6654857798506755,0.24869982443371383,-0.3665549912339442,1.2964620215406517,-0.49999311794179435,0.9539392014169473
12.77057413684251,0.6594989825707346,0.26897903536786877,-0.39546713188040195,1.285167765475898,-0.499992006349568,0.9539392014169474
12.786282100110459,0.6530618134881585,0.28907456054020875,-0.4238834787180552,1.2730881731478636,-0.4999908355135393,0.9539392014169472
12.801990063378408,0.6461822903435472,0.30897427988920256,-0.451775764765194,1.2602513594024247,-0.49998961143494736,0.9539392014169473
12.817698026646356,0.6388688592515961,0.32866652466396085,-0.47911773990271367,1.2466865889680334,-0.4999883401792826,0.9539392014169473
12.833405989914306,0.6311303626247182,0.3481400941815115,-0.5058852133349832,1.2324241102372357,-0.49998702781971227,0.9539392014169473
12.849113953182256,0.6229760065538672,0.3673842699722432,-0.5320560804813985,1.217494989735873,-0.4999856803837678,0.9539392014169473
12.864821916450204,0.6144153278873368,0.3863888273368775,-0.5576103348647441,1.2019309488207441,-0.49998430380391223,0.9539392014169474
12.880529879718154,0.6054581612380989,0.4051440443616179,-0.5825300657195479,1.1857642040219547,-0.49998290387249533,0.9539392014169474
12.896237842986102,0.5961146061377396,0.4236407084593288,-0.6067994421773834,1.1690273123070798,-0.4999814862014659,0.9539392014169473
12.911945806254051,0.5863949945406304,0.4418701205235153,-0.6304046849956676,1.1517530223947483,-0.49998005618708785,0.9539392014169473
12.927653769522,0.5763098588660298,0.45982409679838054,-0.6533340268817761,1.1339741330892352,-0.49997861897978935,0.9539392014169472
12.943361732789949,0.5658699007487101,0.47749496858225526,-0.6755776625256733,1.1157233594489193,-0.49997717945915365,0.9539392014169472
12.959069696057897,0.5550859606508296,0.49487557989321307,-0.6971276894927645,1.0970332074434344,-0.4999757422139749,0.9539392014169472
12.974777659325847,0.5439689884694651,0.5119592832347387,-0.7179780411457469,1.0779358576000946,-0.49997431152719807,0.9539392014169472
12.990485622593795,0.5325300152558069,0.5287399336059878,-0.7381244127616995,1.0584630579923375,-0.49997289136550926,0.9539392014169473
13.006193585861745,0.5207801261437908,0.5452118809055878,-0.7575641819905774,1.0386460267836983,-0.4999714853732591,0.9539392014169472
13.021901549129694,0.5087304345681632,0.5613699608802267,-0.7762963247659195,1.0185153644119436,-0.49997009687038374,0.9539392014169472
13.037609512397642,0.496392057834857,0.5772094847696368,-0.794321327730274,0.9981009753807369,-0.4999687288539305,0.9539392014169472
13.053317475665592,0.48377609409029204,0.5927262277981961,-0.8116410981789492,0.9774319995214543,-0.49996738400279384,0.9539392014169472
13.06902543893354,0.4708936007209516,0.6079164166604386,-0.8282588724584978,0.956536752495989,-0.4999660646852526,0.9539392014169472
13.08473340220149,0.45775557420043017,0.6227767161434964,-0.8441791236830296,0.9354426752327095,-0.4999647729688942,0.9539392014169471
13.100441365469438,0.44437293138818684,0.6373042150240932,-0.8594074695540603,0.914176291921983,-0.49996351063253575,0.953939201416947
13.116149328737388,0.43075649227251783,0.6514964113713769,-0.8739505809899839,0.8927631761444206,-0.49996227917975533,0.953939201416947
13.131857292005336,0.4169169641398002,0.6653511973798012,-0.8878160921910668,0.8712279246635954,-0.49996107985367577,0.953939201416947
13.147565255273285,0.4028649271428553,0.6788668438486313,-0.9010125126865224,0.8495941383846345,-0.49995991365266534,0.953939201416947
13.163273218541235,0.3886108212333156,0.6920419844166223,-0.9135491418329592,0.8278844099598688,-0.49995878134665706,0.953939201416947
13.178981181809183,0.3741649344160985,0.7048755996521457,-0.9254359861593018,0.8061203175116589,-0.49995768349380443,0.9539392014169471
13.194689145077133,0.3595373922784587,0.7173670010906634,-0.9366836798829512,0.784322423939555,-0.49995662045724143,0.9539392014169471
13.21039710834508,0.34473814874152114,0.7295158153030882,-0.9473034088560902,0.7625102812830686,-0.4999555924217276,0.953939201416947
13.22610507161303,0.3297769779786301,0.7413219680703191,-0.9573068381400691,0.7407024396214984,-0.49995459941000464,0.953939201416947
13.241813034880979,0.31466346744220003,0.7527856687311976,-0.9667060433500027,0.7189164600074793,-0.4999536412987078,0.953939201416947
13.257520998148928,0.2994070119389379,0.7639073947633619,-0.9755134458611983,0.6971689309502869,-0.49995271783371775,0.953939201416947
13.273228961416876,0.28401680869224394,0.7746878766490423,-0.9837417519238384,0.6754754879875485,-0.49995182864484244,0.9539392014169469
13.288936924684826,0.268501853330203,0.7851280830707785,-0.9914038956923642,0.653850835909112,-0.4999509732597669,0.953939201416947
13.304644887952776,0.25287093673776956,0.7952292064753984,-0.9985129861410991,0.6323087732236737,-0.4999501511172102,0.953939201416947
13.320352851220724,0.2371326427124541,0.8049926490383772,-1.0050822578075727,0.6108622184867514,-0.49994936157925207,0.953939201416947
13.336060814488674,0.22129534636395243,0.8144200090549337,-1.0111250252794883,0.589523238137134,-0.4999486039428178,0.9539392014169469
13.351768777756622,0.20536721319966578,0.823513067778898,-1.016654641320013,0.5683030755175952,-0.499947877450308,0.9539392014169469
13.367476741024571,0.18935619883986324,0.8322737767255194,-1.0216844585087175,0.5472121807839957,-0.49994718129938354,0.953939201416947
13.38318470429252,0.17327004930828724,0.8407042454499566,-1.0262277942617295,0.5262602414346124,-0.4999465146519233,0.953939201416947
13.39889266756047,0.15711630184624018,0.8488067298091931,-1.0302978990841252,0.50545621321833,-0.49994587664217116,0.953939201416947
13.414600630828417,0.14090228620057038,0.8565836207115368,-1.0339079278999364,0.4848083512060183,-0.4999452663841112,0.9539392014169471
13.430308594096367,0.12463512633845332,0.8640374333546712,-1.0370709143000723,0.4643242408338268,-0.4999446829781027,0.953939201416947
13.446016557364315,0.10832174254440281,0.8711707969504089,-1.0397997475456142,0.4440108287501476,-0.4999441255168091,0.9539392014169471
13.461724520632265,0.09196885385751509,0.877986444931829,-1.0421071521630483,0.4238744533195504,-0.4999435930904713,0.9539392014169471
13.477432483900214,0.07558298080951469,0.8844872056363399,-1.0440056699687805,0.40392087465704335,-0.4999430847915569,0.9539392014169473
13.493140447168162,0.05917044842671497,0.8906759934563704,-1.0455076443624602,0.3841553040845428,-0.4999425997188376,0.9539392014169473
13.508848410436112,0.042737389461503926,0.8965558004478354,-1.0466252067319988,0.3645824329184604,-0.49994213698093026,0.9539392014169473
13.52455637370406,0.02628974782140351,0.9021296883852157,-1.0473702648174918,0.3452064605128645,-0.4999416956993492,0.9539392014169472
13.54026433697201,0.009833282166113639,0.9074007812510249,-1.0477544928863383,0.3260311214967935,-0.4999412750111085,0.9539392014169471
13.555972300239958,-0.0066264303547706885,0.9123722581465753,-1.0477893235775388,0.3070597121570467,-0.4999408740709137,0.9539392014169471
13.571680263507908,-0.023083990248496507,0.9170473466102845,-1.0474859412792872,0.2882951159292254,-0.4999404920529794,0.9539392014169472
13.587388226775856,-0.039534171733386664,0.921429316329266,-1.0468552769104147,0.2697398279700087,-0.4999401281525152,0.9539392014169473
13.603096190043805,-0.05597191872163118,0.9255214732295961,-1.0459080039828978,0.2513959787927109,-0.499939781586904,0.9539392014169474
13.618804153311755,-0.07239234074982102,0.929327153930438,-1.0446545358293857,0.2332653569561516,-0.4999394515966129,0.9539392014169474
13.634512116579703,-0.08879070887463972,0.9328497205471006,-1.0431050238864723,0.21534943080386057,-0.4999391374458644,0.9539392014169474
13.650220079847653,-0.1051624515494645,0.9360925558281195,-1.0412693569311566,0.1976493692567134,-0.4999388384230884,0.9539392014169474
13.665928043115601,-0.12150315049607063,0.939059058611536,-1.0391571611745372,0.18016606166732824,-0.49993855384119423,0.9539392014169473
13.68163600638355,-0.13780853658417602,0.9417526395857223,-1.0367778011232403,0.16290013674902398,-0.4999382830376715,0.9539392014169474
13.697343969651499,-0.15407448573020815,0.9441767173403312,-1.0341403811253327,0.14585198059591586,-0.4999380253745519,0.9539392014169474
13.713051932919448,-0.17029701482541498,0.9463347146932388,-1.0312537475235055,0.12902175381387446,-0.49993778023824464,0.9539392014169475
13.728759896187396,-0.18647227770227603,0.9482300552796805,-1.0281264913440973,0.11240940778466187,-0.49993754703926674,0.9539392014169475
13.744467859455346,-0.20259656114709162,0.9498661603901455,-1.0247669514560505,0.09601470008764318,-0.49993732521188317,0.9539392014169474
13.760175822723294,-0.2186662809656354,0.9512464460440001,-1.021183218139146,0.07983720910510957,-0.4999371142136708,0.9539392014169474
13.775883785991244,-0.23467797810784286,0.9523743202862227,-1.0173831370058357,0.06387634783849108,-0.4999369135250211,0.9539392014169474
13.791591749259194,-0.2506283148566721,0.9532531806950756,-1.0133743132256865,0.048131376963631026,-0.49993672264858746,0.9539392014169474
13.807299712527142,-0.26651407108550706,0.9538864120889838,-1.0091641160058649,0.03260141715388199,-0.4999365411086947,0.9539392014169475
13.823007675795091,-0.2823321405877767,0.9542773844213481,-1.0047596832852332,0.0172854607001068,-0.4999363684507173,0.9539392014169475
13.83871563906304,-0.298079527481828,0.9544294508524774,-1.000167926603504,0.0021823824567608913,-0.49993620424042884,0.9539392014169472
13.85442360233099,-0.31375334269351374,0.9543459459882829,-0.9953955361105067,-0.012709049856871097,-0.4999360480633391,0.9539392014169473
13.870131565598937,-0.32935080051843635,0.9540301842758329,-0.9904489856839875,-0.027390165971483502,-0.49993589952401807,0.9539392014169473
13.885839528866887,-0.3448692152653165,0.9534854585463167,-0.9853345381274806,-0.04186238397021473,-0.4999357582454141,0.9539392014169474
13.901547492134835,-0.36030599798153223,0.9527150386964071,-0.9800582504226771,-0.056127201750912924,-0.4999356238681718,0.9539392014169473
13.917255455402785,-0.375658653261496,0.9517221704994444,-0.9746259790133918,-0.07018618902097451,-0.49993549604995347,0.9539392014169472
13.932963418670735,-0.3909247761381946,0.9505100745382894,-0.9690433851006841,-0.08404097979823558,-0.4999353744647648,0.9539392014169472
13.948671381938683,-0.40610204905791697,0.9490819452520981,-0.9633159399309611,-0.09769326539216584,-0.4999352588022924,0.9539392014169472
13.964379345206632,-0.4211882389379252,0.9474409500896771,-0.9574489300609654,-0.11114478784043325,-0.4999351487672505,0.9539392014169473
13.98008730847458,-0.43618119430658636,0.9455902287624551,-0.9514474625854623,-0.12439733377676056,-0.49993504407874334,0.9539392014169472
13.99579527174253,-0.4510788425252766,0.9435328925904848,-0.9453164703151807,-0.137452728706874,-0.49993494446964176,0.9539392014169472
14.011503235010478,-0.4658791870911825,0.9412720239352412,-0.9390607168941588,-0.15031283167023698,-0.4999348496859753,0.9539392014169472
14.027211198278428,-0.4805803050199711,0.9388106757133298,-0.9326848018470936,-0.16297953026616285,-0.4999347594863439,0.9539392014169472
14.042919161546376,-0.4951803443071593,0.9361518709855442,-0.926193165548615,-0.17545473602380066,-0.4999346736413467,0.9539392014169471
14.058627124814326,-0.5096775214668972,0.9332986026160307,-0.9195900941076022,-0.18774038009638344,-0.49993459193302864,0.9539392014169472
14.074335088082275,-0.5240701191467831,0.9302538329966147,-0.9128797241607448,-0.19983840926101162,-0.49993451415434825,0.9539392014169472
14.090043051350223,-0.5383564838172419,0.927020493831636,-0.9060660475705321,-0.21175078220611354,-0.4999344401086625,0.9539392014169471
14.105751014618173,-0.5525350235339304,0.9236014859789085,-0.8991529160237378,-0.22347946608957628,-0.4999343696092334,0.9539392014169472
14.121458977886121,-0.566604205771582,0.9199996793426841,-0.8921440455272633,-0.23502643335136855,-0.4999343024787513,0.9539392014169471
14.13716694115407,-0.5805625553276537,0.9162179128147477,-0.8850430207989173,-0.24639365876528485,-0.4999342385488794,0.953939201416947
14.152874904422019,-0.59440865229411,0.9122589942600028,-0.8778532995513464,-0.25758311671522083,-0.4999341776598154,0.953939201416947
14.168582867689969,-0.6081411300956543,0.9081257005431347,-0.8705782166679059,-0.2685967786821451,-0.49993411965987355,0.953939201416947
14.184290830957917,-0.6217586735927019,0.9038207775931457,-0.863220988269765,-0.2794366109286613,-0.4999340644050816,0.953939201416947
14.199998794225866,-0.6352600172473823,0.8993469405027597,-0.8557847156739914,-0.29010457236875353,-0.49993401175879987,0.9539392014169471
14.215706757493814,-0.6486439433508603,0.8947068736598809,-0.8482723892427613,-0.3006026126109823,-0.4999339615913529,0.9539392014169472
14.231414720761764,-0.6619092803102636,0.889903230908474,-0.8406868921241876,-0.31093267016404086,-0.49993391377968127,0.9539392014169471
14.247122684029714,-0.6750549009935262,0.8849386357363969,-0.8330310038855706,-0.32109667079419957,-0.4999338682070071,0.9539392014169472
14.262830647297662,-0.6880797211304581,0.8798156814878821,-0.8253074040401404,-0.3310965260247541,-0.4999338247625171,0.9539392014169472
14.278538610565612,-0.7009826977683838,0.8745369315985122,-0.8175186754685938,-0.34093413176815557,-0.499933783341059,0.9539392014169473
14.29424657383356,-0.713762827780704,0.8691049198506735,-0.8096673077369301,-0.35061136708203533,-0.4999337438428536,0.9539392014169472
14.30995453710151,-0.7264191464267654,0.8635221506476121,-0.801755700312258,-0.3601300930408471,-0.4999337061732202,0.9539392014169471
14.325662500369457,-0.7389507259614513,0.8577910993043361,-0.7937861656783943,-0.3694921517153322,-0.4999336702423157,0.9539392014169472
14.341370463637407,-0.7513566742929301,0.8519142123537323,-0.7857609323531927,-0.37869936525247433,-0.4999336359648857,0.9539392014169472
14.357078426905355,-0.7636361336870379,0.8458939078663732,-0.7776821478096425,-0.3877535350490453,-0.49993360326003,0.9539392014169472
14.372786390173305,-0.7757882795167971,0.8397325757825967,-0.7695518813028588,-0.39665644101225656,-0.49993357205097677,0.9539392014169472
14.388494353441255,-0.7878123190556106,0.8334325782555413,-0.7613721266051457,-0.40540984090142296,-0.49993354226487074,0.9539392014169472
14.404202316709203,-0.7997074903127047,0.8269962500039075,-0.7531448046513667,-0.4140154697449149,-0.49993351383257056,0.9539392014169471
14.419910279977152,-0.811473060909431,0.8204258986733098,-0.7448717660968871,-0.42247503932702485,-0.4999334866884568,0.9539392014169472
14.4356182432451,-0.8231083269950691,0.8137238052051592,-0.7365547937903804,-0.43079023773970604,-0.4999334607702499,0.9539392014169472
14.45132620651305,-0.8346126122008132,0.8068922242120972,-0.7281956051637971,-0.43896272899445155,-0.49993343601883783,0.9539392014169472
14.467034169780998,-0.8459852666306588,0.7999333843590721,-0.7197958545418033,-0.4469941526898783,-0.49993341237811123,0.9539392014169472
14.482742133048948,-0.8572256658879424,0.792849488749216,-0.7113571353729847,-0.45488612373085774,-0.4999333897948083,0.9539392014169472
14.498450096316896,-0.8683332101363231,0.7856427153137442,-0.7028809823851032,-0.4626402320952968,-0.49993336821836787,0.9539392014169471
14.514158059584846,-0.8793073231940325,0.7783152172051594,-0.6943688736666714,-0.47025804264492016,-0.49993334760078817,0.9539392014169472
14.529866022852794,-0.8901474516602496,0.7708691231930962,-0.6858222326770869,-0.47774109497663586,-0.499933327896496,0.9539392014169472
14.545573986120743,-0.9008530640725014,0.7633065380621941,-0.6772424301875375,-0.4850909033112875,-0.4999333090622196,0.9539392014169473
14.561281949388693,-0.9114236500940143,0.7556295430114365,-0.6686307861548578,-0.49230895641679967,-0.4999332910568711,0.9539392014169473
14.576989912656641,-0.9218587197299821,0.7478401960544393,-0.6599885715304759,-0.4993967175629178,-0.49993327384143205,0.9539392014169472
14.592697875924591,-0.932157802571748,0.7399405324202113,-0.6513170100065543,-0.5063556245049265,-0.49993325737884725,0.9539392014169474
14.608405839192539,-0.9423204470679287,0.7319325649539538,-0.642617279701384,-0.5131870894938999,-0.4999332416339239,0.9539392014169472
14.624113802460489,-0.9523462198215452,0.7238182845174996,-0.6338905147860476,-0.5198924993111989,-0.49993322657323447,0.9539392014169472
14.639821765728437,-0.9622347049122497,0.7155996603890288,-0.6251378070543206,-0.5264732153250816,-0.499933212165027,0.9539392014169472
14.655529728996386,-0.9719855032427761,0.7072786406617289,-0.6163602074377363,-0.5329305735674342,-0.49993319837913763,0.9539392014169472
14.671237692264334,-0.9815982319087645,0.6988571526411003,-0.6075587274676882,-0.5392658848287621,-0.4999331851869101,0.9539392014169472
14.686945655532284,-0.9910725235911447,0.6903371032406325,-0.5987343406863994,-0.545480434769707,-0.49993317256111774,0.9539392014169472
14.702653618800234,-1.0004080259702877,0.6817203793756055,-0.5898879840085364,-0.5515754840474713,-0.49993316047589054,0.9539392014169471
14.718361582068182,-1.0096044011611656,0.6730088483547947,-0.5810205590352003,-0.557552268455642,-0.4999331489066454,0.953939201416947
14.734069545336132,-1.0186613251687837,0.6642043582698797,-0.5721329333219761,-0.5634119990760081,-0.4999331378300207,0.953939201416947
14.74977750860408,-1.0275784873631766,0.6553087383823794,-0.5632259416026745,-0.5691558624410621,-0.4999331272238142,0.9539392014169471
14.76548547187203,-1.0363555899732853,0.6463237995079557,-0.5543003869703526,-0.5747850207059663,-0.4999331170669232,0.953939201416947
14.781193435139977,-1.0449923475990568,0.6372513343979462,-0.5453570420171536,-0.5803006118288501,-0.49993310733929025,0.953939201416947
14.796901398407927,-1.0534884867411307,0.628093118118004,-0.5363966499344557,-0.5857037497583816,-0.499933098021848,0.953939201416947
14.812609361675875,-1.0618437453474996,0.618850908423737,-0.5274199255747782,-0.5909955246276326,-0.4999330890964715,0.9539392014169471
14.828317324943825,-1.0700578723765568,0.6095264461332578,-0.5184275564768461,-0.5961770029533242,-0.499933080545929,0.9539392014169472
14.844025288211773,-1.0781306273759614,0.6001214554965635,-0.5094202038551695,-0.601249227839606,-0.49993307235383755,0.9539392014169472
14.859733251479723,-1.0860617800767731,0.5906376445616833,-0.500398503555452,-0.6062132191855817,-0.4999330645046204,0.9539392014169472
14.875441214747672,-1.0938511100023327,0.5810767055375391,-0.4913630669771,-0.6110699738958506,-0.4999330569834666,0.953939201416947
14.89114917801562,-1.101498406091379,0.5714403151534783,-0.48231448196406235,-0.6158204660933877,-0.4999330497762925,0.9539392014169471
14.90685714128357,-1.1090034663349153,0.5617301350154468,-0.4732533136651903,-0.6204656473341343,-0.49993304286970586,0.953939201416947
14.922565104551518,-1.1163660974263547,0.5519478119587806,-0.4641801053652689,-0.6250064468227182,-0.4999330362509715,0.9539392014169469
14.938273067819468,-1.1235861144244956,0.5420949783976016,-0.4550953792878316,-0.629443771628763,-0.4999330299079788,0.9539392014169468
14.953981031087416,-1.1306633404288877,0.5321732526708128,-0.44599963737083453,-0.63377850690329,-0.4999330238292104,0.9539392014169468
14.969688994355366,-1.1375976062671749,0.5221842393846967,-0.43689336201622847,-0.6380115160947507,-0.49993301800371387,0.9539392014169467
14.985396957623314,-1.1443887501940109,0.5121295297521232,-0.42777701681443436,-0.6421436411642647,-0.49993301242107335,0.9539392014169465
15.001104920891263,-1.1510366176011626,0.5020107019283861,-0.4186510472446928,-0.6461757027996685,-0.49993300707138355,0.9539392014169467
15.016812884159213,-1.1575410607384269,0.4918293213436867,-0.40951588135222505,-0.6501085006280145,-0.4999330019452254,0.9539392014169467
15.032520847427161,-1.1639019384450076,0.4815869410322937,-0.4003719304031127,-0.6539428134261839,-0.49993299703364164,0.9539392014169468
15.048228810695111,-1.1701191158910067,0.4712851019584113,-0.3912195895177716,-0.6576793993293061,-0.4999329923281155,0.9539392014169468
15.063936773963059,-1.176192464328702,0.4609253333387907,-0.38205923828386607,-0.6613189960367017,-0.49993298782054907,0.9539392014169468
15.079644737231009,-1.182121860853294,0.45050915296212846,-0.37289124134948165,-0.6648623210150875,-0.4999329835032431,0.9539392014169469
15.095352700498957,-1.1879071881728174,0.4400380675052942,-0.3637159489973464,-0.6683100716988042,-0.4999329793688788,0.9539392014169469
15.111060663766906,-1.193548334386929,0.42951357284643815,-0.35453369770086424,-0.6716629256868485,-0.4999329754104995,0.953939201416947
15.126768627034854,-1.199045192774288,0.4189371543750299,-0.3453448106626997,-0.6749215409365058,-0.4999329716214936,0.953939201416947
15.142476590302804,-1.2043976615882621,0.40831028729888186,-0.3361495983366259,-0.678086555953402,-0.4999329679955784,0.953939201416947
15.158184553570754,-1.2096056438607032,0.3976344369482177,-0.3269483589333278,-0.6811585899778033,-0.4999329645267855,0.9539392014169472
15.173892516838702,-1.214669047213544,0.38691105907684337,-0.3177413789108265,-0.6841382431670122,-0.4999329612094456,0.953939201416947
15.189600480106652,-1.2195877836779805,0.3761416001604846,-0.3085289334501705,-0.6870260967737177,-0.49993295803817556,0.953939201416947
15.2053084433746,-1.2243617695210134,0.36532749769235556,-0.2993112869170189,-0.689822713320173,-0.49993295500786505,0.9539392014169469
15.22101640664255,-1.2289909250791307,0.3544701804760243,-0.2900886933097198,-0.6925286367680837,-0.4999329521136645,0.9539392014169469
15.236724369910498,-1.233475174598926,0.34357106891564393,-0.28086139669447024,-0.6951443926841019,-0.49993294935097365,0.9539392014169469
15.252432333178447,-1.2378144460844538,0.3326315753036192,-0.271629631628123,-0.697670488400829,-0.49993294671543037,0.9539392014169468
15.268140296446395,-1.2420086711511282,0.32165310410577946,-0.2623936235691901,-0.700107413173243,-0.49993294420290096,0.9539392014169468
15.283848259714345,-1.2460577848859915,0.3106370522441311,-0.2531535892775743,-0.7024556383304692,-0.49993294180946946,0.9539392014169468
15.299556222982293,-1.2499617257141713,0.2995848093772622,-0.24390973720354478,-0.7047156174228271,-0.49993293953142937,0.9539392014169468
15.315264186250243,-1.2537204352713682,0.28849775817847556,-0.2346622678664568,-0.706887786364087,-0.49993293736527433,0.9539392014169468
15.330972149518193,-1.2573338582822111,0.27737727461172446,-0.22541137422370142,-0.7089725635688823,-0.4999329353076905,0.9539392014169468
15.34668011278614,-1.2608019424443357,0.2662247282054283,-0.2161572420303563,-0.7109703500852242,-0.4999329333555482,0.9539392014169467
15.36238807605409,-1.2641246383180391,0.2550414823242454,-0.20690005018999602,-0.7128815297220756,-0.49993293150589546,0.9539392014169467
15.378096039322038,-1.2673018992213783,0.243828894438881,-0.19763997109710696,-0.7147064691719414,-0.49993292975595016,0.9539392014169468
15.393804002589988,-1.270333681130583,0.23258831639400868,-0.1883771709715402,-0.7164455181284407,-0.49993292810309486,0.9539392014169468
15.409511965857936,-1.2732199425856607,0.22132109467438457,-0.17911181018542408,-0.71809900939883,-0.4999329265448696,0.9539392014169468
15.425219929125886,-1.27596064460108,0.21002857066923397,-0.16984404358294758,-0.7196672590114461,-0.49993292507896686,0.9539392014169468
15.440927892393834,-1.2785557505814225,0.19871208093499,-0.16057402079341473,-0.7211505663180474,-0.49993292370322634,0.9539392014169468
15.456635855661784,-1.2810052262418998,0.187372957456465,-0.15130188653796153,-0.7225492140910298,-0.4999329224156299,0.9539392014169469
15.472343818929733,-1.283309039533642,0.1760125279065354,-0.14202778093031662,-0.7238634686154988,-0.49993292121429667,0.9539392014169469
15.488051782197681,-1.2854671605736634,0.16463211590442026,-0.13275183977197938,-0.7250935797761818,-0.49993292009747914,0.953939201416947
15.503759745465631,-1.287479561579424,0.15323304127263562,-0.12347419484218038,-0.7262397811391658,-0.4999329190635592,0.9539392014169471
15.519467708733579,-1.2893462168079046,0.14181662029270561,-0.1141949741829819,-0.7273022900284474,-0.49993291811104446,0.9539392014169472
15.535175672001529,-1.2910671024991254,0.1303841659597116,-0.1049143023798692,-0.7282813075972866,-0.4999329172385646,0.9539392014169473
15.550883635269477,-1.2926421968240356,0.1189369882357616,-0.09563230083817674,-0.7291770188943534,-0.4999329164448685,0.9539392014169472
15.566591598537427,-1.2940714798367163,0.10747639430246156,-0.08634908805568735,-0.7299895929246595,-0.49993291572882137,0.9539392014169472
15.582299561805375,-1.295354933430835,0.09600368881247047,-0.07706477989173731,-0.7307191827052703,-0.49993291508940235,0.9539392014169473
15.598007525073324,-1.2964925413003006,0.08452017414022141,-0.06777948983315463,-0.7313659253157896,-0.4999329145257017,0.9539392014169474
15.613715488341272,-1.297484288904074,0.07302715063189061,-0.05849332925735389,-0.7319299419436137,-0.49993291403691975,0.9539392014169474
15.629423451609222,-1.2983301634350897,0.0615259168546968,-0.04920640769290652,-0.7324113379239505,-0.49993291362236425,0.9539392014169475
15.645131414877172,-1.29903015379325,0.05001776984561306,-0.03991883307790182,-0.7328102027746002,-0.49993291328144873,0.9539392014169475
15.66083937814512,-1.299584250562464,0.03850400535957349,-0.030630712016411096,-0.7331266102254954,-0.4999329130136919,0.9539392014169475
15.67654734141307,-1.2999924459916998,0.026985918117257014,-0.0213421500333642,-0.7333606182429986,-0.49993291281871616,0.9539392014169475
15.692255304681018,-1.3002547339800303,0.015464802052530754,-0.012053251828145768,-0.733512269048954,-0.4999329126962467,0.9539392014169477
15.707963267948967,-1.3003711100656516,0.003941950559635279,-0.0027641215272164975,-0.7335815891344938,-0.4999329126461112,0.9539392014169477
15.723671231216915,-1.3003415714188655,-0.0075813432598057645,0.006525137063936554,-0.7335685892685976,-0.49993291266823897,0.9539392014169474
15.739379194484865,-1.3001661168390142,-0.01910378634986927,0.01581442020921768,-0.7334732645014024,-0.4999329127626612,0.9539392014169474
15.755087157752813,-1.2998447467553649,-0.03062408545342706,0.025103623990405697,-0.7332955941622653,-0.4999329129295107,0.9539392014169474
15.770795121020763,-1.2993774632319466,-0.04214094686516862,0.034392644055400226,-0.7330355418525764,-0.49993291316902283,0.9539392014169473
15.786503084288713,-1.2987642699763449,-0.05365307618446973,0.043681375365928254,-0.7326930554333225,-0.4999329134815347,0.9539392014169473
15.80221104755666,-1.2980051723524635,-0.06515917806802447,0.05296971194440754,-0.7322680670074032,-0.499932913867488,0.9539392014169473
15.81791901082461,-1.2971001773972717,-0.07665795598215829,0.06225754661966194,-0.7317604928966966,-0.4999329143274277,0.9539392014169473
15.833626974092558,-1.2960492938415549,-0.08814811195473955,0.07154477077118235,-0.7311702336138792,-0.4999329148620053,0.9539392014169472
15.849334937360508,-1.2948525321346964,-0.09962834632660725,0.08083127407162466,-0.7304971738289987,-0.49993291547197843,0.9539392014169472
15.865042900628456,-1.2935099044735177,-0.11109735750243244,0.09011694422723367,-0.729741182330802,-0.49993291615821384,0.9539392014169472
15.880750863896406,-1.2920214248352142,-0.12255384170093103,0.09940166671587879,-0.7289021119828207,-0.49993291692168934,0.9539392014169474
15.896458827164354,-1.290387109014426,-0.1339964927043456,0.10868532452238407,-0.7279797996742174,-0.499932917763495,0.9539392014169477
15.912166790432304,-1.2886069746644888,-0.14542400160711394,0.11796779787083111,-0.7269740662653948,-0.49993291868483686,0.9539392014169475
15.927874753700252,-1.2866810413429144,-0.15683505656364222,0.12724896395350896,-0.7258847165283737,-0.4999329196870385,0.9539392014169475
15.943582716968201,-1.2846093305611563,-0.1682283425351004,0.13652869665618034,-0.7247115390819436,-0.4999329207715445,0.9539392014169475
15.959290680236151,-1.282391865838722,-0.1796025410351581,0.14580686627932826,-0.7234543063215936,-0.49993292193992417,0.9539392014169475
15.9749986435041,-1.2800286727616954,-0.1909563298745786,0.15508333925504117,-0.7221127743442303,-0.4999329231938742,0.9539392014169477
15.990706606772049,-1.277519779045744,-0.2022883829045899,0.16435797785918851,-0.720686682867692,-0.4999329245352233,0.9539392014169478
16.006414570039997,-1.2748652146036827,-0.21359736975895002,0.1736306399185319,-0.7191757551450706,-0.49993292596593586,0.9539392014169478
16.022122533307947,-1.2720650116176826,-0.22488195559462637,0.18290117851240936,-0.7175796978738525,-0.4999329274881165,0.9539392014169478
16.037830496575896,-1.2691192046162076,-0.23614080083100683,0.19216944166862313,-0.7158982010998942,-0.49993292910401543,0.9539392014169478
16.053538459843843,-1.2660278305557766,-0.24737256088756215,0.20143527205315187,-0.7141309381162495,-0.49993293081603224,0.9539392014169479
16.069246423111792,-1.2627909289076473,-0.2585758859198788,0.21069850665330045,-0.7122775653568667,-0.49993293262672317,0.9539392014169479
16.084954386379742,-1.259408541749533,-0.2697494205539817,0.21995897645389012,-0.7103377222851806,-0.49993293453880566,0.9539392014169479
16.100662349647692,-1.2558807138624606,-0.2808918036188671,0.22921650610608235,-0.7083110312776217,-0.49993293655516496,0.9539392014169478
16.11637031291564,-1.2522074928328892,-0.2920016678771656,0.2384709135884186,-0.706197097502076,-0.4999329386788612,0.9539392014169478
16.132078276183588,-1.2483889291602184,-0.30307763975385665,0.24772200985964718,-0.7039955087913241,-0.49993294091313595,0.9539392014169477
16.147786239451538,-1.2444250763698135,-0.3141183390629559,0.25696959850289675,-0.7017058355115007,-0.4999329432614199,0.9539392014169475
16.163494202719487,-1.240315991131692,-0.3251223787320969,0.26621347536074313,-0.699327630425615,-0.49993294572734087,0.9539392014169477
16.179202165987437,-1.2360617333850143,-0.3360883645249306,0.2754534281607028,-0.69686042855218,-0.4999329483147326,0.9539392014169477
16.194910129255383,-1.2316623664685342,-0.3470148947612665,0.28468923613067343,-0.6943037470190037,-0.4999329510276436,0.9539392014169475
16.210618092523333,-1.2271179572571722,-0.35790056003487836,0.2939206696038268,-0.6916570849122018,-0.4999329538703462,0.9539392014169477
16.226326055791283,-1.2224285763048783,-0.3687439429289016,0.30314748961244353,-0.6889199231204982,-0.49993295684734684,0.9539392014169475
16.242034019059233,-1.2175942979939656,-0.3795436177287484,0.3123694474701648,-0.686091724174887,-0.4999329599633973,0.9539392014169475
16.257741982327182,-1.2126152006910966,-0.39029815013246744,0.32158628434211806,-0.6831719320837372,-0.4999329632235054,0.9539392014169475
16.27344994559513,-1.2074913669101213,-0.40100609695847855,0.3307977308023569,-0.6801599721634323,-0.4999329666329473,0.9539392014169475
16.28915790886308,-1.202222883481968,-0.41166600585061225,0.34000350637803767,-0.6770552508646424,-0.49993297019727945,0.9539392014169474
16.30486587213103,-1.196809841731801,-0.42227641498038615,0.34920331907973434,-0.6738571555943413,-0.499932973922353,0.9539392014169472
16.320573835398978,-1.1912523376636672,-0.43283585274645325,0.3583968649172767,-0.6705650545336899,-0.4999329778143268,0.9539392014169474
16.336281798666924,-1.1855504721528638,-0.443342837471157,0.36758382740047246,-0.6671782964519174,-0.49993298187968305,0.9539392014169475
16.351989761934874,-1.17970435114627,-0.4537958770941322,0.3767638770240555,-0.6636962105163514,-0.49993298612524306,0.9539392014169474
16.367697725202824,-1.1737140858708959,-0.46419346886289253,0.3859366707361779,-0.6601181060987531,-0.4999329905581833,0.9539392014169474
16.383405688470773,-1.167579793050913,-0.47453409902034677,0.3951018513897412,-0.6564432725781374,-0.499932995186053,0.9539392014169475
16.399113651738723,-1.1613015951334387,-0.48481624248919175,0.40425904717583816,-0.6526709791402683,-0.4999330000167934,0.9539392014169475
16.41482161500667,-1.154879620523365,-0.49503836255313,0.41340787103854987,-0.6488004745740417,-0.4999330050587567,0.9539392014169475
16.43052957827462,-1.1483140038275297,-0.5051989105348655,0.4225479200703185,-0.6448309870649835,-0.49993301032072673,0.9539392014169475
16.44623754154257,-1.1416048861085395,-0.515296325470834,0.43167877488708745,-0.640761723986115,-0.49993301581194083,0.9539392014169478
16.46194550481052,-1.1347524151485706,-0.5253290337826286,0.4407999989823734,-0.636591871686455,-0.4999330215421131,0.9539392014169478
16.477653468078465,-1.1277567457234854,-0.5352954489450855,0.4499111380594051,-0.6323205952774589,-0.49993302752145824,0.9539392014169477
16.493361431346415,-1.1206180398876142,-0.5451939711510005,0.45901171934043344,-0.6279470384177116,-0.4999330337607179,0.9539392014169479
16.509069394614365,-1.1133364672695703,-0.5550229869724511,0.4681012508522866,-0.6234703230962272,-0.4999330402711869,0.9539392014169479
16.524777357882314,-1.1059122053794768,-0.5647808690187043,0.4771792206872107,-0.618889549414732,-0.49993304706474234,0.9539392014169479
16.54048532115026,-1.0983454399280037,-0.5744659755906993,0.48624509623800405,-0.6142037953693419,-0.4999330541538738,0.9539392014169479
16.55619328441821,-1.090636365157623,-0.5840766503320972,0.4952983234064179,-0.6094121166320785,-0.4999330615517148,0.9539392014169478
16.57190124768616,-1.0827851841865141,-0.5936112218768987,0.5043383257837607,-0.6045135463327044,-0.49993306927207687,0.9539392014169478
16.58760921095411,-1.0747921093655626,-0.6030680034936405,0.5133645038026069,-0.5995070948413977,-0.49993307732948455,0.9539392014169479
16.60331717422206,-1.066657362648914,-0.6124452927261856,0.522376233858473,-0.5943917495528277,-0.4999330857392132,0.9539392014169479
16.619025137490006,-1.058381175978566,-0.621741371031136,0.5313728674002846,-0.5891664746722377,-0.49993309451732837,0.9539392014169479
16.634733100757956,-1.0499637916834972,-0.6309545034119026,0.5403537299884184,-0.5838302110041905,-0.49993310368072763,0.9539392014169479
16.650441064025905,-1.0414054628938512,-0.6400829380494815,0.5493181203190619,-0.5783818757446817,-0.4999331132471847,0.9539392014169479
16.666149027293855,-1.0327064539707158,-0.6491249059299924,0.558265309213592,-0.5728203622773829,-0.4999331232353955,0.9539392014169478
16.6818569905618,-1.0238670409520567,-0.6580786204690541,0.5671945385716289,-0.5671445399748339,-0.49993313366502784,0.9539392014169479
16.69756495382975,-1.014887512015387,-0.6669422771330773,0.5761050202863808,-0.5613532540054683,-0.4999331445567725,0.9539392014169479
16.7132729170977,-1.005768167957778,-0.675714053057577,0.5849959351208457,-0.5554453251474211,-0.4999331559323992,0.9539392014169479
16.72898088036565,-0.9965093226938319,-0.6843921066626166,0.5938664315433958,-0.549419549610142,-0.499933167814813,0.9539392014169481
16.7446888436336,-0.9871113037722747,-0.6929745772655155,0.6027156245212183,-0.5432746988649145,-0.49993318022811584,0.9539392014169481
16.760396806901547,-0.9775744529118354,-0.7014595846909689,0.611542594270043,-0.5370095194854599,-0.4999331931976707,0.9539392014169481
16.776104770169496,-0.9678991265571146,-0.7098452288787486,0.6203463849585374,-0.5306227329998986,-0.49993320675017083,0.9539392014169482
16.791812733437446,-0.9580856964551682,-0.7181295894891712,0.6291260033657027,-0.5241130357554297,-0.49993322091370873,0.9539392014169483
16.807520696705396,-0.9481345502535546,-0.7263107255065476,0.6378804174895529,-0.5174790987971932,-0.4999332357178551,0.9539392014169482
16.823228659973342,-0.9380460921206284,-0.7343866748408464,0.6466085551053162,-0.5107195677628851,-0.4999332511937362,0.9539392014169482
16.838936623241292,-0.9278207433888829,-0.7423554539278319,0.6553093022713402,-0.5038330627948082,-0.4999332673741196,0.9539392014169482
16.85464458650924,-0.9174589432221814,-0.7502150573279646,0.6639815017808434,-0.4968181784711657,-0.49993328429350314,0.9539392014169482
16.87035254977719,-0.9069611493077406,-0.7579634573243806,0.6726239515576,-0.4896734837585314,-0.4999333019882084,0.9539392014169481
16.88606051304514,-0.8963278385737624,-0.7655986035202997,0.681235402993602,-0.48239752198757024,-0.49993332049648054,0.9539392014169481
16.901768476313087,-0.8855595079336408,-0.7731184224362414,0.6898145592266923,-0.4749888108542294,-0.49993333985859234,0.9539392014169481
16.917476439581037,-0.8746566750577037,-0.7805208171074698,0.6983600733561234,-0.4674458424487765,-0.49993336011695577,0.9539392014169481
16.933184402848987,-0.8636198791734804,-0.7878036666821231,0.7068705465939448,-0.45976708331522925,-0.49993338131623744,0.953939201416948
16.948892366116937,-0.8524496818955183,-0.7949648260205251,0.715344526350089,-0.45195097454389704,-0.4999334035034823,0.9539392014169481
16.964600329384883,-0.8411466680858093,-0.8020021252962217,0.7237805042489827,-0.44399593189994535,-0.4999334267282436,0.9539392014169481
16.980308292652833,-0.829711446745917,-0.8089133695993315,0.7321769140754738,-0.43590034599109395,-0.4999334510427195,0.9539392014169481
16.996016255920782,-0.8181446519419336,-0.8156963385428505,0.740532129647839,-0.42766258247777333,-0.4999334765018978,0.9539392014169481
17.011724219188732,-0.8064469437634284,-0.8223487858726056,0.7488444626156007,-0.4192809823292914,-0.4999335031637081,0.9539392014169481
17.027432182456682,-0.7946190093175879,-0.8288684390816067,0.7571121601798685,-0.410753862129803,-0.49993353108918237,0.9539392014169481
17.043140145724628,-0.7826615637597826,-0.8352529990296119,0.7653334027338982,-0.4020795144381313,-0.49993356034262404,0.9539392014169481
17.058848108992578,-0.7705753513618309,-0.8415001395687846,0.7735063014215546,-0.3932562082057609,-0.49993359099178813,0.9539392014169481
17.074556072260528,-0.7583611466192688,-0.8476075071763899,0.7816288956113635,-0.38428218925761215,-0.49993362310806655,0.9539392014169481
17.090264035528477,-0.7460197553989691,-0.8535727205955558,0.7896991502838423,-0.3751556808405089,-0.499933656766689,0.9539392014169481
17.105971998796424,-0.7335520161284905,-0.8593933704852001,0.7977149533298215,-0.3658748842445786,-0.4999336920469297,0.9539392014169481
17.121679962064373,-0.7209588010285721,-0.8650670190803137,0.8056741127574923,-0.35643797950316375,-0.4999337290323283,0.9539392014169481
17.137387925332323,-0.7082410173902264,-0.8705911998638755,0.8135743538059634,-0.34684312617718666,-0.4999337678109205,0.9539392014169482
17.153095888600273,-0.6953996088979134,-0.8759634172517773,0.8214133159631605,-0.3370884642302933,-0.49993380847548247,0.9539392014169481
17.168803851868223,-0.6824355570003194,-0.881181146292233,0.8291885498859806,-0.3271721150015061,-0.4999338511237855,0.9539392014169481
17.18451181513617,-0.6693498823302878,-0.886241832381259,0.8368975142207004,-0.3170921822825425,-0.4999338958588659,0.9539392014169482
17.20021977840412,-0.6561436461754864,-0.8911428909959289,0.8445375723217494,-0.3068467535074075,-0.49993394278930814,0.9539392014169482
17.21592774167207,-0.6428179520014221,-0.8958817074472265,0.8521059888670953,-0.2964339010623429,-0.4999339920295417,0.9539392014169481
17.231635704940018,-0.629373947028439,-0.9004556366544532,0.8595999263686448,-0.2858516837247153,-0.4999340437001531,0.9539392014169481
17.247343668207964,-0.6158128238643614,-0.904862002943285,0.8670164415762525,-0.2750981482399507,-0.49993409792821286,0.9539392014169482
17.263051631475914,-0.6021358221944637,-0.9090980998697211,0.874352481774148,-0.2641713310461764,-0.4999341548476194,0.9539392014169483
17.278759594743864,-0.5883442305304647,-0.913161190072322,0.8816048809688436,-0.25306926015680803,-0.4999342145994589,0.9539392014169482
17.294467558011814,-0.5744393880202574,-0.9170485051553013,0.888770355967874,-0.24178995721192817,-0.49993427733238094,0.9539392014169481
17.31017552127976,-0.560422686320094,-0.9207572456052098,0.8958455023490547,-0.23033143970993583,-0.4999343432029937,0.9539392014169481
17.32588348454771,-0.5462955715309449,-0.9242845807441362,0.9028267903203183,-0.21869172343160953,-0.49993441237627545,0.953939201416948
17.34159144781566,-0.5320595462007504,-0.9276276487225461,0.9097105604706209,-0.20686882506941695,-0.4999344850260053,0.9539392014169481
17.35729941108361,-0.5177161713942694,-0.9307835565550846,0.9164930194128904,-0.1948607650756233,-0.49993456133521225,0.9539392014169482
17.37300737435156,-0.5032670688322117,-0.9337493802028908,0.9231702353205343,-0.1826655707434962,-0.4999346414966431,0.9539392014169481
17.388715337619505,-0.48871392310131184,-0.9365221647062001,0.9297381333596347,-0.1702812795366783,-0.4999347257132494,0.9539392014169481
17.404423300887455,-0.4740584839369626,-0.9390989243712538,0.9361924910196379,-0.15770594268259708,-0.49993481419869457,0.9539392014169481
17.420131264155405,-0.45930256857997964,-0.941476643015791,0.9425289333461102,-0.14493762904660482,-0.4999349071778789,0.953939201416948
17.435839227423354,-0.44444806420900296,-0.9436522742776691,0.9487429280799774,-0.13197442930438597,-0.49993500488748605,0.953939201416948
17.4515471906913,-0.4294969304499664,-0.9456227419914347,0.9548297807086031,-0.11881446043103448,-0.4999351075765456,0.9539392014169479
17.46725515395925,-0.41445120196397395,-0.9473849406379727,0.9607846294351062,-0.10545587052608488,-0.4999352155070162,0.9539392014169478
17.4829631172272,-0.39931299111481316,-0.9489357358726613,0.9666024400734643,-0.09189684399467486,-0.4999353289543853,0.9539392014169479
17.49867108049515,-0.38408449071720635,-0.9502719651377903,0.9722780008782227,-0.07813560710591977,-0.499935448208287,0.9539392014169479
17.5143790437631,-0.3687679768667532,-0.9513904383653387,0.9778059173190219,-0.06417043395048379,-0.49993557357313406,0.9539392014169478
17.530087007031046,-0.35336581185234567,-0.9522879387765554,0.9831806068116932,-0.0499996528202344,-0.49993570536876575,0.9539392014169478
17.545794970298996,-0.33788044715163756,-0.9529612237851595,0.9883962934193526,-0.03562165303375567,-0.4999358439311067,0.9539392014169478
17.561502933566945,-0.3223144265099295,-0.9534070260113511,0.9934470025387645,-0.02103489223236564,-0.49993598961283686,0.9539392014169478
17.577210896834895,-0.3066703891025717,-0.953622054414222,0.9983265555892543,-0.006237904172121318,-0.49993614278406867,0.9539392014169478
17.59291886010284,-0.2909510727807014,-0.9536029955505604,1.0030285647236432,0.008770692961909136,-0.499936303833029,0.9539392014169478
17.60862682337079,-0.2751593173998066,-0.9533465149684617,1.0075464275830566,0.023992187692087566,-0.4999364731667407,0.9539392014169477
17.62433478663874,-0.2592980682302457,-0.9528492587445903,1.011873322120046,0.039427765807672877,-0.4999366512117023,0.9539392014169477
17.64004274990669,-0.24337037944844822,-0.9521078551743732,1.0160022015172663,0.05507850031904754,-0.4999368384145555,0.9539392014169477
17.65575071317464,-0.2273794177070687,-0.9511189166248596,1.0199257892319755,0.07094534077796756,-0.4999370352427427,0.9539392014169477
17.671458676442587,-0.21132846578186876,-0.9498790415604283,1.023636574199893,0.08702910193476175,-0.49993724218513924,0.9539392014169477
17.687166639710536,-0.19522092629254661,-0.9483848167519919,1.027126806235463,0.1033304517032248,-0.4999374597526588,0.9539392014169475
17.702874602978486,-0.17906032549412398,-0.9466328196807987,1.0303884916693447,0.11984989840395194,-0.4999376884788208,0.9539392014169475
17.718582566246436,-0.1628503171348278,-0.9446196211483986,1.033413389267983,0.1365877772570825,-0.4999379289202702,0.9539392014169477
17.734290529514382,-0.14659468637566772,-0.9423417881047886,1.0361930064844314,0.15354423609588896,-0.4999381816572397,0.9539392014169475
17.749998492782332,-0.13029735376610171,-0.9397958867071996,1.0387185960941772,0.1707192202734073,-0.4999384472939399,0.9539392014169475
17.76570645605028,-0.11396237926930203,-0.9369784856224135,1.040981153274598,0.18811245673539184,-0.4999387264588664,0.9539392014169475
17.78141441931823,-0.09759396632957264,-0.9338861595859131,1.0429714131918184,0.2057234372343445,-0.4999390198050061,0.9539392014169473
17.79712238258618,-0.08119646597342621,-0.9305154932315468,1.044679849164165,0.22355140066125787,-0.49993932800992846,0.9539392014169472
17.812830345854128,-0.0647743809346983,-0.926863085205742,1.0460966714771078,0.24159531447408322,-0.49993965177573807,0.9539392014169472
17.828538309122077,-0.04833236979285403,-0.9229255525806119,1.0472118269305246,0.2598538552048435,-0.49993999182887483,0.9539392014169473
17.844246272390027,-0.031875251112325476,-0.9186995355805567,1.0480149992052983,0.2783253880308202,-0.4999403489197327,0.9539392014169472
17.859954235657977,-0.015408007569301253,-0.9141817026371603,1.0484956101426588,0.29700794539941927,-0.499940723822077,0.9539392014169471
17.875662198925923,0.0010642099491277727,-0.9093687557873106,1.0486428220362323,0.31589920470123356,-0.49994111733222935,0.9539392014169472
17.891370162193873,0.01753607829018571,-0.9042574364295177,1.0484455410434625,0.3349964649915402,-0.49994153026799737,0.9539392014169472
17.907078125461823,0.034002098043438955,-0.8988445314533507,1.0478924218298422,0.3542966227670814,-0.499941963467312,0.9539392014169471
17.922786088729772,0.0504565896319162,-0.8931268797567503,1.0469718735661728,0.3737961468125484,-0.49994241778654147,0.9539392014169471
17.93849405199772,0.06689368950854525,-0.887101379165686,1.0456720674057964,0.393491052139805,-0.49994289409845005,0.9539392014169471
17.95420201526567,0.0833073464821772,-0.880764993770193,1.043980945575304,0.41337687305262866,-0.4999433932897589,0.9539392014169471
17.969909978533618,0.09969131819961626,-0.8741147616902255,1.0418862322185234,0.4334486353806888,-0.49994391625827395,0.9539392014169472
17.985617941801568,0.11603916781231782,-0.8671478032839881,1.0393754461394977,0.45370082793870214,-0.4999444639095376,0.9539392014169471
18.001325905069518,0.13234426085875084,-0.8598613298104271,1.0364359155955398,0.47412737328027277,-0.4999450371529658,0.9539392014169472
18.017033868337464,0.1485997623958334,-0.8522526525563567,1.033054795296127,0.4947215978308997,-0.49994563689742466,0.9539392014169472
18.032741831605414,0.16479863441533105,-0.8443191924372494,1.0292190857672017,0.5154762015010758,-0.4999462640462038,0.9539392014169471
18.048449794873363,0.18093363358363984,-0.8360584900789951,1.0249156552431515,0.5363832268983361,-0.4999469194913475,0.9539392014169471
18.064157758141313,0.19699730934594162,-0.8274682163859234,1.0201312642501548,0.5574340282765728,-0.49994760410729655,0.953939201416947
18.07986572140926,0.21298200243829543,-0.8185461835980488,1.0148525930444074,0.5786192403819063,-0.49994831874380563,0.9539392014169472
18.09557368467721,0.22887984385379026,-0.8092903568378285,1.0090662720667658,0.5999287473768662,-0.49994906421809926,0.9539392014169472
18.11128164794516,0.24468275431139733,-0.7996988661436839,1.002758915571222,0.6213516520485289,-0.49994984130623055,0.9539392014169473
18.12698961121311,0.2603824442785924,-0.789770018984113,0.9959171585780817,0.6428762455314819,-0.4999506507336198,0.9539392014169473
18.14269757448106,0.27597041460112653,-0.7795023132423929,0.9885276972934082,0.6644899778029,-0.49995149316475296,0.9539392014169472
18.158405537749005,0.2914379577954625,-0.7688944506576167,0.9805773331238926,0.6861794292344394,-0.4999523691920291,0.9539392014169474
18.174113501016954,0.3067761600613135,-0.7579453507031195,0.9720530204004668,0.7079302835138274,-0.4999532793237583,0.9539392014169473
18.189821464284904,0.32197590407336124,-0.746654164878209,0.9629419179043391,0.7297273022776525,-0.4999542239713215,0.9539392014169474
18.205529427552854,0.33702787261253286,-0.7350202913835258,0.953231444265381,0.7515543018255659,-0.49995520343552524,0.9539392014169473
18.2212373908208,0.3519225530981103,-0.7230433901443188,0.9429093372745893,0.7733941323144395,-0.49995621789219413,0.9539392014169472
18.23694535408875,0.36665024308236355,-0.7107233981394407,0.9319637171194151,0.7952286598584751,-0.499957267377068,0.9539392014169472
18.2526533173567,0.38120105676925625,-0.6980605449869645,0.9203831535128291,0.8170387519872155,-0.49995835177009695,0.9539392014169473
18.26836128062465,0.3955649326180007,-0.6850553687300287,0.9081567366438965,0.8388042669371956,-0.4999594707792372,0.9539392014169472
18.2840692438926,0.4097316420907417,-0.6717087317588678,0.895274151829243,0.8605040472738174,-0.4999606239239005,0.9539392014169473
18.299777207160545,0.42369079960135647,-0.6580218367970316,0.881725757691075,0.8821159183571169,-0.4999618105182143,0.9539392014169474
18.315485170428495,0.4374318737191734,-0.6439962428716145,0.8675026676284585,0.9036166921774811,-0.49996302965429984,0.9539392014169472
18.331193133696445,0.45094419967726757,-0.6296338811789728,0.85259683428457,0.9249821770941278,-0.4999642801857902,0.9539392014169474
18.346901096964395,0.4642169932297966,-0.6149370707490104,0.8370011366439724,0.9461871940092468,-0.49996556071185716,0.9539392014169473
18.36260906023234,0.47723936589653765,-0.5999085338027709,0.820709469321168,0.9672055995030902,-0.49996686956203185,0.9539392014169473
18.37831702350029,0.49000034162530615,-0.5845514106899122,0.8037168335254552,0.9880103164389515,-0.49996820478214843,0.9539392014169472
18.39402498676824,0.5024888748942379,-0.5688692742848155,0.7860194291083774,1.0085733725208714,-0.499969564121755,0.9539392014169474
18.40973295003619,0.5146938702659635,-0.5528661437127337,0.7676147470199387,1.0288659472500954,-0.4999709450233685,0.9539392014169474
18.42544091330414,0.5266042033944882,-0.5365464972707193,0.7485016614196092,1.0488584276779496,-0.4999723446139632,0.9539392014169472
18.441148876572086,0.5382087434731194,-0.5199152844022458,0.72868052060952,1.0685204732921523,-0.4999737596991025,0.9539392014169472
18.456856839840036,0.5494963770980967,-0.5029779365796702,0.7081532358819321,1.0878210903001548,-0.49997518676011954,0.9539392014169472
18.472564803107986,0.5604560335077445,-0.48574037694517563,0.6869233673030128,1.1067287154865848,-0.4999766219547537,0.9539392014169472
18.488272766375935,0.5710767111410797,-0.4682090285587749,0.6649962053923127,1.1252113097222702,-0.4999780611216321,0.9539392014169472
18.50398072964388,0.5813475054430003,-0.45039082110157924,0.6423788476043499,1.14323646108997,-0.49997949978896505,0.9539392014169471
18.51968869291183,0.5912576378256327,-0.43229319588401244,0.6190802684777307,1.1607714974675338,-0.49998093318776715,0.953939201416947
18.53539665617978,0.6007964856773206,-0.41392410901217497,0.5951113822906064,1.1777836082738846,-0.4999823562698873,0.953939201416947
18.55110461944773,0.6099536132923511,-0.39529203257129525,0.5704850970512961,1.1942399749385044,-0.4999837637310376,0.9539392014169471
18.56681258271568,0.6187188035761088,-0.3764059536932743,0.5452163586617439,1.2101079095030272,-0.4999851500389494,0.953939201416947
18.582520545983627,0.6270820903622383,-0.35727537138583915,0.5193221841210731,1.2253550006065634,-0.49998650946667456,0.9539392014169471
18.598228509251577,0.6350337911609185,-0.33791029101382336,0.492821682688451,1.2399492659473923,-0.49998783613095865,0.9539392014169471
18.613936472519526,0.6425645401408762,-0.3183212163385953,0.46573606399998907,1.2538593101559599,-0.4999891240354781,0.953939201416947
18.629644435787476,0.6496653211326603,-0.298519139039612,0.43808863223415695,1.2670544868613625,-0.499990367118624,0.9539392014169469
18.645352399055422,0.6563275004273564,-0.27851552566237886,0.4099047655442728,1.2795050635895417,-0.4999915593053812,0.953939201416947
18.661060362323372,0.6625428591337137,-0.2583223019595736,0.3812118801244734,1.2911823880003621,-0.49999269456271933,0.953939201416947
18.676768325591322,0.6683036248479585,-0.23795183461651426,0.35203937844585814,1.302059053856643,-0.4999937669577904,0.953939201416947
18.69247628885927,0.673602502384712,-0.21741691037821254,0.3224185813901891,1.3121090650250906,-0.49999477071811527,0.953939201416947
18.708184252127218,0.6784327033147212,-0.19673071262260028,0.29238264421679877,1.321307995740666,-0.49999570029282747,0.953939201416947
18.723892215395168,0.6827879740557986,-0.17590679545272925,0.26196645652066036,1.3296331453255785,-0.4999965504139696,0.9539392014169471
18.739600178663117,0.6866626222676437,-0.15495905540935703,0.2312065265716898,1.3370636855446354,-0.49999731615676,0.953939201416947
18.755308141931067,0.6900515413091949,-0.13390170093384207,0.20014085066247386,1.3435807988021975,-0.4999979929977265,0.953939201416947
18.771016105199017,0.6929502325288881,-0.11274921973914415,0.16880876832849318,1.349167805443818,-0.49999857686958116,0.953939201416947
18.786724068466963,0.6953548251736182,-0.09151634427342045,0.13725080453596833,1.353810278518141,-0.4999990642117409,0.953939201416947
18.802432031734913,0.6972620937211829,-0.07021801548567472,0.10550850015201338,1.3574961444812108,-0.49999945201545193,0.9539392014169468
18.818139995002863,0.6986694724633066,-0.04886934512563404,0.07362423221420558,1.3602157684843914,-0.4999997378625588,0.9539392014169468
18.833847958270812,0.6995750671916863,-0.02748557682999912,0.04164102569661568,1.3619620230759497,-0.49999991995708726,0.9539392014169468
18.84955592153876,0.699977663867471,-0.006082046263997076,0.009602358621898205,1.362730339361466,-0.49999999714893484,0.9539392014169468
18.86526388480671,0.6998767341847232,0.01532585939961996,-0.022448037510021945,1.3625187399051073,-0.4999999689491512,0.9539392014169467
18.88097184807466,0.699272437970181,0.036722742372646,-0.05446637992022456,1.3613278529072514,-0.49999983553645766,0.9539392014169468
18.896679811342608,0.6981656223944731,0.05809323521782585,-0.0864090372711677,1.3591609074582227,-0.4999995977548616,0.9539392014169468
18.912387774610558,0.6965578180032322,0.0794220415918179,-0.11823273079475144,1.3560237099368377,-0.49999925710242166,0.9539392014169467
18.928095737878504,0.6944512316096865,0.1006939764701373,-0.14989473174326856,1.3519246018897793,-0.49999881571141047,0.9539392014169464
18.943803701146454,0.6918487361226676,0.12189400556686024,-0.18135305314633662,1.3468743999872568,-0.4999982763203282,0.9539392014169465
18.959511664414403,0.6887538574149804,0.14300728367321855,-0.21256663396114694,1.3408863188960145,-0.4999976422383783,0.9539392014169464
18.975219627682353,0.6851707583661611,0.16401919165428805,-0.24349551384098422,1.3339758781370128,-0.4999969173031851,0.9539392014169465
18.9909275909503,0.6811042202403313,0.1849153718614309,-0.274100996914109,1.326160794197204,-0.49999610583265874,0.9539392014169465
19.00663555421825,0.6765596215836911,0.20568176173957547,-0.30434580315715687,1.3174608593387311,-0.49999521257201107,0.9539392014169465
19.0223435174862,0.6715429148468371,0.22630462543233745,-0.3341942061590363,1.3078978086914812,-0.499994242636999,0.9539392014169463
19.03805148075415,0.6660606009542759,0.24677058321388898,-0.36361215629738214,1.297495177324125,-0.49999320145451,0.9539392014169462
19.0537594440221,0.6601197020570391,0.26706663860383406,-0.39256738858426243,1.286278149063477,-0.49999209470160766,0.9539392014169461
19.069467407290045,0.6537277327141234,0.28718020304959796,-0.42102951467539435,1.2742733988721229,-0.4999909282441335,0.9539392014169462
19.085175370557995,0.6468926697545521,0.3070991180894497,-0.44897009877218097,1.2615089306006682,-0.49998970807590903,0.9539392014169461
19.100883333825944,0.6396229210742816,0.3268116749377278,-0.47636271737338975,1.2480139119053812,-0.4999884402595023,0.9539392014169461
19.116591297093894,0.6319272936211089,0.34630663146164775,-0.5031830030487489,1.2338185080669433,-0.4999871308694389,0.9539392014169461
19.13229926036184,0.6238149608163897,0.36557322654579005,-0.5294086726062556,1.2189537163645645,-0.4999857859386071,0.953939201416946
19.14800722362979,0.6152954296550436,0.3846011918656167,-0.5550195402053986,1.2034512025554642,-0.49998441140850847,0.9539392014169461
19.16371518689774,0.606378507715309,0.4033807611148106,-0.5799975161273744,1.187343140886537,-0.4999830130838555,0.9539392014169461
19.17942315016569,0.5970742702973827,0.42190267675261045,-0.6043265920490608,1.1706620589269905,-0.49998159659190633,0.9539392014169461
19.19513111343364,0.5873930278958062,0.4401581943564239,-0.6279928137790776,1.1534406883619306,-0.4999801673467864,0.9539392014169461
19.210839076701586,0.5773452941946274,0.4581390846817044,-0.6509842425014878,1.1357118227312704,-0.4999787305189385,0.9539392014169461
19.226547039969535,0.5669417547573523,0.47583763354530023,-0.6732909056359855,1.1175081829397229,-0.49997729100971566,0.9539392014169461
19.242255003237485,0.5561932365658792,0.49324663966020355,-0.6949047384637241,1.0988622912054586,-0.49997585343104956,0.9539392014169461
19.257962966505435,0.5451106785443286,0.5103594105588793,-0.7158195176866984,1.0798063539603822,-0.49997442209002263,0.9539392014169461
19.27367092977338,0.5337051031852719,0.5271697567492186,-0.7360307880875788,1.0603721540665583,-0.49997300097810327,0.9539392014169461
19.28937889304133,0.5219875893776101,0.5436719842517461,-0.7555357834381798,1.0405909525733485,-0.49997159376474976,0.9539392014169461
19.30508685630928,0.509969246517536,0.5598608856691829,-0.7743333427705524,1.0204934001100598,-0.4999702037950322,0.953939201416946
19.32079481957723,0.49766118996683417,0.5757317299399725,-0.7924238230773725,1.000109457890685,-0.49996883409089343,0.9539392014169461
19.33650278284518,0.48507451790644185,0.5912802509261335,-0.80980900945019,0.9794683282015476,-0.4999674873556519,0.9539392014169461
19.352210746113126,0.47222028961783874,0.6065026349829911,-0.8264920235975193,0.9585983941498266,-0.49996616598133514,0.9539392014169461
19.367918709381076,0.45910950521059657,0.6213955076541742,-0.842477231611877,0.9375271683712159,-0.4999648720584333,0.9539392014169461
19.383626672649026,0.4457530868013534,0.6359559196299497,-0.8577701517777694,0.9162812503281879,-0.49996360738768075,0.9539392014169461
19.399334635916976,0.4321618611376602,0.6501813321007053,-0.8723773631331502,0.8948862917760892,-0.4999623734934745,0.9539392014169463
19.415042599184922,0.418346543649582,0.6640696016303694,-0.8863064154166947,0.8733669699319531,-0.49996117163857234,0.9539392014169461
19.43075056245287,0.40431772390263426,0.6776189646669672,-0.8995657409537986,0.8517469678496975,-0.49996000283973685,0.9539392014169461
19.44645852572082,0.3900858524175669,0.6908280217995093,-0.912164568956757,0.8300489614843725,-0.49995886788401356,0.9539392014169461
19.46216648898877,0.37566122881563974,0.7036957218621587,-0.9241128426401238,0.8082946129163361,-0.49995776734537134,0.9539392014169461
19.477874452256717,0.3610539912423049,0.7162213459782509,-0.9354211394815949,0.786504569202657,-0.499956701601462,0.953939201416946
19.493582415524667,0.34627410701756006,0.7284044916283773,-0.9461005948925336,0.7646984663266103,-0.4999556708502817,0.9539392014169461
19.509290378792617,0.33133136445759176,0.7402450568184815,-0.956162829500892,0.7428949377258336,-0.49995467512655367,0.953939201416946
19.524998342060567,0.3162353658096037,0.7517432244158625,-0.9656198801930587,0.7211116268945521,-0.49995371431768154,0.9539392014169459
19.540706305328516,0.300995521239844,0.7628994467131825,-0.9744841350102349,0.6993652035743244,-0.499952788179146,0.9539392014169459
19.556414268596463,0.2856210438137241,0.7737144302731168,-0.9827682719493196,0.677671383070137,-0.49995189634924353,0.9539392014169459
19.572122231864412,0.27012094540647286,0.7841891210991944,-0.9904852016778953,0.6560449482535851,-0.4999510383630942,0.953939201416946
19.587830195132362,0.2545040334829173,0.7943246901716984,-0.9976480141376005,0.6344997738416007,-0.4999502136658601,0.9539392014169459
19.603538158400312,0.23877890868564153,0.8041225193812459,-1.004269928979714,0.6130488525670856,-0.49994942162514033,0.9539392014169459
19.619246121668258,0.22295396317187918,0.8135841878868625,-1.0103642497509036,0.5917043228863184,-0.49994866154251905,0.9539392014169459
19.634954084936208,0.20703737964096952,0.8227114589200157,-1.0159443217254935,0.5704774978966511,-0.4999479326642624,0.953939201416946
19.650662048204158,0.19103713099598843,0.8315062670511665,-1.0210234932629463,0.5493788951663823,-0.4999472341911686,0.9539392014169458
19.666370011472107,0.17496098058519494,0.8399707059309355,-1.0256150805552133,0.5284182672064501,-0.49994656528758785,0.9539392014169459
19.682077974740057,0.15881648297115683,0.8481070165139507,-1.0297323356178127,0.5076046323404693,-0.49994592508963276,0.9539392014169458
19.697785938008003,0.14261098517778714,0.8559175757698251,-1.0333884173706276,0.48694630575540365,-0.49994531271261167,0.9539392014169459
19.713493901275953,0.12635162836799335,0.8634048858824893,-1.0365963656491313,0.4664509305396814,-0.4999447272577182,0.9539392014169458
19.729201864543903,0.11004534990717524,0.8705715639362609,-1.0393690779837352,0.44612550853868344,-0.49994416781801676,0.9539392014169458
19.744909827811853,0.09369888577037236,0.8774203320845307,-1.0417192889839104,0.42597643087920817,-0.49994363348376136,0.9539392014169458
19.7606177910798,0.07731877325342888,0.8839540081947862,-1.0436595521643766,0.4060095080346796,-0.49994312334709423,0.9539392014169458
19.77632575434775,0.06091135395108817,0.8901754969618244,-1.0452022240527317,0.386229999321516,-0.499942636506165,0.953939201416946
19.7920337176157,0.04448277696743113,0.8960877814794309,-1.046359450421159,0.3666426417342181,-0.4999421720687123,0.953939201416946
19.807741680883648,0.028039002326514493,0.9016939152594742,-1.0471431544890957,0.3472516780424002,-0.4999417291551529,0.9539392014169461
19.823449644151598,0.011585804553433277,0.9069970146862782,-1.04756502694877,0.3280608840872189,-0.49994130690121585,0.953939201416946
19.839157607419544,-0.0048712236016840065,0.9120002518932601,-1.04763651767116,0.3090735952275103,-0.49994090446016526,0.953939201416946
19.854865570687494,-0.021326667322047823,0.9167068480481316,-1.0473688289560161,0.29029273189749355,-0.4999405210046476,0.9539392014169459
19.870573533955444,-0.03777528578815566,0.9211200670324567,-1.0467729101960173,0.27172082424820815,-0.4999401557281984,0.953939201416946
19.886281497223393,-0.05421200816853399,0.9252432095009869,-1.045859453831756,0.2533600358540044,-0.4999398078464464,0.9539392014169459
19.90198946049134,-0.07063192955660845,0.9290796073059787,-1.044638892480996,0.2352121864734738,-0.49993947659804294,0.953939201416946
19.91769742375929,-0.08703030687125875,0.9326326182715856,-1.043121397132399,0.21727877386127634,-0.49993916124534965,0.9539392014169459
19.93340538702724,-0.10340255473694313,0.9359056213034146,-1.041316876300651,0.19956099463346635,-0.4999388610749088,0.9539392014169459
19.94911335029519,-0.11974424135771072,0.9389020118184213,-1.0392349760465198,0.18205976419421918,-0.499938575397727,0.9539392014169458
19.96482131356314,-0.13605108439795624,0.941625197480483,-1.0368850807718426,0.16477573573639093,-0.4999383035493876,0.9539392014169459
19.980529276831085,-0.1523189468814075,0.9440785942272143,-1.0342763147057128,0.14770931833217393,-0.49993804489002536,0.953939201416946
19.996237240099035,-0.16854383311857016,0.9462656225738741,-1.031417544004179,0.1308606941333098,-0.49993779880416733,0.9539392014169459
20.011945203366984,-0.18472188467167908,0.9481897041805429,-1.0283173793915763,0.11422983470295398,-0.49993756470047457,0.9539392014169459
20.027653166634934,-0.20084937636512298,0.9498542586691099,-1.0249841792771512,0.09781651650341033,-0.49993734201138595,0.9539392014169458
20.04336112990288,-0.21692271234830768,0.9512627006770115,-1.0214260532859154,0.08162033556562798,-0.4999371301926888,0.9539392014169459
20.05906909317083,-0.23293842221700548,0.952418437135075,-1.0176508661476567,0.06564072136762543,-0.49993692872302464,0.9539392014169458
20.07477705643878,-0.24889315719839536,0.9533248647572602,-1.0136662418927542,0.04987694994992925,-0.4999367371033423,0.9539392014169459
20.09048501970673,-0.26478368640422795,0.9539853677305367,-1.0094795683078774,0.034328156296727065,-0.4999365548563095,0.953939201416946
20.106192982974676,-0.2806068931558455,0.954403315593591,-1.005098001608815,0.018993346011779252,-0.49993638152569075,0.9539392014169461
20.121900946242626,-0.29635977138414826,0.9545820612935136,-1.0005284712915716,0.0038714063182456425,-0.49993621667570354,0.9539392014169461
20.137608909510575,-0.31203942210701585,0.9545249394100755,-0.9957776851265051,-0.011038883588504151,-0.4999360598903512,0.953939201416946
20.153316872778525,-0.32764304998616905,0.9542352645376587,-0.9908521342636522,-0.025738842806285987,-0.4999359107727512,0.953939201416946
20.169024836046475,-0.3431679599649804,0.9537163298153541,-0.9857580984205366,-0.04022987958129276,-0.4999357689444513,0.9539392014169459
20.18473279931442,-0.35861155398831507,0.9529714055961848,-0.9805016511266553,-0.05451348272519456,-0.4999356340447491,0.9539392014169459
20.20044076258237,-0.373971327805102,0.9520037382468435,-0.9750886650015256,-0.06859121356688018,-0.499935505730012,0.9539392014169459
20.21614872585032,-0.38924486785398976,0.9508165490697597,-0.9695248170456569,-0.08246469841227336,-0.49993538367300255,0.9539392014169461
20.23185668911827,-0.40442984823213823,0.9494130333397186,-0.9638155939260885,-0.0961356214864218,-0.4999352675622158,0.9539392014169461
20.247564652386217,-0.4195240277469246,0.9477963594476594,-0.9579662972402311,-0.10960571833287039,-0.49993515710122405,0.9539392014169461
20.263272615654166,-0.43452524705010354,0.9459696681446589,-0.9519820487436687,-0.12287676964618086,-0.49993505200803895,0.9539392014169461
20.278980578922116,-0.44943142585374934,0.9439360718794866,-0.9458677955293374,-0.1359505955143352,-0.4999349520144856,0.9539392014169462
20.294688542190066,-0.4642405602271249,0.941698654223469,-0.9396283151470991,-0.14882905004865257,-0.49993485686559574,0.9539392014169461
20.310396505458016,-0.4789507199734601,0.9392604693767507,-0.933268220654191,-0.16151401637974847,-0.49993476631901546,0.9539392014169461
20.326104468725962,-0.4935600460854851,0.936624541750365,-0.9267919655883639,-0.17400740199896503,-0.49993468014443354,0.9539392014169461
20.34181243199391,-0.5080667482784446,0.9337938656188487,-0.9202038488567263,-0.1863111344255961,-0.499934598123027,0.9539392014169461
20.35752039526186,-0.5224691025992185,0.9307714048384307,-0.9135080195344092,-0.19842715718111545,-0.4999345200469275,0.953939201416946
20.37322835852981,-0.5367654491100912,0.9275600926261196,-0.9067084815681493,-0.2103574260524855,-0.49993444571870393,0.953939201416946
20.388936321797758,-0.5509541896456391,0.9241628313952852,-0.8998090983807885,-0.22210390562747656,-0.4999343749508671,0.9539392014169461
20.404644285065707,-0.5650337856411547,0.9205824926435909,-0.892813597373481,-0.23366856608575706,-0.49993430756539414,0.9539392014169462
20.420352248333657,-0.5790027560309752,0.9168219168893865,-0.8857255743231276,-0.24505338023032294,-0.4999342433932683,0.9539392014169461
20.436060211601607,-0.592859675215056,0.9128839136529016,-0.8785484976731975,-0.256260320744618,-0.49993418227404096,0.9539392014169459
20.451768174869557,-0.6066031710920998,0.9087712614788078,-0.8712857127166758,-0.2672913576614535,-0.4999341240554117,0.953939201416946
20.467476138137503,-0.6202319231575405,0.9044867079969289,-0.863940445670387,-0.27814845603056515,-0.49993406859282474,0.9539392014169459
20.483184101405453,-0.6337446606646716,0.9000329700180781,-0.8565158076404027,-0.2888335737723484,-0.4999340157490849,0.9539392014169459
20.498892064673402,-0.6471401608472067,0.8954127336621959,-0.8490147984786399,-0.29934865970598756,-0.49993396539398993,0.9539392014169459
20.514600027941352,-0.6604172472015667,0.8906286545161353,-0.8414403105311149,-0.3096956517408388,-0.49993391740397963,0.9539392014169458
20.5303079912093,-0.6735747878271954,0.8856833578186186,-0.8337951322786268,-0.3198764752205489,-0.49993387166180087,0.9539392014169459
20.546015954477248,-0.6866116938232214,0.8805794386700445,-0.8260819518709162,-0.32989304140997894,-0.499933828056189,0.9539392014169458
20.561723917745198,-0.6995269177398034,0.8753194622649788,-0.8183033605555807,-0.3397472461155684,-0.4999337864815634,0.9539392014169459
20.577431881013148,-0.712319452082514,0.8699059641453042,-0.8104618560032312,-0.34944096843031136,-0.49993374683773834,0.953939201416946
20.593139844281097,-0.7249883278681484,0.8643414504721391,-0.8025598455305449,-0.35897606959502726,-0.4999337090296479,0.953939201416946
20.608847807549044,-0.7375326132303632,0.8586283983147613,-0.7945996492230225,-0.36835439196809533,-0.4999336729670828,0.9539392014169459
20.624555770816993,-0.7499514120735891,0.852769255954894,-0.7865835029593733,-0.3775777580962824,-0.4999336385644415,0.9539392014169459
20.640263734084943,-0.7622438627736841,0.8467664432048194,-0.7785135613395596,-0.386647969879732,-0.4999336057404945,0.9539392014169459
20.655971697352893,-0.7744091369238328,0.8406223517378981,-0.770391900518611,-0.3955668078245976,-0.49993357441815767,0.9539392014169459
20.67167966062084,-0.7864464381242274,0.8343393454301622,-0.7622205209483836,-0.40433603037719484,-0.4999335445242796,0.9539392014169459
20.68738762388879,-0.798355000814101,0.8279197607117517,-0.754001350029492,-0.4129573733339206,-0.4999335159894383,0.9539392014169459
20.70309558715674,-0.8101340891447218,0.8213659069270465,-0.745736244675674,-0.4214325493215366,-0.4999334887477476,0.953939201416946
20.71880355042469,-0.8217829958919884,0.8146800667024301,-0.7374269937928741,-0.42976324734274995,-0.49993346273667577,0.9539392014169459
20.734511513692638,-0.8333010414073069,0.8078644963206977,-0.7290753206753448,-0.43795113238233296,-0.49993343789687095,0.9539392014169459
20.750219476960584,-0.8446875726054613,0.8009214261011934,-0.7206828853210664,-0.4459978450693247,-0.4999334141719967,0.9539392014169459
20.765927440228534,-0.8559419619882324,0.793853060784831,-0.7122512866687839,-0.45390500139113293,-0.499933391508576,0.9539392014169459
20.781635403496484,-0.8670636067025466,0.786661579923213,-0.7037820647589432,-0.46167419245561897,-0.49993336985584347,0.9539392014169459
20.797343366764434,-0.8780519276319819,0.7793491382711253,-0.6952767028207953,-0.4693069842974973,-0.49993334916560367,0.9539392014169459
20.81305133003238,-0.8889063685204861,0.7719178661817391,-0.6867366292879078,-0.4768049177256134,-0.4999333293920998,0.9539392014169459
20.82875929330033,-0.8996263951272011,0.7643698700039027,-0.6781632197442979,-0.48416950820788446,-0.49993331049188633,0.953939201416946
20.84446725656828,-0.910211494411321,0.7567072324809584,-0.6695577988033663,-0.4914022457908934,-0.49993329242370976,0.9539392014169461
20.86017521983623,-0.9206611737459451,0.7489320131505607,-0.6609216419217739,-0.4985045950513227,-0.4999332751483955,0.9539392014169461
20.875883183104175,-0.9309749601599205,0.7410462487450185,-0.6522559771503674,-0.5054779950765953,-0.4999332586287396,0.9539392014169461
20.891591146372125,-0.9411523996067015,0.7330519535917214,-0.6435619868242124,-0.5123238594722637,-0.4999332428294086,0.953939201416946
20.907299109640075,-0.9511930562592865,0.7249511200132501,-0.6348408091937546,-0.5190435763938489,-0.49993322771684157,0.9539392014169461
20.923007072908025,-0.9610965118303225,0.7167457187268026,-0.6260935399990808,-0.525638508600982,-0.4999332132591595,0.9539392014169461
20.938715036175974,-0.970862364916498,0.7084376992426028,-0.6173212339892045,-0.5321099935318452,-0.4999331994260786,0.9539392014169461
20.95442299944392,-0.9804902303663773,0.700028990260989,-0.6085249063882575,-0.5384593433960398,-0.49993318618882865,0.9539392014169461
20.97013096271187,-0.9899797386708558,0.6915215000679049,-0.5997055343104154,-0.5446878452841388,-0.4999331735200746,0.9539392014169462
20.98583892597982,-0.9993305353754448,0.6829171169285458,-0.5908640581253404,-0.5507967612922927,-0.499933161393844,0.9539392014169461
21.00154688924777,-1.0085422805136242,0.6742177094789357,-0.5820013827758754,-0.5567873286603738,-0.49993314978545633,0.9539392014169462
21.017254852515716,-1.017614648060523,0.6654251271152326,-0.5731183790496747,-0.5626607599222436,-0.4999331386714576,0.9539392014169462
21.032962815783666,-1.0265473254062218,0.6565412003805858,-0.5642158848064069,-0.5684182430668255,-0.4999331280295579,0.9539392014169463
21.048670779051616,-1.0353400128479877,0.647567741349381,-0.5552947061621222,-0.5740609417087571,-0.49993311783857153,0.9539392014169462
21.064378742319565,-1.043992423100784,0.6385065440087351,-0.5463556186323231,-0.5795899952674788,-0.4999331080783612,0.9539392014169461
21.080086705587515,-1.0525042808254157,0.6293593846371164,-0.5373993682352362,-0.5850065191536981,-0.49993309872978575,0.9539392014169461
21.09579466885546,-1.0608753221737,0.6201280221799811,-0.5284266725567333,-0.5903116049622402,-0.49993308977464834,0.953939201416946
21.11150263212341,-1.069105294350067,0.6108141986223345,-0.5194382217783067,-0.5955063206703679,-0.4999330811956496,0.9539392014169459
21.12721059539136,-1.0771939551890246,0.6014196393581379,-0.5104346796694582,-0.6005917108407158,-0.49993307297634226,0.9539392014169459
21.14291855865931,-1.0851410727479371,0.5919460535564934,-0.5014166845458193,-0.6055687968280492,-0.49993306510108854,0.9539392014169459
21.158626521927257,-1.0929464249145895,0.5823951345245558,-0.49238485019427597,-0.6104385769891101,-0.4999330575550196,0.9539392014169459
21.174334485195207,-1.1006097990290296,0.5727685600671254,-0.48333976676633156,-0.6152020268948695,-0.4999330503239969,0.9539392014169459
21.190042448463156,-1.1081309915191986,0.563067992842891,-0.4742820016409006,-0.6198600995445535,-0.49993304339457556,0.9539392014169458
21.205750411731106,-1.1155098075498788,0.5532950807172993,-0.46521210025768617,-0.6244137255808574,-0.49993303675397116,0.9539392014169459
21.221458374999056,-1.122746060684505,0.5434514571120364,-0.4561305869222563,-0.6288638135058047,-0.499933030390025,0.953939201416946
21.237166338267002,-1.1298395725594044,0.5335387413511162,-0.4470379655838975,-0.6332112498967494,-0.49993302429117586,0.9539392014169458
21.252874301534952,-1.1367901725700458,0.523558539003576,-0.4379347205872878,-0.6374568996220583,-0.4999330184464278,0.9539392014169457
21.2685822648029,-1.1435976975688935,0.5135124422227884,-0.4288213173989946,-0.6416016060560426,-0.4999330128453245,0.9539392014169457
21.28429022807085,-1.1502619915744794,0.5034020300824051,-0.4196982033097732,-0.6456461912927429,-0.4999330074779218,0.9539392014169455
21.299998191338798,-1.1567829054913215,0.4932288689089532,-0.4105658081136037,-0.6495914563582043,-0.49993300233476423,0.9539392014169455
21.315706154606747,-1.1631602968403278,0.4829945126111088,-0.40142454476437694,-0.6534381814209008,-0.4999329974068592,0.9539392014169454
21.331414117874697,-1.1693940294993455,0.4727005030056834,-0.3922748100111062,-0.6571871260000023,-0.4999329926856568,0.9539392014169455
21.347122081142647,-1.1754839734535203,0.4623483701403549,-0.38311698501251384,-0.660839029171195,-0.49993298816302684,0.9539392014169457
21.362830044410597,-1.1814300045551533,0.45193963261318704,-0.3739514359318124,-0.6643946097697953,-0.4999329838312407,0.9539392014169455
21.378538007678543,-1.1872320042927476,0.4414757978889804,-0.3647785145124724,-0.6678545665909138,-0.49993297968295025,0.9539392014169457
21.394245970946493,-1.1928898595689512,0.4309583626125029,-0.3555985586357425,-0.6712195785864491,-0.49993297571117123,0.9539392014169455
21.409953934214442,-1.1984034624871194,0.42038881291865215,-0.3464118928606625,-0.6744903050587074,-0.49993297190926617,0.9539392014169457
21.425661897482392,-1.2037727101462232,0.4097686247396032,-0.33721882894728367,-0.6776673858504626,-0.4999329682709274,0.9539392014169457
21.44136986075034,-1.2089975044438488,0.399099264109,-0.32801966636378954,-0.6807514415312861,-0.49993296479016264,0.9539392014169455
21.45707782401829,-1.2140777518870378,0.38838218746324965,-0.31881469277818464,-0.6837430735799922,-0.49993296146128,0.9539392014169457
21.472785787286238,-1.2190133634107332,0.37761884193998185,-0.3096041845351992,-0.6866428645630559,-0.49993295827887435,0.9539392014169457
21.488493750554188,-1.2238042542036023,0.36681066567373816,-0.3003884071190356,-0.6894513783088749,-0.4999329552378149,0.9539392014169457
21.504201713822138,-1.2284503435410203,0.3559590880889567,-0.29116761560256155,-0.6921691600777586,-0.49993295233323226,0.9539392014169458
21.519909677090084,-1.232951554625005,0.34506553019032116,-0.28194205508353826,-0.6947967367275361,-0.4999329495605073,0.9539392014169458
21.535617640358033,-1.2373078144309047,0.3341314048505428,-0.27271196110844953,-0.6973346168746882,-0.49993294691525986,0.9539392014169455
21.551325603625983,-1.2415190535606486,0.3231581170956474,-0.2634775600844832,-0.6997832910509156,-0.49993294439333846,0.9539392014169455
21.567033566893933,-1.2455852061023764,0.31214706438783835,-0.25423906968019755,-0.7021432318550626,-0.499932941990811,0.9539392014169454
21.58274153016188,-1.2495062094962766,0.30109963690601077,-0.24499669921539013,-0.7044148941003268,-0.4999329397039551,0.9539392014169454
21.59844949342983,-1.2532820044064645,0.29001721782399015,-0.23575065004066972,-0.7065987149566906,-0.4999329375292489,0.9539392014169454
21.61415745669778,-1.2569125345987446,0.2789011835865715,-0.2265011159072186,-0.7086951140885159,-0.49993293546336387,0.9539392014169455
21.62986541996573,-1.2603977468241048,0.26775290418343556,-0.2172482833272174,-0.7107044937872511,-0.4999329335031568,0.9539392014169455
21.645573383233675,-1.2637375907078026,0.25657374342101874,-0.20799233192539177,-0.7126272390992037,-0.49993293164566194,0.9539392014169457
21.661281346501625,-1.266932018643903,0.24536505919241522,-0.19873343478212688,-0.7144637179483387,-0.49993292988808424,0.9539392014169455
21.676989309769574,-1.2699809856951445,0.23412820374538923,-0.18947175876858427,-0.7162142812540653,-0.4999329282277935,0.9539392014169457
21.692697273037524,-1.2728844494980043,0.22286452394857656,-0.18020746487424336,-0.7178792630439784,-0.49993292666231803,0.9539392014169455
21.708405236305474,-1.275642370172854,0.21157536155595505,-0.17094070852727944,-0.7194589805615298,-0.49993292518933874,0.9539392014169455
21.72411319957342,-1.2782547102390918,0.20026205346966353,-0.16167163990817973,-0.7209537343685997,-0.49993292380668375,0.9539392014169455
21.73982116284137,-1.2807214345351479,0.18892593200124982,-0.15240040425698878,-0.7223638084429493,-0.4999329225123243,0.9539392014169457
21.75552912610932,-1.2830425101432705,0.17756832513142837,-0.14312714217456607,-0.7236894702705343,-0.49993292130436917,0.9539392014169457
21.77123708937727,-1.285217906318997,0.16619055676842784,-0.1338519899182295,-0.7249309709326617,-0.4999329201810605,0.9539392014169457
21.786945052645216,-1.2872475944252255,0.15479394700501073,-0.12457507969215045,-0.7260885451879762,-0.4999329191407703,0.9539392014169457
21.802653015913165,-1.2891315478708094,0.1433798123742454,-0.11529653993285888,-0.7271624115492636,-0.49993291818199653,0.9539392014169458
21.818360979181115,-1.2908697420535995,0.1319494661041127,-0.10601649559020929,-0.7281527723550593,-0.49993291730335965,0.9539392014169459
21.834068942449065,-1.2924621543078647,0.12050421837102845,-0.0967350684041526,-0.7290598138360527,-0.4999329165035991,0.9539392014169458
21.849776905717015,-1.2939087638560294,0.10904537655236385,-0.08745237717765225,-0.7298837061762812,-0.49993291578157156,0.9539392014169458
21.86548486898496,-1.2952095517646676,0.0975742454780455,-0.07816853804607768,-0.7306246035691046,-0.49993291513624705,0.9539392014169459
21.88119283225291,-1.2963645009047036,0.0860921276813173,-0.06888366474340327,-0.7312826442679553,-0.4999329145667077,0.9539392014169459
21.89690079552086,-1.29737359591577,0.07460032364874622,-0.059597868865536044,-0.7318579506318594,-0.499932914072145,0.953939201416946
21.91260875878881,-1.2982368231746795,0.06310013206955398,-0.0503112601310915,-0.7323506291657249,-0.4999329136518585,0.953939201416946
21.928316722056756,-1.2989541707679768,0.05159285008435717,-0.041023946639933195,-0.7327607705553923,-0.49993291330525386,0.9539392014169461
21.944024685324706,-1.2995256284685324,0.04007977353339781,-0.03173603512978844,-0.7330884496974466,-0.4999329130318414,0.9539392014169462
21.959732648592656,-1.2999511877161551,0.02856219720434688,-0.022447631231249883,-0.7333337257237861,-0.4999329128312357,0.9539392014169462
21.975440611860606,-1.3002308416021984,0.017041415079763027,-0.013158839721470236,-0.7334966420209488,-0.4999329127031539,0.9539392014169463
21.991148575128555,-1.3003645848581424,0.005518720584288931,-0.003869764776855659,-0.7335772262441916,-0.4999329126474158,0.9539392014169462
22.0068565383965,-1.3003524138481393,-0.006004593168332276,0.005419489774938096,-0.7335754903263241,-0.4999329126639427,0.9539392014169463
22.02256450166445,-1.300194326565511,-0.01752723312833817,0.014708820203403751,-0.7334914304812933,-0.4999329127527579,0.9539392014169463
22.0382724649324,-1.2998903226331995,-0.02904790606304327,0.023998122623672284,-0.7333250272025208,-0.4999329129139866,0.9539392014169463
22.05398042820035,-1.2994404033081663,-0.04056531830986792,0.03328729274479195,-0.7330762452559902,-0.49993291314785576,0.9539392014169464
22.069688391468297,-1.2988445714897503,-0.052078175529217355,0.042576225617493926,-0.7327450336680854,-0.4999329134546953,0.9539392014169465
22.085396354736247,-1.2981028317319914,-0.06358518245712855,0.05186481538114098,-0.7323313257081796,-0.499932913834938,0.9539392014169464
22.101104318004197,-1.2972151902599383,-0.07508504265760227,0.06115295500955467,-0.7318350388659752,-0.49993291428912146,0.9539392014169462
22.116812281272146,-1.2961816549899579,-0.08657645827453803,0.07044053605541463,-0.7312560748235954,-0.49993291481788815,0.9539392014169461
22.132520244540096,-1.295002235554072,-0.09805812978318941,0.07972744839292163,-0.7305943194224284,-0.4999329154219878,0.9539392014169461
22.148228207808042,-1.2936769433283513,-0.10952875574105737,0.0890135799584136,-0.7298496426247252,-0.49993291610227897,0.9539392014169462
22.163936171075992,-1.2922057914654013,-0.12098703253813912,0.09829881648862063,-0.7290218984699545,-0.4999329168597302,0.9539392014169462
22.179644134343942,-1.290588794930979,-0.13243165414645028,0.10758304125624188,-0.7281109250259151,-0.4999329176954231,0.9539392014169462
22.19535209761189,-1.2888259705447869,-0.14386131186873793,0.11686613480252304,-0.727116544334611,-0.4999329186105543,0.9539392014169463
22.211060060879838,-1.2869173370254887,-0.15527469408630237,0.12614797466650912,-0.7260385623528915,-0.49993291960643865,0.9539392014169463
22.226768024147788,-1.2848629150400115,-0.1666704860058453,0.13542843511064195,-0.7248767688878631,-0.49993292068451095,0.9539392014169463
22.242475987415737,-1.2826627272571813,-0.17804736940526253,0.14470738684236728,-0.7236309375270782,-0.49993292184633065,0.9539392014169463
22.258183950683687,-1.28031679840577,-0.18940402237829893,0.1539846967314096,-0.7223008255635078,-0.49993292309358467,0.9539392014169463
22.273891913951637,-1.2778251553370148,-0.2007391190779841,0.16326022752236763,-0.7208861739153082,-0.49993292442809123,0.9539392014169462
22.289599877219583,-1.2751878270916932,-0.21205132945876679,0.17253383754227555,-0.7193867070403903,-0.4999329258518039,0.9539392014169462
22.305307840487533,-1.2724048449718302,-0.22333931901726653,0.18180538040276883,-0.717802132845806,-0.4999329273668166,0.9539392014169462
22.321015803755483,-1.2694762426171289,-0.2346017485315615,0.19107470469648485,-0.716132142591963,-0.49993292897536773,0.9539392014169463
22.336723767023432,-1.2664020560862168,-0.24583727379893083,0.2003416536873206,-0.7143764107916881,-0.49993293067984546,0.9539392014169461
22.35243173029138,-1.2631823239428075,-0.25704454537197163,0.20960606499416085,-0.7125345951041552,-0.49993293248279325,0.9539392014169461
22.36813969355933,-1.2598170873468817,-0.2682222082930088,0.21886777026768067,-0.7106063362237011,-0.49993293438691605,0.9539392014169462
22.383847656827278,-1.2563063901510023,-0.27936890182671903,0.22812659485981596,-0.7085912577635554,-0.49993293639508596,0.9539392014169463
22.399555620095228,-1.2526502790018812,-0.29048325919088813,0.23738235748548553,-0.7064889661345112,-0.4999329385103491,0.9539392014169463
22.415263583363174,-1.2488488034473202,-0.30156390728522325,0.24663486987613653,-0.7042990504185709,-0.49993294073593264,0.9539392014169463
22.430971546631124,-1.2449020160486617,-0.3126094664181406,0.2558839364246737,-0.7020210822376033,-0.4999329430752529,0.9539392014169463
22.446679509899074,-1.2408099724988861,-0.32361855003145135,0.26512935382132,-0.6996546156170537,-0.4999329455319215,0.9539392014169463
22.462387473167023,-1.236572731746501,-0.33458976442286786,0.27437091067994346,-0.6971991868447538,-0.4999329481097566,0.9539392014169463
22.478095436434973,-1.2321903561253775,-0.3455217084662539,0.28360838715437103,-0.6946543143248844,-0.49993295081278893,0.9539392014169463
22.49380339970292,-1.2276629114906947,-0.35641297332954297,0.2928415545441962,-0.6920194984271489,-0.4999329536452733,0.9539392014169464
22.50951136297087,-1.2229904673611591,-0.36726214219025016,0.3020701748895713,-0.6892942213312233,-0.49993295661169795,0.9539392014169465
22.52521932623882,-1.2181730970676783,-0.37806778994850365,0.3112940005544602,-0.6864779468665558,-0.49993295971679536,0.9539392014169465
22.54092728950677,-1.2132108779086745,-0.3888284829375239,0.32051277379781035,-0.6835701203475968,-0.49993296296555256,0.9539392014169465
22.556635252774715,-1.2081038913122295,-0.3995427786314787,0.32972622633208526,-0.6805701684045476,-0.4999329663632248,0.9539392014169465
22.572343216042665,-1.202852223005267,-0.41020922535064486,0.3389340788685811,-0.6774774988097297,-0.49993296991534636,0.9539392014169465
22.588051179310614,-1.197455963189982,-0.420826361963809,0.3481360406489319,-0.6742915002996803,-0.499932973627745,0.9539392014169464
22.603759142578564,-1.1919152067277416,-0.43139271758784004,0.3573318089621873,-0.6710115423930975,-0.49993297750655513,0.9539392014169463
22.619467105846514,-1.1862300533306864,-0.44190681128437015,0.3665210686468277,-0.6676369752047655,-0.4999329815582334,0.9539392014169465
22.63517506911446,-1.1804006077612743,-0.45236715175352205,0.3757034915770588,-0.6641671292556068,-0.49993298578957424,0.9539392014169465
22.65088303238241,-1.1744269800400213,-0.4627722370246225,0.3848787361327058,-0.6606013152790196,-0.4999329902077259,0.9539392014169465
22.66659099565036,-1.1683092856617,-0.47312055414384524,0.3940464466520042,-0.6569388240236752,-0.49993299482020825,0.9539392014169465
22.68229895891831,-1.1620476458202702,-0.4834105788587294,0.4032062528665601,-0.6531789260529677,-0.49993299963493143,0.9539392014169464
22.698006922186256,-1.1556421876428293,-0.49364077529952194,0.4123577693177268,-0.6493208715413225,-0.49993300466021484,0.9539392014169465
22.713714885454205,-1.1490930444328777,-0.5038095956572968,0.42150059475362034,-0.6453638900675925,-0.49993300990480827,0.9539392014169465
22.729422848722155,-1.1424003559232123,-0.5139154798588067,0.4306343115059673,-0.6413071904057907,-0.499933015377913,0.9539392014169465
22.745130811990105,-1.1355642685387692,-0.5239568552380283,0.43975848484595154,-0.6371499603134262,-0.4999330210892053,0.9539392014169465
22.760838775258055,-1.128584935669754,-0.5339321362043636,0.44887266231819667,-0.6328913663177422,-0.4999330270488608,0.9539392014169465
22.776546738526,-1.1214625179554076,-0.5438397239074705,0.4579763730519918,-0.6285305535001698,-0.49993303326757843,0.9539392014169464
22.79225470179395,-1.1141971835787754,-0.5536780058986923,0.46706912704883546,-0.6240666452793481,-0.4999330397566094,0.9539392014169464
22.8079626650619,-1.1067891085728554,-0.5634453557890708,0.47615041444534156,-0.6194987431930838,-0.49993304652778486,0.9539392014169465
22.82367062832985,-1.0992384771385233,-0.5731401329039274,0.48521970475051723,-0.61482592667966,-0.4999330535935457,0.9539392014169465
22.839378591597796,-1.091545481974643,-0.5827606819340044,0.494276446056388,-0.6100472528589319,-0.49993306096697426,0.9539392014169465
22.855086554865746,-1.083710324620791,-0.59230533258317,0.5033200642209102,-0.6051617563136908,-0.4999330686618283,0.9539392014169468
22.870794518133696,-1.0757332158130357,-0.6017723992126903,0.5123499620220743,-0.6001684488718088,-0.4999330766925758,0.9539392014169468
22.886502481401646,-1.0676143758532357,-0.6111601804820905,0.5213655182820633,-0.5950663193897239,-0.4999330850744327,0.9539392014169468
22.902210444669596,-1.0593540349923363,-0.6204669589866251,0.5303660869602953,-0.5898543335378686,-0.4999330938234017,0.9539392014169469
22.91791840793754,-1.0509524338281595,-0.6296910008913972,0.5393509962141334,-0.58453143358869,-0.49993310295631443,0.9539392014169468
22.93362637120549,-1.0424098237182096,-0.6388305555621704,0.5483195474260125,-0.579096538207964,-0.4999331124908749,0.9539392014169467
22.94933433447344,-1.033726467208027,-0.6478838551929313,0.5572710141956835,-0.5735485422501607,-0.499933122445706,0.9539392014169467
22.96504229774139,-1.0249026384756525,-0.6568491144302727,0.5662046412962365,-0.5678863165586727,-0.4999331328403982,0.9539392014169464
22.980750261009337,-1.0159386237927799,-0.6657245299946802,0.5751196435925211,-0.5621087077717871,-0.49993314369556163,0.9539392014169463
22.996458224277287,-1.006834722003198,-0.6745082802988197,0.5840152049205327,-0.5562145381353428,-0.4999331550328795,0.9539392014169463
23.012166187545237,-0.9975912450191489,-0.6831985250629385,0.5928904769262927,-0.5502026053230902,-0.4999331668751673,0.9539392014169463
23.027874150813187,-0.9882085183362479,-0.6917934049275095,0.6017445778627013,-0.5440716822658457,-0.49993317924643166,0.9539392014169461
23.043582114081133,-0.9786868815676393,-0.7002910410632647,0.610576591342795,-0.5378205169906152,-0.4999331921719359,0.9539392014169461
23.059290077349083,-0.9690266889980836,-0.7086895347787853,0.6193855650477927,-0.5314478324709478,-0.49993320567826693,0.9539392014169461
23.074998040617032,-0.9592283101587021,-0.7169869671258341,0.628170509388267,-0.5249523264898751,-0.4999332197934066,0.9539392014169461
23.090706003884982,-0.9492921304231243,-0.7251813985026399,0.6369303961167266,-0.5183326715168899,-0.4999332345468084,0.9539392014169461
23.106413967152932,-0.9392185516258187,-0.7332708682553645,0.64566415688985,-0.5115875146005254,-0.49993324996947436,0.9539392014169461
23.122121930420878,-0.9290079927034103,-0.7412533942780126,0.6543706817785577,-0.5047154772782093,-0.49993326609404254,0.9539392014169461
23.137829893688828,-0.9186608903598181,-0.7491269726110673,0.6630488177240659,-0.4977151555051857,-0.499933282954873,0.9539392014169461
23.153537856956778,-0.9081776997560771,-0.7568895770391665,0.6716973669380122,-0.4905851196044312,-0.4999333005881424,0.9539392014169461
23.169245820224727,-0.8975588952257374,-0.7645391586881648,0.6803150852446997,-0.4833239142396243,-0.49993331903194316,0.9539392014169461
23.184953783492674,-0.8868049710167664,-0.7720736456219611,0.6889006803634574,-0.4759300584133763,-0.4999333383263872,0.9539392014169461
23.200661746760623,-0.8759164420609089,-0.779490942439505,0.697452810129069,-0.4684020454930871,-0.49993335851371656,0.953939201416946
23.216369710028573,-0.864893844771496,-0.7867889298724363,0.7059700806481815,-0.46073834326695473,-0.4999333796384185,0.953939201416946
23.232077673296523,-0.8537377378707237,-0.7939654643838511,0.7144510443895595,-0.45293739403284533,-0.49993340174734946,0.9539392014169461
23.247785636564473,-0.8424487032474581,-0.8010183777687333,0.7228941982060169,-0.44499761472291693,-0.4999334248898632,0.9539392014169461
23.26349359983242,-0.8310273468466567,-0.8079454767566361,0.7312979812858158,-0.4369173970670914,-0.49993344911794824,0.9539392014169461
23.27920156310037,-0.8194742995915325,-0.8147445426172487,0.7396607730312982,-0.42869510779868086,-0.49993347448637016,0.9539392014169461
23.29490952636832,-0.8077902183396201,-0.8214133307695383,0.7479808908624801,-0.4203290889057012,-0.49993350105282536,0.9539392014169462
23.310617489636268,-0.7959757868739414,-0.8279495703952112,0.7562565879433218,-0.4118176579316448,-0.4999335288780992,0.9539392014169462
23.326325452904214,-0.7840317169305039,-0.8343509640573045,0.7644860508283667,-0.40315910832973995,-0.4999335580262358,0.9539392014169463
23.342033416172164,-0.7719587492633988,-0.8406151873247765,0.7726673970274333,-0.39435170987499385,-0.4999335885647151,0.9539392014169462
23.357741379440114,-0.7597576547488066,-0.846739888404043,0.780798672486042,-0.3853937091386048,-0.4999336205646411,0.9539392014169463
23.373449342708064,-0.7474292355292507,-0.8527226877784722,0.7888778489792655,-0.3762833300296303,-0.4999336541009382,0.9539392014169462
23.389157305976013,-0.7349743261994769,-0.858561177856937,0.7969028214167063,-0.36701877440912256,-0.49993368925255943,0.9539392014169463
23.40486526924396,-0.7223937950353737,-0.8642529226326044,0.8048714050563353,-0.35759822278228204,-0.499933726102706,0.9539392014169463
23.42057323251191,-0.7096885452673821,-0.8697954573532328,0.8127813326249638,-0.34801983507454204,-0.4999337647390564,0.9539392014169463
23.43628119577986,-0.6968595163998786,-0.8751862882043416,0.820630251343178,-0.33828175149787704,-0.49993380525401043,0.9539392014169463
23.45198915904781,-0.6839076855780494,-0.8804228920067251,0.8284157198526353,-0.3283820935140322,-0.4999338477449425,0.9539392014169465
23.467697122315755,-0.6708340690038052,-0.8855027159298829,0.8361352050437106,-0.3183189649017959,-0.4999338923144714,0.9539392014169465
23.483405085583705,-0.6576397234023181,-0.890423177223063,0.8437860787815924,-0.30809045293588644,-0.499933939070741,0.9539392014169465
23.499113048851655,-0.6443257475407892,-0.8951816629657282,0.8513656145290567,-0.29769462968549715,-0.4999339881277165,0.9539392014169464
23.514821012119604,-0.6308932838010837,-0.8997755298393938,0.858870983864308,-0.28712955344104113,-0.4999340396054959,0.9539392014169464
23.530528975387554,-0.6173435198078937,-0.9042021039229171,0.8662992528924575,-0.2763932702781622,-0.499934093630635,0.9539392014169464
23.5462369386555,-0.6036776901141109,-0.9084586805134692,0.8736473785494249,-0.2654838157686264,-0.4999341503364904,0.9539392014169464
23.56194490192345,-0.5898970779451052,-0.9125425239755742,0.8809122047973025,-0.25439921684828776,-0.499934209863578,0.9539392014169464
23.5776528651914,-0.576003017003623,-0.9164508676207651,0.8880904587105013,-0.24313749385292446,-0.49993427235994703,0.9539392014169465
23.59336082845935,-0.5619968933370242,-0.9201809136205802,0.8951787464523326,-0.23169666273337577,-0.49993433798157444,0.9539392014169467
23.609068791727296,-0.5478801472685793,-0.9237298329558097,0.9021735491420484,-0.22007473746206913,-0.499934406892775,0.9539392014169467
23.624776754995246,-0.5336542753945472,-0.9270947654050956,0.909071218612789,-0.2082697326437167,-0.4999344792666296,0.9539392014169467
23.640484718263195,-0.5193208326487406,-0.9302728195761958,0.9158679730613649,-0.1962796663436771,-0.4999345552854337,0.9539392014169467
23.656192681531145,-0.5048814344362696,-0.9332610729834392,0.922559892591338,-0.18410256314822193,-0.4999346351411634,0.9539392014169467
23.671900644799095,-0.4903377588381253,-0.9360565721751308,0.9291429146514699,-0.17173645747171876,-0.49993471903596204,0.9539392014169468
23.68760860806704,-0.47569154888822895,-0.938656332914906,0.9356128293722853,-0.15917939712653872,-0.49993480718264377,0.9539392014169468
23.70331657133499,-0.46094461492452193,-0.9410573404212867,0.9419652748042475,-0.14642944717231873,-0.49993489980521905,0.9539392014169468
23.71902453460294,-0.44609883701561176,-0.9432565496699638,0.9481957320618868,-0.1334846940620516,-0.49993499713943823,0.9539392014169467
23.73473249787089,-0.4311561674644137,-0.9452508857636069,0.9542995203791516,-0.12034325010334214,-0.4999350994333534,0.9539392014169468
23.750440461138837,-0.4161186333901377,-0.9470372443743015,0.9602717920822864,-0.10700325825404691,-0.49993520694789934,0.9539392014169468
23.766148424406786,-0.40098833938986156,-0.9486124922640178,0.9661075274876816,-0.0934628972724102,-0.4999353199574939,0.9539392014169467
23.781856387674736,-0.3857674702808067,-0.9499734678888437,0.9718015297333986,-0.07972038724271054,-0.4999354387506519,0.9539392014169467
23.797564350942686,-0.37045829392428387,-0.9511169820930481,0.9773484195544605,-0.06577399549833846,-0.4999355636306174,0.9539392014169465
23.813272314210632,-0.3550631641321078,-0.952039818899392,0.982742630013521,-0.05162204296512787,-0.4999356949160109,0.9539392014169468
23.828980277478582,-0.33958452365608394,-0.9527387364024735,0.9879784012001934,-0.037262910948655886,-0.4999358329414865,0.9539392014169467
23.84468824074653,-0.3240249072609486,-0.9532104677722687,0.9930497749141496,-0.022695048390097516,-0.4999359780584006,0.9539392014169468
23.86039620401448,-0.308386944880891,-0.9534517223754255,0.9979505893490938,-0.00791697961606425,-0.4999361306354914,0.9539392014169468
23.87610416728243,-0.2926733648595014,-0.9534591870222732,1.0026744737968925,0.007072687391343627,-0.4999362910595566,0.9539392014169467
23.891812130550377,-0.27688699727266775,-0.9532295273479277,1.0072148433935066,0.022275252177295153,-0.499936459736138,0.9539392014169465
23.907520093818327,-0.2610307773335851,-0.9527593893363026,1.0115648939309447,0.03769191242214592,-0.4999366370902002,0.9539392014169464
23.923228057086277,-0.24510774887863981,-0.9520454009962759,1.0157175967622356,0.05332375394627495,-0.4999368235668006,0.9539392014169462
23.938936020354227,-0.22912106793248388,-0.951084174199708,1.0196656938294337,0.06917174008312146,-0.49993701963174564,0.9539392014169463
23.954643983622173,-0.21307400635011892,-0.9498723066914643,1.0234016928479126,0.08523670039135088,-0.499937225772228,0.9539392014169462
23.970351946890123,-0.1969699555332603,-0.9484063842820509,1.026917862683699,0.10151931867688296,-0.4999374424974321,0.9539392014169461
23.986059910158072,-0.18081243021764654,-0.9466829832339368,1.0302062289643497,0.1180201202955012,-0.4999376703391062,0.9539392014169462
24.001767873426022,-0.16460507232729185,-0.9446986728530897,1.0332585699678887,0.13473945870696158,-0.4999379098520853,0.9539392014169462
24.017475836693972,-0.14835165489094837,-0.9424500182977125,1.0360664128386163,0.15167750125196588,-0.4999381616147587,0.9539392014169463
24.03318379996192,-0.13205608601524257,-0.9399335836166095,1.0386210301831615,0.16883421412409655,-0.4999384262294665,0.9539392014169461
24.048891763229868,-0.11572241290807554,-0.9371459350300437,1.0409134371050024,0.18620934650986937,-0.49993870432281373,0.953939201416946
24.064599726497818,-0.09935482594492281,-0.9340836444663578,1.0429343887408038,0.20380241387149162,-0.4999389965458837,0.953939201416946
24.080307689765768,-0.08295766276963285,-0.9307432933680183,1.0446743783673273,0.22161268034876644,-0.4999393035743399,0.9539392014169461
24.096015653033714,-0.06653541242020003,-0.9271214767810976,1.0461236361533388,0.23963914025891309,-0.49993962610839127,0.9539392014169462
24.111723616301663,-0.050092719468773146,-0.9232148077425185,1.047272128636871,0.2578804986759346,-0.4999399648726024,0.953939201416946
24.127431579569613,-0.03363438816385065,-0.9190199219796537,1.0481095590143599,0.2763351510746215,-0.4999403206155282,0.953939201416946
24.143139542837563,-0.017165386561205642,-0.914533482937072,1.0486253683345526,0.2950011620283989,-0.49994069410914876,0.953939201416946
24.158847506105513,-0.0006908506285734355,-0.909752187145365,1.048808737696638,0.3138762429550729,-0.4999410861480722,0.953939201416946
24.17455546937346,0.01578391169247978,-0.9046727699470317,1.0486485915587402,0.3329577289101858,-0.4999414975484858,0.953939201416946
24.19026343264141,0.03225341648580878,-0.8992920115943631,1.048133602269688,0.3522425544342224,-0.49994192914681623,0.9539392014169461
24.20597139590936,0.04871199994119037,-0.8936067437341092,1.047252195943765,0.3717272284674013,-0.49994238179807116,0.953939201416946
24.22167935917731,0.0651538145381359,-0.8876138562934383,1.0459925598048758,0.391407808354315,-0.49994285637382607,0.953939201416946
24.237387322445255,0.08157282535711617,-0.8813103047812731,1.0443426511331513,0.41127987297032864,-0.4999433537598169,0.9539392014169459
24.253095285713204,0.09796280654443985,-0.874693118018509,1.0422902079533403,0.4313384950124918,-0.49994387485310365,0.9539392014169459
24.268803248981154,0.11431733795926409,-0.867759406309856,1.0398227616102889,0.4515782125098316,-0.49994442055876054,0.9539392014169461
24.284511212249104,0.13062980203354319,-0.8605063700690881,1.036927651382233,0.47199299962135527,-0.4999449917860541,0.9539392014169461
24.300219175517054,0.14689338087812948,-0.8529313089082935,1.0335920412873811,0.4925762368049499,-0.4999455894440644,0.9539392014169461
24.315927138785,0.1631010536707163,-0.8450316312002947,1.0298029392431423,0.5133206804566927,-0.49994621443670795,0.9539392014169461
24.33163510205295,0.1792455943638438,-0.8368048641217088,1.0255472187401737,0.5342184321378997,-0.49994686765711804,0.9539392014169461
24.3473430653209,0.19531956975375206,-0.828248664182128,1.020811643194945,0.5552609075265819,-0.4999475499813437,0.9539392014169461
24.36305102858885,0.21131533795344543,-0.8193608282425978,1.0155828931444937,0.5764388052508329,-0.4999482622613246,0.9539392014169461
24.378758991856795,0.22722504731589416,-0.8101393050239271,1.0098475964452285,0.5977420757840236,-0.49994900531710407,0.9539392014169461
24.394466955124745,0.24304063585582183,-0.8005822071023518,1.0035923616337044,0.6191598906054658,-0.49994977992825396,0.9539392014169462
24.410174918392695,0.25875383122096696,-0.7906878233866911,0.9968038146009609,0.6406806118553366,-0.4999505868244767,0.9539392014169461
24.425882881660645,0.27435615126602847,-0.7804546320673303,0.989468638722952,0.662291762738988,-0.4999514266753686,0.9539392014169461
24.441590844928594,0.28983890528466216,-0.7698813140231527,0.9815736185774533,0.6839799989631216,-0.499952300079335,0.9539392014169462
24.45729880819654,0.30519319595683325,-0.7589667666678814,0.9731056873622864,0.7057310815144434,-0.49995320755165096,0.9539392014169462
24.47300677146449,0.32040992207050023,-0.7477101182121951,0.964051978110384,0.7275298511200267,-0.4999541495116886,0.9539392014169462
24.48871473473244,0.3354797820779362,-0.7361107423124219,0.9543998787738137,0.7493602047573359,-0.4999551262693305,0.9539392014169461
24.50442269800039,0.3503932785479283,-0.7241682730706133,0.9441370912210445,0.7712050746102648,-0.49995613801061967,0.9539392014169461
24.520130661268336,0.3651407235755529,-0.7118826203443541,0.933251694159198,0.7930464098950923,-0.4999571847827087,0.9539392014169461
24.535838624536286,0.3797122452111359,-0.6992539853177914,0.9217322099555129,0.8148651620063799,-0.49995826647819563,0.9539392014169461
24.551546587804236,0.39409779496928615,-0.686282876278099,0.9095676752895746,0.8366412734568314,-0.49995938281895613,0.9539392014169461
24.567254551072185,0.40828715647746067,-0.6729701245339714,0.8967477155198923,0.8583536711062731,-0.49996053333961266,0.9539392014169461
24.58296251434013,0.42226995532129336,-0.6593169004048061,0.8832626225951086,0.8799802641923393,-0.49996171737080375,0.9539392014169461
24.59867047760808,0.4360356701408131,-0.6453247292010649,0.8691034362815764,0.9014979476882707,-0.4999629340224516,0.953939201416946
24.61437844087603,0.4495736450276118,-0.6309955071079687,0.8542620284154285,0.9228826115204959,-0.49996418216725313,0.9539392014169461
24.63008640414398,0.4628731032679194,-0.6163315168762794,0.838731189818951,0.9441091561793346,-0.49996546042465795,0.9539392014169461
24.64579436741193,0.4759231624703303,-0.6013354432155702,0.8225047194485643,0.9651515152492317,-0.49996676714561583,0.9539392014169462
24.661502330679877,0.4887128511095449,-0.586010387777199,0.805577515265718,0.9859826853693294,-0.4999681003984209,0.9539392014169462
24.677210293947827,0.5012311265088892,-0.5703598836063399,0.7879456662434121,1.0065747641099179,-0.4999694579559961,0.9539392014169461
24.692918257215776,0.513466894274527,-0.5543879089350331,0.7696065448409837,1.0268989962144004,-0.4999708372849909,0.9539392014169461
24.708626220483726,0.5254090291831598,-0.5380989001814811,0.7505588991995724,1.0469258286090062,-0.49997223553708325,0.9539392014169461
24.724334183751672,0.5370463975126452,-0.5214977640149185,0.730802944231846,1.0666249745228606,-0.4999736495428915,0.9539392014169461
24.740042147019622,0.5483678807913653,-0.5045898883405169,0.7103404507038856,1.0859654869886335,-0.4999750758089032,0.9539392014169461
24.755750110287572,0.559362400927435,-0.48738115205516297,0.6891748313365569,1.1049158419085279,-0.4999765105178291,0.9539392014169461
24.77145807355552,0.5700189466630244,-0.46987793342276873,0.6673112228903422,1.1234440307718134,-0.49997794953277763,0.9539392014169461
24.78716603682347,0.5803266012823382,-0.45208711691724257,0.6447565631437369,1.1415176629987533,-0.49997938840560496,0.953939201416946
24.802874000091418,0.5902745714842861,-0.43401609838257,0.6215196616332533,1.1591040777622934,-0.49998082238978003,0.9539392014169461
24.818581963359367,0.5998522173128246,-0.41567278836280264,0.5976112629951804,1.1761704650043632,-0.4999822464580308,0.9539392014169461
24.834289926627317,0.6090490830195678,-0.3970656134603,0.57304410173783,1.1926839952195933,-0.49998365532498257,0.953939201416946
24.849997889895267,0.6178549287148499,-0.3782035155884427,0.5478329472802328,1.2086119574276633,-0.4999850434749108,0.9539392014169462
24.865705853163213,0.6262597626452682,-0.35909594899534475,0.5219946381210805,1.223921904598778,-0.4999864051946509,0.9539392014169462
24.881413816431163,0.6342538739181944,-0.3397528749478912,0.49554810405180555,1.2385818056378026,-0.49998773461157764,0.9539392014169461
24.897121779699113,0.6418278654771632,-0.3201847539807277,0.46851437540125274,1.252560202874623,-0.4999890257364782,0.9539392014169461
24.912829742967062,0.6489726871168123,-0.3004025356325926,0.4409165783971833,1.2658263738549622,-0.4999902725109997,0.9539392014169462
24.928537706235012,0.6556796683125485,-0.28041764561249816,0.412779915851986,1.2783504960810534,-0.49999146885922663,0.953939201416946
24.94424566950296,0.6619405506287124,-0.26024197036058155,0.38413163252593563,1.2901038132192768,-0.4999926087428246,0.953939201416946
24.959953632770908,0.6677475194600979,-0.23988783899271957,0.3550009646898932,1.3010588011762307,-0.4999936862190486,0.9539392014169461
24.975661596038858,0.673093234855583,-0.21936800264394565,0.32541907359849076,1.3111893323497152,-0.4999946955008088,0.9539392014169461
24.991369559306808,0.677970861169648,-0.19869561125296784,0.2954189627918307,1.320470836290544,-0.4999956310178647,0.9539392014169459
25.007077522574754,0.6823740952879622,-0.1778841878582462,0.26503537936506527,1.3288804549683582,-0.4999964874781556,0.9539392014169459
25.022785485842704,0.6862971931771946,-0.15694760050469125,0.23430469957673444,1.3363971908225514,-0.49999725992818844,0.9539392014169458
25.038493449110653,0.6897349945168805,-0.13590003188858454,0.20326479940367195,1.3430020458001997,-0.49999794381137586,0.9539392014169458
25.054201412378603,0.6926829451825944,-0.11475594689627155,0.17195491088740633,1.3486781496379074,-0.4999985350232029,0.9539392014169459
25.069909375646553,0.6951371173648062,-0.09353005821898928,0.1404154653487462,1.3534108757341734,-0.49999902996212453,0.9539392014169459
25.0856173389145,0.6970942271264946,-0.07223729025132147,0.10868792476795339,1.3571879430827543,-0.499999425575142,0.953939201416946
25.10132530218245,0.6985516492246554,-0.050892741503695056,0.07681460283193961,1.359999502893994,-0.4999997193970984,0.9539392014169459
25.1170332654504,0.6995074290459471,-0.02951164577954605,0.04483847733188024,1.3618382087176673,-0.499999909582842,0.953939201416946
25.13274122871835,0.6999602915344953,-0.008109332384841982,0.012802995749589784,1.3626992690940154,-0.49999999493155445,0.9539392014169459
25.148449191986295,0.6999096470198556,0.013298814348833352,-0.019248124005351912,1.3625804819949574,-0.499999974902692,0.9539392014169459
25.164157155254244,0.6993555938847893,0.03469739593676,-0.051271095656879186,1.3614822505697792,-0.49999984962319755,0.9539392014169457
25.179865118522194,0.698298918045284,0.05607104071266252,-0.08322226731975338,1.3594075799732233,-0.4999996198858022,0.9539392014169457
25.195573081790144,0.6967410892485211,0.07740444460154158,-0.11505832283781246,1.3563620553226987,-0.49999928713847097,0.9539392014169455
25.211281045058094,0.6946842542276677,0.09868241139875997,-0.1467364796145072,1.3523538010990153,-0.4999988534652191,0.9539392014169455
25.22698900832604,0.6921312267848154,0.11988989226741058,-0.17821468091192233,1.347393422565346,-0.49999832155873714,0.9539392014169454
25.24269697159399,0.6890854749045203,0.14101202417702496,-0.2094517806958694,1.3414939300260598,-0.4999976946854233,0.9539392014169457
25.25840493486194,0.6855511050296611,0.16203416702146228,-0.2404077192396763,1.3346706469750746,-0.49999697664359755,0.9539392014169457
25.27411289812989,0.681532843658224,0.1829419391720133,-0.271043687864198,1.3269411033876046,-0.4999961717157816,0.9539392014169459
25.289820861397835,0.6770360164437007,0.20372125124295062,-0.3013222813817881,1.3183249155854744,-0.4999952846160559,0.953939201416946
25.305528824665785,0.6720665250027046,0.2243583378704904,-0.3312076370223845,1.3088436542514168,-0.49999432043355363,0.9539392014169459
25.321236787933735,0.6666308216508771,0.24483978733188932,-0.36066555884497703,1.2985207022797214,-0.49999328457321357,0.9539392014169458
25.336944751201685,0.6607358823020022,0.2651525688586527,-0.3896636268718642,1.2873811042281182,-0.499992182694904,0.9539392014169459
25.35265271446963,0.6543891777753591,0.28528405752602304,-0.4181712904206133,1.2754514091786813,-0.4999910206520227,0.9539392014169459
25.36836067773758,0.6475986437627266,0.3052220566295176,-0.44615994534407,1.2627595088246277,-0.49998980443061436,0.9539392014169459
25.38406864100553,0.6403726497091696,0.32495481748776406,-0.4736029951170375,1.249334472576827,-0.4999885400899857,0.9539392014169459
25.39977660427348,0.6327199668609486,0.344471056638756,-0.5004758959248118,1.2352063814310685,-0.49998723370569687,0.9539392014169458
25.41548456754143,0.6246497357298081,0.3637599704234748,-0.5267561861096745,1.220406162257711,-0.49998589131569426,0.953939201416946
25.431192530809376,0.6161714332157973,0.38281124697620134,-0.5524235005134878,1.2049654240728023,-0.4999845188702444,0.9539392014169459
25.446900494077326,0.6072948396209727,0.40161507566444304,-0.5774595704152138,1.1889162977279946,-0.49998312218617913,0.9539392014169461
25.462608457345276,0.5980300057741817,0.4201621540429558,-0.6018482098997747,1.1722912803196106,-0.499981706905851,0.953939201416946
25.478316420613226,0.5883872204729999,0.43844369240563774,-0.6255752896082035,1.155123085469168,-0.49998027846106385,0.9539392014169462
25.49402438388117,0.5783769784331774,0.456451416035975,-0.6486286989082191,1.1374445004724967,-0.49997884204212173,0.9539392014169461
25.50973234714912,0.5680099489190241,0.47417756527114285,-0.67099829758956,1.1192882511561115,-0.4999774025720256,0.953939201416946
25.52544031041707,0.5572969452103912,0.49161489350678905,-0.6926758582305431,1.100686875121196,-0.4999759646857532,0.953939201416946
25.54114827368502,0.5462488950436634,0.5087566632789774,-0.7136550004027598,1.0816726039005558,-0.4999745327144576,0.9539392014169461
25.55685623695297,0.534876812145762,0.5255966405668223,-0.7339311178813512,1.0622772544049186,-0.499973110674353,0.9539392014169461
25.572564200220917,0.5231917689618935,0.5421290874641177,-0.753501300010954,1.0425321298942465,-0.49997170225999077,0.9539392014169461
25.588272163488867,0.5112048706599143,0.5583487533708932,-0.7723642483443995,1.0224679305791091,-0.49997031084158317,0.9539392014169461
25.603980126756817,0.49892723047695176,0.5742508648565026,-0.7905201896249329,1.0021146738379898,-0.49996893946599563,0.9539392014169462
25.619688090024766,0.48636994645751325,0.5898311143447329,-0.8079707861254116,0.9815016239296062,-0.49996759086101505,0.9539392014169463
25.635396053292713,0.4735440796168841,0.6050856477687397,-0.8247190442919944,0.9606572309854491,-0.4999662674424755,0.9539392014169463
25.651104016560662,0.46046063354927996,0.6200110513395509,-0.8407692225674045,0.9396090789869641,-0.49996497132384166,0.9539392014169463
25.666811979828612,0.4471305354870625,0.6346043375666569,-0.856126739192045,0.9183838423639895,-0.49996370432784565,0.9539392014169463
25.682519943096562,0.4335646188054048,0.6488629306630137,-0.8707980807019139,0.8970072507958226,-0.4999624679997916,0.9539392014169463
25.69822790636451,0.4197736069561302,0.6627846514598262,-0.8847907117621112,0.8755040617530108,-0.49996126362216753,0.9539392014169463
25.713935869632458,0.40576809880504144,0.6763677019489266,-0.8981129868952071,0.8538980402858715,-0.4999600922302265,0.9539392014169464
25.729643832900408,0.3915585553388945,0.6896106495625944,-0.9107740645861074,0.8322119455439417,-0.4999589546282277,0.9539392014169465
25.745351796168357,0.37715528770120316,0.7025124112924318,-0.9227838241703358,0.8104675234980602,-0.499957851406056,0.9539392014169465
25.761059759436307,0.3625684465102443,0.7150722377405406,-0.9341527858416833,0.7886855053325621,-0.499956782955982,0.9539392014169465
25.776767722704253,0.34780801240789644,0.727289697187887,-0.9448920340485855,0.766885610978088,-0.4999557494893352,0.9539392014169464
25.792475685972203,0.33288378778421873,0.7391646597564655,-0.9550131444868282,0.7450865572647343,-0.4999547510529181,0.9539392014169465
25.808183649240153,0.31780538961988136,0.7506972817338011,-0.9645281148395496,0.7233060701897196,-0.4999537875449943,0.9539392014169465
25.823891612508103,0.3025822433866113,0.7618879901205148,-0.9734492993641531,0.7015609008124685,-0.4999528587307336,0.9539392014169465
25.839599575776052,0.2872235779446358,0.772737467454184,-0.9817893473797031,0.6798668443121301,-0.4999519642570047,0.9539392014169465
25.855307539044,0.27173842137560345,0.7832466369556174,-0.9895611456675744,0.6582387617672747,-0.499951103666442,0.9539392014169465
25.87101550231195,0.25613559768956434,0.7934166480369451,-0.9967777647624172,0.6366906042440941,-0.49995027641072576,0.9539392014169465
25.886723465579898,0.2404237243452108,0.8032488622046463,-1.0034524090796606,0.615235438807245,-0.4999494818630431,0.9539392014169465
25.902431428847848,0.22461121052364794,0.8127448393847945,-1.009598370799542,0.593885476095943,-0.499948719329702,0.9539392014169465
25.918139392115794,0.20870625609741017,0.8219063246924132,-1.0152289874057179,0.5726520991365518,-0.4999479880608927,0.9539392014169465
25.933847355383744,0.19271685123819587,0.8307352356618961,-1.0203576027585488,0.5515458930913112,-0.499947287260605,0.9539392014169465
25.949555318651694,0.17665077660880268,0.8392336499509461,-1.0249975315688171,0.5305766756706554,-0.49994661609571045,0.9539392014169465
25.965263281919643,0.1605156040869532,0.8474037935264264,-1.0291620271265987,0.5097535279635196,-0.4999459737042343,0.9539392014169465
25.98097124518759,0.14431869797105767,0.8552480293368627,-1.0328642521319076,0.48908482546589555,-0.4999453592028489,0.9539392014169464
25.99667920845554,0.12806721662042203,0.8627688464730854,-1.0361172524682483,0.46857826911250394,-0.4999447716936196,0.9539392014169465
26.01238717172349,0.11176811448493877,0.8699688498156194,-1.03893393375702,0.4482409161396913,-0.49994421027004243,0.9539392014169464
26.02809513499144,0.09542814448186004,0.8768507501649134,-1.041327040529521,0.4280792106294403,-0.49994367402241335,0.9539392014169465
26.04380309825939,0.07905386067981933,0.883417354848299,-1.043309137853809,0.408099013604667,-0.4999431620425737,0.9539392014169463
26.059511061527335,0.06265162125281376,0.88967155879569,-1.0448925952556471,0.38830563256474604,-0.49994267342807275,0.9539392014169463
26.075219024795285,0.04622759166936418,0.8956163360744284,-1.0460895727759236,0.3687038503674649,-0.4999422072857902,0.9539392014169463
26.090926988063234,0.029787748084516487,0.901254731872337,-1.046912009011117,0.349297953379387,-0.49994176273505897,0.9539392014169462
26.106634951331184,0.013337880904721612,0.9065898549169348,-1.047371610988333,0.3300917588309483,-0.49994133891033743,0.9539392014169464
26.12234291459913,-0.0031164015020780536,0.9116248703178754,-1.0474798457320331,0.3110886413255731,-0.4999409349634605,0.9539392014169464
26.13805087786708,-0.01956966897662964,0.9163629928189713,-1.0472479333856373,0.29229155846374616,-0.4999405500655132,0.9539392014169464
26.15375884113503,-0.036016665642192164,0.9208074804456355,-1.046686841757575,0.2737030755533831,-0.49994018340836677,0.9539392014169464
26.16946680440298,-0.05245230590337665,0.9249616285332056,-1.0458072821679756,0.2553253893870833,-0.4999398342058998,0.9539392014169463
26.18517476767093,-0.06887167038948837,0.9288287641213696,-1.0446197064789158,0.23716035107500283,-0.49993950169495227,0.9539392014169463
26.200882730938876,-0.08527000186006953,0.9324122406998056,-1.0431343051979085,0.21920948792923123,-0.4999391851360281,0.9539392014169463
26.216590694206825,-0.10164270108866079,0.9357154332901261,-1.041361006551037,0.20147402440177564,-0.49993888381378326,0.9539392014169461
26.232298657474775,-0.11798532273922563,0.9387417338493035,-1.0393094764287587,0.18395490208362011,-0.4999385970373217,0.9539392014169461
26.248006620742725,-0.13429357124820923,0.9414945469799034,-1.0369891191138763,0.16665279877692005,-0.499938324140322,0.9539392014169462
26.26371458401067,-0.15056329672383267,0.9439772859326809,-1.0344090787074556,0.14956814665627668,-0.4999380644810194,0.9539392014169462
26.27942254727862,-0.1667904908729485,0.9461933688873674,-1.031578241174538,0.13270114953828527,-0.49993781744205856,0.9539392014169461
26.29513051054657,-0.18297128296460274,0.9481462154978049,-1.0285052369373093,0.11605179928122791,-0.4999375824302418,0.9539392014169461
26.31083847381452,-0.1991019358383573,0.9498392436879453,-1.0251984439489588,0.09961989133894679,-0.49993735887617874,0.9539392014169462
26.32654643708247,-0.2151788419644201,0.9512758666856235,-1.0216659911867478,0.08340503949464233,-0.49993714623386465,0.9539392014169462
26.342254400350416,-0.23119851956170553,0.9524594902814326,-1.0179157625078283,0.06740668980164684,-0.4999369439801885,0.9539392014169461
26.357962363618366,-0.2471576087790986,0.95339351030046,-1.0139554008160834,0.05162413375917336,-0.49993675161439066,0.953939201416946
26.373670326886316,-0.26305286794442057,0.9540813102750901,-1.0097923124927248,0.0360565207516774,-0.49993656865747704,0.953939201416946
26.389378290154266,-0.27888116988488454,0.9545262593075348,-1.0054336720475638,0.020702869780835385,-0.4999363946516001,0.953939201416946
26.405086253422212,-0.2946394983221849,0.954731710111207,-1.000886426951784,0.005562080519274249,-0.49993622915941527,0.953939201416946
26.42079421669016,-0.31032494434477914,0.9547009972205149,-0.9961573026167031,-0.009367056284884453,-0.49993607176341676,0.953939201416946
26.43650217995811,-0.3259347029593895,0.9544374353591035,-0.9912528074864031,-0.02408584902384671,-0.49993592206526394,0.9539392014169459
26.45221014322606,-0.34146606972327453,0.953944317957027,-0.9861792382152723,-0.03859569603790467,-0.49993577968510156,0.953939201416946
26.46791810649401,-0.35691643745838825,0.9532249158077748,-0.9809426849044219,-0.052898076987213494,-0.49993564426087533,0.953939201416946
26.483626069761957,-0.3722832930481583,0.9522824758565065,-0.975549036373648,-0.06699454476028019,-0.49993551544765374,0.953939201416946
26.499334033029907,-0.3875642143172688,0.95112022011128,-0.9700039854481007,-0.08088671789255217,-0.49993539291695294,0.9539392014169459
26.515041996297857,-0.40275686699452407,0.9497413446694642,-0.9643130342411204,-0.09457627346925183,-0.4999352763560713,0.953939201416946
26.530749959565807,-0.41785900175859664,0.948149018851931,-0.9584814994168072,-0.10806494048741305,-0.4999351654674362,0.9539392014169461
26.546457922833753,-0.43286845136621976,0.9463463844380056,-0.9525145174178287,-0.12135449365292213,-0.4999350599679623,0.953939201416946
26.562165886101702,-0.44778312786217145,0.9443365549945297,-0.9464170496457355,-0.13444674758923894,-0.4999349595884264,0.953939201416946
26.577873849369652,-0.46260101987021146,0.9421226152927515,-0.9401938875826733,-0.14734355143536423,-0.4999348640728573,0.9539392014169458
26.593581812637602,-0.47732018996396897,0.939707620807098,-0.9338496578448541,-0.160046783811517,-0.4999347731779443,0.9539392014169459
26.609289775905552,-0.4919387721166388,0.9370945972902223,-0.9273888271594867,-0.17255834813188559,-0.4999346866724632,0.953939201416946
26.624997739173498,-0.506454969228224,0.9342865404190309,-0.9208157072580877,-0.18488016824471123,-0.4999346043367199,0.953939201416946
26.640705702441448,-0.5208670507289599,0.931286415506702,-0.9141344596801932,-0.19701418438084656,-0.49993452596201515,0.953939201416946
26.656413665709398,-0.5351733502574698,0.9280971572759923,-0.9073491004824898,-0.20896234939280317,-0.49993445135012726,0.953939201416946
26.672121628977347,-0.549372263412131,0.9247216696894089,-0.9004635048492848,-0.2207266252671547,-0.49993438031281434,0.9539392014169459
26.687829592245293,-0.5634622455740722,0.9211628258320826,-0.8934814116010422,-0.23230897989399382,-0.49993431267133515,0.953939201416946
26.703537555513243,-0.5774418098001797,0.9174234678434299,-0.8864064275984401,-0.2437113840779513,-0.4999342482559916,0.953939201416946
26.719245518781193,-0.5913095247844524,0.9135064068939277,-0.8792420320400569,-0.25493580877606986,-0.4999341869056861,0.953939201416946
26.734953482049143,-0.6050640128860236,0.909414423203551,-0.8719915806523728,-0.2659842225485841,-0.4999341284675013,0.9539392014169459
26.75066144531709,-0.6187039482221488,0.9051502660986334,-0.864658309771295,-0.27685858920938994,-0.4999340727962951,0.9539392014169457
26.76636940858504,-0.6322280548244523,0.9007166541041165,-0.857245340314871,-0.2875608656636903,-0.49993401975431495,0.9539392014169459
26.78207737185299,-0.6456351048567217,0.8961162750683437,-0.8497556816472644,-0.29809299992098204,-0.4999339692108299,0.9539392014169459
26.79778533512094,-0.6589239168925447,0.8913517863177335,-0.8421922353344251,-0.30845692927219465,-0.4999339210417764,0.9539392014169459
26.813493298388888,-0.6720933542510916,0.8864258148388398,-0.8345577987921986,-0.31865457862041485,-0.4999338751294247,0.9539392014169459
26.829201261656834,-0.6851423233893611,0.881340957485467,-0.8268550688278973,-0.32868785895522173,-0.4999338313620567,0.9539392014169459
26.844909224924784,-0.6980697723492237,0.8760997812086609,-0.8190866450765911,-0.33855866596122375,-0.4999337896336621,0.9539392014169459
26.860617188192734,-0.7108746892576224,0.8707048233075376,-0.8112550333335837,-0.34826887875192797,-0.49993374984364697,0.9539392014169459
26.876325151460684,-0.7235561008783091,0.8651585916990508,-0.8033626487847133,-0.3578203587205849,-0.49993371189655755,0.9539392014169461
26.89203311472863,-0.7361130712135274,0.8594635652049232,-0.7954118191362689,-0.3672149485001393,-0.49993367570181746,0.9539392014169461
26.90774107799658,-0.748544700154079,0.853622193854087,-0.7874047876464368,-0.37645447102488255,-0.49993364117347705,0.953939201416946
26.92344904126453,-0.7608501221762421,0.8476368991990952,-0.7793437160602942,-0.3855407286868382,-0.4999336082299757,0.9539392014169461
26.93915700453248,-0.7730285050840429,0.8415100746450648,-0.7712306874504529,-0.3944755025803324,-0.49993357679391615,0.9539392014169461
26.95486496780043,-0.7850790487954156,0.83524408578982,-0.7630677089655217,-0.4032605518285934,-0.49993354679184915,0.9539392014169461
26.970572931068375,-0.7970009841708197,0.8288412707739921,-0.754856714488606,-0.4118976129865973,-0.4999335181540706,0.9539392014169462
26.986280894336325,-0.8087935718829189,0.8223039406399214,-0.7465995672081023,-0.4203883995147322,-0.4999334908144275,0.9539392014169461
27.001988857604275,-0.8204561013259626,0.8156343796982934,-0.7382980621030674,-0.4287346013181846,-0.4999334647101341,0.9539392014169461
27.017696820872224,-0.8319878895635446,0.8088348459015118,-0.7299539283454599,-0.4369378843472671,-0.4999334397815981,0.9539392014169461
27.03340478414017,-0.8433882803134536,0.8019075712228891,-0.721568831621551,-0.44499989025420594,-0.499933415972255,0.9539392014169462
27.04911274740812,-0.854656642968361,0.7948547620408032,-0.7131443763748021,-0.45292223610218396,-0.4999333932284117,0.9539392014169462
27.06482071067607,-0.8657923716511331,0.7876785995270285,-0.7046821079724909,-0.46070651412270197,-0.49993337149909745,0.9539392014169463
27.08052867394402,-0.8767948843035864,0.7803812400385148,-0.6961835147983539,-0.46835429151756897,-0.4999333507359228,0.9539392014169463
27.09623663721197,-0.8876636218075413,0.7729648155119401,-0.6876500302734855,-0.47586711030206696,-0.49993333089294656,0.9539392014169463
27.111944600479916,-0.8983980471370662,0.7654314338604151,-0.6790830348077075,-0.4832464871860566,-0.49993331192654794,0.9539392014169463
27.127652563747866,-0.908997644540835,0.7577831793717721,-0.6704838576835904,-0.49049391348999805,-0.49993329379530815,0.9539392014169462
27.143360527015815,-0.9194619187535593,0.7500221131079082,-0.6618537788752706,-0.4976108550930569,-0.49993327645989516,0.9539392014169461
27.159068490283765,-0.9297903942354868,0.7421502733047033,-0.6531940308041683,-0.5045987524106487,-0.4999332598829562,0.9539392014169461
27.17477645355171,-0.9399826144389901,0.7341696757720696,-0.6445058000336709,-0.5114590203989478,-0.49993324402901596,0.9539392014169461
27.19048441681966,-0.9500381411013048,0.7260823142937277,-0.6357902289048015,-0.51819304858405,-0.49993322886437974,0.9539392014169462
27.20619238008761,-0.9599565535625051,0.7178901610263401,-0.627048417114848,-0.5248022011136293,-0.4999332143570412,0.9539392014169462
27.22190034335556,-0.969737448107836,0.7095951668976643,-0.6182814232408804,-0.5312878168290726,-0.4999332004765962,0.9539392014169462
27.23760830662351,-0.9793804373335511,0.7011992620034203,-0.609490266210039,-0.5376512093562111,-0.4999331871941595,0.9539392014169461
27.253316269891457,-0.9888851495354354,0.692704356002593,-0.6006759267184261,-0.5438936672128931,-0.499933174482288,0.9539392014169461
27.269024233159406,-0.9982512281192195,0.6841123385109199,-0.5918393486003862,-0.5500164539317588,-0.4999331623149058,0.9539392014169461
27.284732196427356,-1.007478331032119,0.6754250794923377,-0.5829814401499127,-0.5560208081966928,-0.49993315066723487,0.9539392014169461
27.300440159695306,-1.0165661302147613,0.666644429648182,-0.5741030753958667,-0.561907943991529,-0.49993313951572826,0.9539392014169463
27.316148122963252,-1.0255143110727887,0.6577722208039624,-0.5652050953326514,-0.5676790507596849,-0.4999331288380081,0.9539392014169463
27.331856086231202,-1.0343225719674471,0.6488102662935474,-0.5562883091079324,-0.573335293573488,-0.49993311861280515,0.9539392014169463
27.34756404949915,-1.0429906237245024,0.6397603613406201,-0.5473534951689487,-0.5788778133120474,-0.49993310881990294,0.9539392014169463
27.3632720127671,-1.0515181891608418,0.6306242834372748,-0.538401402368915,-0.5843077268466007,-0.4999330994400847,0.9539392014169462
27.37897997603505,-1.0599050026281487,0.6214037927196497,-0.5294327510349649,-0.5896261272323424,-0.4999330904550822,0.9539392014169463
27.394687939302997,-1.0681508095730545,0.6121006323404976,-0.5204482339990449,-0.5948340839058085,-0.49993308184752805,0.9539392014169463
27.410395902570947,-1.0762553661132004,0.6027165288386168,-0.5114485175931204,-0.5999326428869595,-0.49993307360091077,0.9539392014169461
27.426103865838897,-1.0842184386286537,0.5932531925050738,-0.5024342426100139,-0.6049228269851648,-0.4999330656995316,0.9539392014169461
27.441811829106847,-1.092039803368156,0.5837123177461632,-0.49340602523115323,-0.6098056360083464,-0.49993305812846256,0.9539392014169461
27.457519792374793,-1.099719246069685,0.5740955834430591,-0.48436445792246435,-0.6145820469745973,-0.49993305087351053,0.9539392014169461
27.473227755642743,-1.107256561594848,0.5644046533081275,-0.47531011029960485,-0.6192530143256368,-0.49993304392117816,0.9539392014169461
27.488935718910692,-1.114651553576627,0.5546411762378716,-0.4662435299636941,-0.6238194701415128,-0.49993303725863014,0.9539392014169462
27.504643682178642,-1.1219040340800253,0.5448067866624989,-0.45716524330865776,-0.628282324356005,-0.4999330308736618,0.9539392014169461
27.52035164544659,-1.1290138232751779,0.5349031048921001,-0.448075756301267,-0.6326424649722232,-0.49993302475466544,0.9539392014169462
27.536059608714538,-1.135980749122503,0.5249317374594421,-0.43897555523491716,-0.6369007582779342,-0.4999330188906028,0.9539392014169462
27.551767571982488,-1.142804647069493,0.5148942774593828,-0.42986510745815526,-0.6410580490601824,-0.4999330132709767,0.9539392014169463
27.567475535250438,-1.1494853597587542,0.5047923048849213,-0.420744862078932,-0.6451151608188078,-0.49993300788580475,0.9539392014169463
27.583183498518387,-1.1560227367469214,0.49462738695990516,-0.4116152506455206,-0.6490728959784919,-0.4999330027255933,0.9539392014169463
27.598891461786334,-1.1624166342340891,0.48440107846841857,-0.40247668780501383,-0.6529320360989916,-0.4999329977813157,0.9539392014169463
27.614599425054283,-1.1686669148034152,0.474114922080885,-0.39332957194027884,-0.656693342083248,-0.4999329930443878,0.9539392014169464
27.630307388322233,-1.174773447170561,0.46377044867691797,-0.3841742857862212,-0.6603575543830833,-0.49993298850664836,0.9539392014169463
27.646015351590183,-1.180736105942656,0.4533691776649609,-0.37501119702617913,-0.663925393202219,-0.49993298416033777,0.9539392014169463
27.66172331485813,-1.1865547713864746,0.4429126172987599,-0.3658406588692425,-0.667397558696374,-0.4999329799980791,0.9539392014169462
27.67743127812608,-1.1922293292055368,0.43240226499071793,-0.3566630106092642,-0.6707747311702169,-0.4999329760128607,0.9539392014169463
27.69313924139403,-1.1977596703258477,0.4218396076221797,-0.34747857816630606,-0.6740575712709702,-0.4999329721980187,0.9539392014169463
27.70884720466198,-1.2031456906900078,0.41122612185070334,-0.3382876746112358,-0.6772467201784762,-0.4999329685472204,0.9539392014169463
27.72455516792993,-1.208387291059434,0.40056327441437484,-0.3290906006741694,-0.6803427997915547,-0.4999329650544495,0.9539392014169463
27.740263131197874,-1.2134843768244419,0.3898525224332247,-0.3198876452374286,-0.6833464129104954,-0.49993296171399165,0.9539392014169462
27.755971094465824,-1.2184368578219542,0.3790953137078093,-0.31067908581366266,-0.6862581434155415,-0.49993295852041975,0.9539392014169462
27.771679057733774,-1.2232446481606039,0.36829308701502034,-0.30146518900976205,-0.6890785564412343,-0.4999329554685822,0.9539392014169463
27.787387021001724,-1.2279076660530155,0.35744727240118884,-0.29224621097717063,-0.6918081985465002,-0.4999329525535897,0.9539392014169463
27.80309498426967,-1.232425833655057,0.34655929147255154,-0.2830223978491849,-0.6944475978803726,-0.4999329497708044,0.9539392014169462
27.81880294753762,-1.236799076911859,0.33563055768314826,-0.27379398616580947,-0.6969972643432506,-0.49993294711582736,0.9539392014169461
27.83451091080557,-1.2410273254104127,0.32466247662022213,-0.26456120328671956,-0.6994576897436061,-0.4999329445844907,0.9539392014169462
27.85021887407352,-1.2451105122385635,0.3136564462871942,-0.2553242677928663,-0.7018293479500598,-0.49993294217284473,0.9539392014169463
27.86592683734147,-1.2490485738502255,0.30261385738428587,-0.24608338987724135,-0.7041126950387531,-0.4999329398771515,0.9539392014169464
27.881634800609415,-1.2528414499366516,0.29153609358686366,-0.23683877172530454,-0.7063081694359519,-0.49993293769387426,0.9539392014169463
27.897342763877365,-1.2564890833035998,0.2804245318215815,-0.227590607885562,-0.7084161920558234,-0.4999329356196698,0.9539392014169463
27.913050727145315,-1.2599914197542446,0.2692805425403974,-0.21833908563076806,-0.7104371664333338,-0.49993293365138003,0.9539392014169462
27.928758690413265,-1.2633484079776909,0.25810548999254046,-0.20908438531021112,-0.7123714788522196,-0.49993293178602616,0.9539392014169461
27.94446665368121,-1.2665599994429535,0.2469007324945071,-0.1998266806935309,-0.7142194984679927,-0.49993293002080014,0.9539392014169462
27.96017461694916,-1.2696261482982714,0.23566762269816413,-0.19056613930650193,-0.7159815774259392,-0.4999329283530592,0.9539392014169461
27.97588258021711,-1.2725468112756364,0.2244075078570375,-0.18130292275920673,-0.7176580509740816,-0.4999329267803195,0.9539392014169463
27.99159054348506,-1.2753219476004183,0.21312173009086668,-0.17203718706701146,-0.7192492375710745,-0.4999329253002505,0.9539392014169462
28.00729850675301,-1.2779515189059762,0.20181162664850402,-0.16276908296474593,-0.7207554389890073,-0.4999329239106692,0.9539392014169462
28.023006470020956,-1.2804354891531544,0.19047853016923919,-0.1534987562144805,-0.7221769404110926,-0.4999329226095352,0.9539392014169464
28.038714433288906,-1.2827738245545623,0.1791237689426296,-0.14422634790728292,-0.7235140105242196,-0.49993292139494755,0.9539392014169465
28.054422396556856,-1.2849664935035505,0.16774866716691741,-0.13495199475932979,-0.7247669016063559,-0.49993292026513797,0.9539392014169464
28.070130359824805,-1.2870134665077944,0.15635454520611397,-0.12567582940273878,-0.7259358496087825,-0.4999329192184685,0.9539392014169464
28.08583832309275,-1.288914716127405,0.14494271984583326,-0.1163979806714807,-0.7270210742331482,-0.4999329182534274,0.9539392014169464
28.1015462863607,-1.2906702169174964,0.13351450454795577,-0.10711857388272268,-0.7280227790033336,-0.4999329173686259,0.9539392014169463
28.11725424962865,-1.2922799453751348,0.12207120970420426,-0.097837731113948,-0.7289411513321139,-0.4999329165627943,0.9539392014169463
28.1329622128966,-1.2937438798906111,0.11061414288871323,-0.08855557147619142,-0.729776362582613,-0.4999329158347799,0.9539392014169463
28.14867017616455,-1.2950620007029752,0.09914460910967407,-0.07927221138372352,-0.7305285681245408,-0.4999329151835446,0.9539392014169462
28.164378139432497,-1.2962342898597803,0.08766391106013793,-0.06998776482051249,-0.7311979073852084,-0.4999329146081616,0.9539392014169462
28.180086102700447,-1.2972607311809883,0.07617334936805806,-0.060702343603787,-0.7317845038953166,-0.49993291410781404,0.9539392014169463
28.195794065968396,-1.2981413102269939,0.06467422284565415,-0.05141605764501987,-0.7322884653295121,-0.49993291368179327,0.9539392014169464
28.211502029236346,-1.2988760142707299,0.05316782873818067,-0.042129015208648375,-0.7327098835417084,-0.49993291332949624,0.9539392014169465
28.227209992504292,-1.2994648322738185,0.04165546297218151,-0.03284132316884379,-0.7330488345951688,-0.4999329130504261,0.9539392014169463
28.242917955772242,-1.299907754866744,0.030138420403313253,-0.02355308726464017,-0.733305378787348,-0.49993291284418867,0.9539392014169464
28.258625919040192,-1.300204774333018,0.01861799506381938,-0.014264412353729767,-0.7334795606694907,-0.49993291271049345,0.9539392014169464
28.27433388230814,-1.3003558845973264,0.00709548040973784,-0.004975402665230718,-0.7335714090609853,-0.4999329126491522,0.9539392014169464
28.290041845576088,-1.3003610812176354,-0.0044278304320756676,0.004313837948268782,-0.7335809370584714,-0.4999329126600785,0.9539392014169464
28.305749808844038,-1.3002203613812557,-0.015950644417026264,0.013603205759086766,-0.7335081420396995,-0.4999329127432876,0.9539392014169464
28.321457772111987,-1.2999337239048554,-0.027471668335877858,0.022892596912941647,-0.7333530056621423,-0.49993291289889674,0.9539392014169465
28.337165735379937,-1.299501169238423,-0.03898960856778807,0.03218190717726188,-0.7331154938563572,-0.49993291312712523,0.9539392014169464
28.352873698647887,-1.2989226994731895,-0.050503170833197705,0.04147103168900841,-0.7327955568140982,-0.4999329134282948,0.9539392014169464
28.368581661915833,-1.2981983183535133,-0.062011059946492204,0.05075986470170654,-0.7323931289711796,-0.49993291380283045,0.9539392014169464
28.384289625183783,-1.2973280312927484,-0.0735119795683527,0.06004829933138271,-0.7319081289850882,-0.49993291425126113,0.9539392014169463
28.399997588451733,-1.2963118453931128,-0.08500463195771424,0.06933622730109992,-0.7313404597073482,-0.49993291477422136,0.9539392014169463
28.415705551719682,-1.2951497694695806,-0.09648771772324857,0.07862353868378374,-0.7306900081506362,-0.4999329153724531,0.9539392014169463
28.43141351498763,-1.2938418140778305,-0.10795993557428929,0.08791012164302814,-0.7299566454506502,-0.4999329160468055,0.9539392014169462
28.44712147825558,-1.2923879915462813,-0.1194199820711167,0.09719586217156759,-0.7291402268227323,-0.4999329167982391,0.9539392014169462
28.462829441523528,-1.290788316012255,-0.1308665513745202,0.10648064382709846,-0.7282405915132489,-0.4999329176278263,0.9539392014169461
28.478537404791478,-1.2890428034623138,-0.14229833499455577,0.11576434746512886,-0.7272575627457313,-0.49993291853675526,0.9539392014169461
28.494245368059428,-1.2871514717768142,-0.1537140215384163,0.1250468509685318,-0.7261909476617787,-0.4999329195263307,0.9539392014169459
28.509953331327374,-1.2851143407787409,-0.16511229645733233,0.1343280289734719,-0.7250405372567318,-0.4999329205979787,0.953939201416946
28.525661294595324,-1.2829314322868717,-0.17649184179242172,0.1436077525913702,-0.723806106310119,-0.4999329217532487,0.9539392014169461
28.541369257863273,-1.2806027701733451,-0.18785133591940534,0.15288588912656656,-0.7224874133108855,-0.4999329229938175,0.9539392014169461
28.557077221131223,-1.2781283804256962,-0.1991894532921074,0.16216230178933227,-0.7210842003774116,-0.499932924321493,0.9539392014169461
28.57278518439917,-1.2755082912134394,-0.2105048641846588,0.17143684940387927,-0.7195961931723316,-0.49993292573821846,0.9539392014169461
28.58849314766712,-1.2727425329592783,-0.22179623443232122,0.18070938611100448,-0.7180231008121641,-0.4999329272460764,0.9539392014169462
28.60420111093507,-1.269831138415029,-0.2330622251708514,0.18997976106500108,-0.7163646157717691,-0.4999329288472941,0.9539392014169462
28.61990907420302,-1.2667741427423527,-0.24430149257432388,0.19924781812445877,-0.714620413783646,-0.4999329305442477,0.9539392014169463
28.63561703747097,-1.2635715835983932,-0.2555126875913314,0.20851339553656778,-0.7127901537320936,-0.4999329323394687,0.9539392014169464
28.651325000738915,-1.2602235012264256,-0.2666944556794827,0.2177763256145308,-0.7108734775422518,-0.49993293423564894,0.9539392014169465
28.667032964006864,-1.2567299385516293,-0.27784543653811705,0.22703643440767757,-0.708870010064051,-0.4999329362356478,0.9539392014169465
28.682740927274814,-1.2530909412821016,-0.2889642638391562,0.23629354136386624,-0.7067793589510963,-0.4999329383424972,0.9539392014169464
28.698448890542764,-1.2493065580152347,-0.30004956495601376,0.2455474589837445,-0.7046011145345199,-0.49993294055941057,0.9539392014169463
28.71415685381071,-1.2453768403495917,-0.31109996069048446,0.2547979924664314,-0.7023348496918369,-0.49993294288978857,0.9539392014169464
28.72986481707866,-1.241301843002415,-0.3221140649975335,0.26404493934616907,-0.6999801197108464,-0.4999329453372282,0.9539392014169463
28.74557278034661,-1.2370816239329168,-0.3330904847079095,0.2732880891194792,-0.6975364621486235,-0.49993294790553044,0.9539392014169463
28.76128074361456,-1.2327162444715016,-0.34402781924850473,0.2825272228623475,-0.6950033966856541,-0.49993295059870974,0.9539392014169465
28.77698870688251,-1.228205769455082,-0.3549246603603855,0.2917621128369423,-0.6923804249751707,-0.4999329534210032,0.9539392014169465
28.792696670150455,-1.2235502673686578,-0.3657795918144185,0.3009925220873612,-0.6896670304877536,-0.49993295637688046,0.9539392014169464
28.808404633418405,-1.2187498104933308,-0.3765911891244197,0.3102182040238812,-0.6868626783512694,-0.49993295947105454,0.9539392014169463
28.824112596686355,-1.2138044750609451,-0.38735801925775215,0.31943890199517344,-0.683966815186227,-0.4999329627084927,0.9539392014169463
28.839820559954305,-1.2087143414155423,-0.3980786403433023,0.32865434884792444,-0.6809788689366396,-0.4999329660944286,0.9539392014169464
28.85552852322225,-1.2034794941818354,-0.4087516013767645,0.3378642664732895,-0.6778982486964897,-0.4999329696343745,0.9539392014169464
28.8712364864902,-1.1981000224409126,-0.4193754419231651,0.34706836533958324,-0.6747243445319074,-0.4999329733341349,0.9539392014169465
28.88694444975815,-1.192576019913393,-0.4299486918165608,0.3562663440105939,-0.6714565272991786,-0.4999329771998202,0.9539392014169465
28.9026524130261,-1.1869075851502628,-0.4404698708568453,0.36545788864888695,-0.6680941484587162,-0.49993298123786145,0.9539392014169465
28.918360376294046,-1.181094821731635,-0.45093748850360316,0.3746426725034416,-0.664636539885137,-0.49993298545502596,0.9539392014169465
28.934068339561996,-1.1751378384736821,-0.4613500435669502,0.38382035538094306,-0.6610830136736036,-0.49993298985843443,0.9539392014169465
28.949776302829946,-1.1690367496440053,-0.47170602389530314,0.3929905831000282,-0.6574328619426021,-0.4999329944555768,0.9539392014169467
28.965484266097896,-1.1627916751857121,-0.48200390606002413,0.4021529869277597,-0.6536853566333483,-0.49993299925433243,0.9539392014169468
28.981192229365845,-1.1564027409504907,-0.4922421550368886,0.4113071829975776,-0.649839749306025,-0.49993300426298865,0.9539392014169465
28.99690019263379,-1.149870078940973,-0.5024192238843286,0.42045277170795275,-0.6458952709330803,-0.4999330094902606,0.9539392014169465
29.01260815590174,-1.1431938275626992,-0.5125335534184062,0.42958933710093683,-0.6418511316898292,-0.499933014945314,0.9539392014169467
29.02831611916969,-1.136374131886005,-0.5225835718844791,0.43871644621977884,-0.6377065207426289,-0.4999330206377877,0.9539392014169465
29.04402408243764,-1.1294111439181684,-0.5325676946255197,0.44783364844474616,-0.6334606060349178,-0.49993302657781713,0.9539392014169467
29.059732045705587,-1.1223050228861617,-0.5424843237470576,0.45694047480625993,-0.6291125340714353,-0.49993303277606027,0.9539392014169467
29.075440008973537,-1.1150559355303766,-0.5523318477787206,0.4660364372744227,-0.6246614297009658,-0.49993303924372445,0.9539392014169468
29.091147972241487,-1.107664056409697,-0.5621086413323522,0.47512102802398337,-0.620106395897981,-0.49993304599259464,0.9539392014169468
29.106855935509437,-1.100129568218315,-0.571813064756692,0.4841937186737529,-0.6154465135435824,-0.49993305303506325,0.9539392014169468
29.122563898777386,-1.0924526621146993,-0.5814434637886119,0.4932539594994477,-0.6106808412061846,-0.49993306038416213,0.9539392014169468
29.138271862045332,-1.0846335380631396,-0.590998169200906,0.5023011786189042,-0.6058084149224111,-0.49993306805359505,0.953939201416947
29.153979825313282,-1.0766724051883128,-0.6004754964466432,0.5113347811485692,-0.6008282479787159,-0.49993307605777404,0.9539392014169468
29.169687788581232,-1.0685694821433267,-0.6098737453000976,0.5203541483301356,-0.5957393306942853,-0.49993308441185524,0.9539392014169468
29.185395751849182,-1.0603249974917235,-0.6191911994942799,0.5293586366261516,-0.5905406302058167,-0.49993309313177925,0.9539392014169468
29.201103715117128,-1.0519391901039366,-0.6284261263551064,0.5383475767833935,-0.5852310902548215,-0.4999331022343116,0.9539392014169468
29.216811678385078,-1.0434123095687178,-0.6375767764322487,0.5473202728627509,-0.579809630978148,-0.4999331117370873,0.9539392014169469
29.232519641653028,-1.0347446166200727,-0.6466413831267219,0.5562760012343294,-0.5742751487024753,-0.4999331216586562,0.9539392014169469
29.248227604920977,-1.025936383580257,-0.6556181623152776,0.5652140095364365,-0.5686265157435878,-0.4999331320185323,0.9539392014169469
29.263935568188927,-1.0169878948194158,-0.6645053119716862,0.5741335155970685,-0.5628625802113014,-0.4999331428372439,0.953939201416947
29.279643531456873,-1.0078994472324627,-0.6733010117850018,0.5830337063164733,-0.5569821658209801,-0.4999331541363902,0.9539392014169469
29.295351494724823,-0.9986713507338251,-0.6820034227749233,0.5919137365093194,-0.550984071712652,-0.49993316593869597,0.9539392014169469
29.311059457992773,-0.9893039287706971,-0.6906106869043764,0.6007727277049518,-0.5448670722788101,-0.49993317826807343,0.953939201416947
29.326767421260723,-0.9797975188554753,-0.6991209266894642,0.6096097669041703,-0.5386299170020662,-0.4999331911496864,0.9539392014169469
29.34247538452867,-0.9701524731180697,-0.7075322448069501,0.6184239052909188,-0.532271330303909,-0.49993320461001656,0.9539392014169469
29.35818334779662,-0.9603691588788126,-0.7158427236994565,0.6272141568972226,-0.525790011405916,-0.4999332186769351,0.9539392014169468
29.37389131106457,-0.9504479592427114,-0.7240504251785873,0.6359794972196651,-0.5191846342048615,-0.4999332333797778,0.9539392014169469
29.389599274332518,-0.9403892737158224,-0.7321533900262035,0.644718861785645,-0.5124538471632755,-0.49993324874942524,0.953939201416947
29.405307237600468,-0.9301935188445459,-0.740149637594107,0.6534311446676059,-0.5055962732171142,-0.4999332648183845,0.953939201416947
29.421015200868414,-0.9198611288786771,-0.748037165402416,0.6621151969433828,-0.49861050970232834,-0.49993328162087886,0.9539392014169468
29.436723164136364,-0.909392556459071,-0.755813948736942,0.6707698251007594,-0.4914951283022409,-0.4999332991929414,0.9539392014169469
29.452431127404314,-0.8987882733308146,-0.763477940245911,0.679393789384285,-0.4842486750177838,-0.49993331757251186,0.9539392014169468
29.468139090672263,-0.888048771082829,-0.7710270695364065,0.6879858020823506,-0.4768696701627879,-0.4999333367995418,0.9539392014169468
29.48384705394021,-0.8771745619148545,-0.778459242770943,0.696544525752481,-0.46935660838667626,-0.49993335691610435,0.9539392014169468
29.49955501720816,-0.866166179432807,-0.7857723422646206,0.7050685713827526,-0.46170795872707576,-0.4999333779665081,0.9539392014169468
29.51526298047611,-0.8550241794735234,-0.7929642260833522,0.7135564964872072,-0.45392216469503777,-0.49993339999742153,0.9539392014169465
29.53097094374406,-0.8437491409599521,-0.8000327276436956,0.7220068031330942,-0.44599764439574563,-0.4999334230580004,0.9539392014169467
29.54667890701201,-0.8323416667878756,-0.8069756553148725,0.7304179358977322,-0.4379327906877862,-0.49993344720002314,0.9539392014169468
29.562386870279955,-0.8208023847452868,-0.8137907920236039,0.7387882797527551,-0.4297259713842732,-0.4999334724780355,0.9539392014169468
29.578094833547905,-0.8091319484655806,-0.8204758948624482,0.7471161578734742,-0.42137552949933654,-0.4999334989495007,0.9539392014169468
29.593802796815854,-0.7973310384157514,-0.8270286947023803,0.7553998293710681,-0.4128797835437284,-0.49993352667495883,0.9539392014169468
29.609510760083804,-0.7854003629208293,-0.8334468958104154,0.7636374869452925,-0.40423702787355326,-0.4999335557181953,0.9539392014169468
29.62521872335175,-0.7733406592258204,-0.8397281754731455,0.7718272544553934,-0.39544553309639513,-0.4999335861464174,0.9539392014169468
29.6409266866197,-0.7611526945964548,-0.8458701836271209,0.7799671844069008,-0.38650354653940355,-0.4999336180304407,0.953939201416947
29.65663464988765,-0.748837267460082,-0.8518705424970915,0.7880552553519908,-0.3774092927842002,-0.4999336514448866,0.9539392014169468
29.6723426131556,-0.7363952085880884,-0.8577268462431945,0.7960893692011135,-0.3681609742737904,-0.49993368646838837,0.953939201416947
29.688050576423546,-0.7238273823212505,-0.8634366606182614,0.8040673484436152,-0.3587567719970022,-0.49993372318380946,0.953939201416947
29.703758539691496,-0.7111346878394695,-0.8689975226365081,0.8119869332751218,-0.349194846256335,-0.4999337616784734,0.9539392014169468
29.719466502959445,-0.6983180604773702,-0.8744069402549646,0.8198457786295035,-0.3394733375254812,-0.49993380204440413,0.9539392014169468
29.735174466227395,-0.685378473087279,-0.8796623920691047,0.8276414511133091,-0.3295903674031823,-0.49993384437858196,0.9539392014169468
29.750882429495345,-0.6723169374511305,-0.8847613270242425,0.8353714258406505,-0.31954403967050926,-0.49993388878320877,0.9539392014169468
29.76659039276329,-0.6591345057428808,-0.8897011641443774,0.8430330831666192,-0.30933244145909927,-0.49993393536599007,0.9539392014169468
29.78229835603124,-0.6458322720430364,-0.8944792922802915,0.8506237053174521,-0.2989536445383564,-0.4999339842404289,0.9539392014169469
29.79800631929919,-0.6324113739069344,-0.8990930698788334,0.8581404729158149,-0.2884057067301159,-0.4999340355261361,0.9539392014169469
29.81371428256714,-0.6188729939884324,-0.9035398247754587,0.8655804613997538,-0.27768667345979703,-0.4999340893491556,0.953939201416947
29.829422245835087,-0.605218361720691,-0.9078168540122443,0.8729406373340818,-0.2667945794536144,-0.4999341458423041,0.9539392014169469
29.845130209103036,-0.5914487550557449,-0.9119214236837492,0.8802178546132079,-0.2557274505919951,-0.4999342051455289,0.953939201416947
29.860838172370986,-0.5775655022645767,-0.9158507688132549,0.8874088505547028,-0.24448330592994974,-0.4999342674062821,0.9539392014169469
29.876546135638936,-0.5635699837994127,-0.9196020932620979,0.8945102418832204,-0.2330601598957776,-0.4999343327799113,0.9539392014169469
29.892254098906886,-0.5494636342199652,-0.9231725696749852,0.901518520604762,-0.22145602468014286,-0.4999344014300701,0.9539392014169469
29.907962062174832,-0.5352479441853422,-0.9265593394643812,0.9084300497716897,-0.20966891282824726,-0.4999344735291442,0.9539392014169468
29.92367002544278,-0.5209244625133357,-0.929759512837259,0.9152410591393694,-0.19769684004853855,-0.49993454925869824,0.9539392014169469
29.93937798871073,-0.5064947983087823,-0.9327701688677252,0.9219476407158576,-0.18553782825213672,-0.4999346288099414,0.9539392014169469
29.95508595197868,-0.49196062316266187,-0.9355883556192581,0.9285457442066438,-0.17318990883792987,-0.4999347123842105,0.9539392014169468
29.970793915246627,-0.4773236734235657,-0.9382110903205365,0.9350311723571306,-0.16065112623908656,-0.4999348001934743,0.9539392014169468
29.986501878514577,-0.46258575254311574,-0.9406353595990946,0.9413995761962796,-0.14791954174755204,-0.4999348924608567,0.9539392014169469
30.002209841782527,-0.4477487334968579,-0.9428581197773014,0.9476464501856869,-0.13499323763393775,-0.4999349894211777,0.953939201416947
30.017917805050477,-0.43281456128207774,-0.9448762972354454,0.9537671272792729,-0.12187032158107716,-0.4999350913215157,0.9539392014169468
30.033625768318426,-0.4177852554938979,-0.9466867888469988,0.9597567738997947,-0.10854893145040034,-0.4999351984217857,0.9539392014169468
30.049333731586373,-0.4026629129809114,-0.9482864624914413,0.9656103848395253,-0.0950272404011737,-0.4999353109953386,0.9539392014169467
30.065041694854322,-0.38744971058147926,-0.949672157650351,0.9713227780936887,-0.081303462383554,-0.49993542932957435,0.9539392014169467
30.080749658122272,-0.3721479079416758,-0.950840686092797,0.9768885896366183,-0.06737585802731194,-0.4999355537265726,0.9539392014169464
30.096457621390222,-0.3567598504156983,-0.95178883265643,0.982302268152115,-0.05324274094898461,-0.4999356845037378,0.9539392014169464
30.112165584658168,-0.34128797204936306,-0.9525133561310203,0.9875580697311409,-0.038902484501109474,-0.49993582199445796,0.9539392014169465
30.127873547926118,-0.32573479864709165,-0.9530109902515809,0.9926500525517974,-0.024353528988067873,-0.49993596654877187,0.9539392014169465
30.143581511194068,-0.3101029509225406,-0.9532784448085992,0.9975720715585179,-0.009594389373911813,-0.4999361185340447,0.9539392014169465
30.159289474462017,-0.2943951477327458,-0.9533124068833084,1.002317773159568,0.005376336491646242,-0.49993627833565046,0.9539392014169467
30.174997437729967,-0.2786142093953348,-0.9531095422163455,1.0068805899642943,0.02055995910214914,-0.4999364463576539,0.9539392014169467
30.190705400997913,-0.26276306108800596,-0.9526664967185743,1.011253735584119,0.03595768795060174,-0.4999366230234903,0.9539392014169465
30.206413364265863,-0.2468447363290718,-0.9519798981332886,1.0154301995240418,0.05157062158475707,-0.49993680877663527,0.9539392014169465
30.222121327533813,-0.23086238053742647,-0.951046357859457,1.0194027421944036,0.06739973703277952,-0.49993700408126474,0.9539392014169465
30.237829290801763,-0.21481925466979954,-0.949862472946128,1.0231638900758926,0.08344587857021883,-0.49993720942289144,0.9539392014169467
30.25353725406971,-0.19871873893261868,-0.9484248282685717,1.0267059310742501,0.09970974579901812,-0.4999374253089742,0.9539392014169468
30.26924521733766,-0.18256433656520019,-0.9467299988971931,1.030020910104863,0.11619188100924728,-0.49993765226949294,0.9539392014169469
30.28495318060561,-0.16635967769032556,-0.9447745526707174,1.033100624951424,0.13289265579443324,-0.49993789085747586,0.953939201416947
30.30066114387356,-0.150108523227536,-0.9425550529855948,1.035936622447113,0.14981225689178224,-0.4999381416494718,0.953939201416947
30.316369107141508,-0.13381476886368082,-0.940068061814028,1.0385201950312923,0.1669506712192954,-0.499938405245952,0.953939201416947
30.332077070409454,-0.11748244907438653,-0.9373101429634505,1.0408423777395437,0.18430767008280885,-0.49993868227163063,0.9539392014169471
30.347785033677404,-0.101115741189166,-0.9342778655907039,1.0428939456899697,0.20188279252738728,-0.49993897337568993,0.953939201416947
30.363492996945354,-0.08471896949185771,-0.9309678079845483,1.0446654121340793,0.21967532780931617,-0.49993927923188697,0.9539392014169471
30.379200960213304,-0.06829660934696823,-0.9273765616304972,1.0461470271462183,0.23768429696722443,-0.49993960053853326,0.953939201416947
30.39490892348125,-0.051853291341284094,-0.9235007355722893,1.0473287770314277,0.25590843347368475,-0.4999399380183155,0.953939201416947
30.4106168867492,-0.035393805428817066,-0.9193369610845711,1.0482003845377503,0.27434616295204456,-0.4999402924179478,0.953939201416947
30.42632485001715,-0.018923105065746165,-0.9148818966715824,1.048751309965382,0.2929955819473016,-0.49994066450761854,0.9539392014169471
30.4420328132851,-0.002446311320517905,-0.9101322334067721,1.0489707532715973,0.31185443574462457,-0.49994105508021736,0.9539392014169471
30.457740776553045,0.01403128305733985,-0.9050847006283353,1.0488476572770693,0.33092009523470434,-0.4999414649503021,0.9539392014169472
30.473448739820995,0.030504209627847157,-0.8997360720056262,1.048370712085973,0.35018953283157883,-0.49994189495278607,0.9539392014169471
30.489156703088945,0.04696682033061979,-0.8940831719912581,1.0475283608390586,0.3696592974559868,-0.4999423459413034,0.9539392014169472
30.504864666356895,0.0634132836562366,-0.8881228826734373,1.0463088069256217,0.38932548860574745,-0.49994281878622693,0.9539392014169472
30.520572629624844,0.07983758094285812,-0.8818521510426673,1.04470002278691,0.4091837295442167,-0.49994331437229045,0.9539392014169472
30.53628059289279,0.09623350282416106,-0.8752679966863914,1.042689760449857,0.42922913964861686,-0.4999438335957882,0.9539392014169472
30.55198855616074,0.11259464585688383,-0.8683675199243996,1.0402655639360232,0.4494563059720453,-0.49994437736130304,0.9539392014169471
30.56769651942869,0.1289144093585996,-0.8611479103968775,1.0374147836961138,0.4698592540863184,-0.4999449465779259,0.9539392014169471
30.58340448269664,0.1451859924887354,-0.8536064561158121,1.0341245932252487,0.49043141828755477,-0.4999455421549208,0.9539392014169471
30.599112445964586,0.16140239160832934,-0.8457405529890596,1.0303820080181276,0.5111656112626068,-0.4999461649967969,0.9539392014169472
30.614820409232536,0.1775563979565439,-0.8375477148247087,1.0261739070261504,0.532053993332151,-0.49994681599774016,0.9539392014169472
30.630528372500486,0.19364059568451825,-0.8290255838214056,1.021487056780194,0.5530880414054637,-0.49994749603536515,0.9539392014169471
30.646236335768435,0.20964736028972106,-0.820171941548031,1.0163081383428658,0.5742585178026526,-0.499948205963748,0.953939201416947
30.661944299036385,0.2255688574965329,-0.8109847204135039,1.0106237772523956,0.595555439122347,-0.499948946605701,0.953939201416947
30.67765226230433,0.241397042631314,-0.8014620156245089,1.0044205766165817,0.616968045356535,-0.49994971874425853,0.953939201416947
30.69336022557228,0.25712366054266367,-0.7916020976255864,0.9976851535090887,0.6384847694792641,-0.49995052311334276,0.953939201416947
30.70906818884023,0.27274024611991154,-0.7814034250122586,0.9904041788115637,0.6600932077621755,-0.4999513603875948,0.9539392014169469
30.72477615210818,0.28823812546505406,-0.7708646579036846,0.9825644206331641,0.6817800910971309,-0.4999522311713528,0.953939201416947
30.740484115376127,0.30360841777531017,-0.7599846717567134,0.9741527914238333,0.7035312576342838,-0.49995313598678215,0.953939201416947
30.756192078644077,0.31884203799516514,-0.7487625715981381,0.9651563988786652,0.7253316270725447,-0.4999540752611631,0.953939201416947
30.771900041912026,0.3339297002981341,-0.7371977066464389,0.9555626007076353,0.747165176968134,-0.4999550493133683,0.953939201416947
30.787608005179976,0.34886192245944775,-0.7252896852883259,0.9453590633175114,0.7690149214553723,-0.49995605833956913,0.9539392014169468
30.803315968447926,0.3636290311813623,-0.7130383903689875,0.9345338244206062,0.7908628928015129,-0.4999571023982361,0.9539392014169468
30.819023931715872,0.3782211684327572,-0.7004439947481058,0.9230753595479245,0.8126901262436926,-0.4999581813945181,0.9539392014169468
30.834731894983822,0.39262829886401746,-0.687506977066466,0.910972652402002,0.83447664858029,-0.4999592950641114,0.9539392014169467
30.85043985825177,0.4068402183568306,-0.6742281376603851,0.898215268937185,0.8562014710103897,-0.49996044295674846,0.9539392014169467
30.86614782151972,0.42084656376636986,-0.6606086145532759,0.8847934350022274,0.8778425867328258,-0.499961624419478,0.9539392014169467
30.881855784787668,0.43463682391030534,-0.6466498994455041,0.8706981173219364,0.8993769738295255,-0.4999628385799233,0.9539392014169468
30.897563748055617,0.44820035185510043,-0.6323538536153694,0.8559211075313756,0.9207806039656279,-0.49996408432975015,0.9539392014169468
30.913271711323567,0.4615263785450354,-0.6177227236356403,0.8404551089081721,0.9420284574401142,-0.4999653603085934,0.9539392014169467
30.928979674591517,0.4746040278132797,-0.6027591568017057,0.8242938253762611,0.9630945451144138,-0.49996666488873576,0.9539392014169468
30.944687637859467,0.48742233280705033,-0.5874662161592019,0.8074320522786412,0.9839519377316008,-0.49996799616085563,0.9539392014169468
30.960395601127413,0.4999702538503948,-0.5718473950110752,0.7898657683382689,1.0045728031143537,-0.49996935192118475,0.9539392014169465
30.976103564395363,0.512236697758386,-0.5559066307766002,0.7715922281461995,1.0249284516948451,-0.49997072966045264,0.9539392014169464
30.991811527663312,0.5242105386055056,-0.5396483180680782,0.7526100544357929,1.044989390783287,-0.49997212655500434,0.9539392014169465
31.007519490931262,0.5358806399387189,-0.5230773208449596,0.7329193293227667,1.0647253879232443,-0.4999735394604937,0.9539392014169463
31.02322745419921,0.5472358784122492,-0.5061989835001761,0.7125216836148544,1.0841055436104856,-0.49997496490856486,0.9539392014169464
31.038935417467158,0.5582651688063975,-0.48901914072973296,0.691420383223733,1.1030983735677344,-0.4999763991069268,0.9539392014169464
31.054643380735108,0.5689574903770284,-0.4715441260343037,0.6696204116478481,1.1216719006701696,-0.4999778379432167,0.9539392014169463
31.070351344003058,0.5793019144656641,-0.4537807787008979,0.6471285474400134,1.1397937565061715,-0.4999792769930147,0.9539392014169464
31.086059307271004,0.5892876332826862,-0.4357364491138307,0.6239534355305388,1.157431292435258,-0.49998071153235,0.9539392014169463
31.101767270538954,0.5989039897581127,-0.4174190022474024,0.6001056512474963,1.174551699871457,-0.4999821365549658,0.9539392014169463
31.117475233806903,0.6081405083360547,-0.3988368191980549,0.575597755862879,1.1911221393769988,-0.49998354679456625,0.9539392014169462
31.133183197074853,0.6169869265705286,-0.379998796621453,0.5504443424990451,1.2071098780001241,-0.4999849367521708,0.9539392014169463
31.148891160342803,0.6254332273621054,-0.3609143439500463,0.5246620712559313,1.2224824341343667,-0.49998630072862404,0.9539392014169463
31.16459912361075,0.633469671657277,-0.34159337827926206,0.49826969246775116,1.2372077290177481,-0.49998763286218906,0.9539392014169463
31.1803070868787,0.6410868314157367,-0.3220463168255796,0.47128805706952615,1.2512542438321113,-0.4999889271710498,0.9539392014169463
31.19601505014665,0.6482756226354194,-0.3022840668773019,0.443740113149611,1.264591181208943,-0.49999017760041775,0.9539392014169465
31.2117230134146,0.6550273382114761,-0.28231801317877503,0.4156508878845527,1.277188629802335,-0.49999137807380944,0.9539392014169464
31.227430976682545,0.6613336803937813,-0.26216000271094764,0.3870474541967085,1.2890177304562516,-0.4999925225479357,0.9539392014169464
31.243138939950494,0.6671867925984262,-0.24182232685529156,0.35795888164185025,1.300050842376106,-0.49999360507051716,0.9539392014169463
31.258846903218444,0.6725792903223138,-0.22131770095392767,0.3284161712215724,1.3102617076178202,-0.49999461984021787,0.9539392014169464
31.274554866486394,0.677504290906724,-0.20065924130596996,0.29845217402100366,1.319625612134852,-0.49999556126779454,0.9539392014169464
31.290262829754344,0.6819554418958368,-0.1798604396682098,0.268101493792662,1.3281195415785474,-0.49999642403744626,0.9539392014169464
31.30597079302229,0.6859269477398788,-0.15893513535684786,0.23740037383817375,1.3357223300325265,-0.4999972031673203,0.9539392014169464
31.32167875629024,0.6894135945999315,-0.13789748507554955,0.2063865687762776,1.3424147998798655,-0.4999978940680454,0.9539392014169462
31.33738671955819,0.6924107730225503,-0.11676193062311989,0.17509920202286314,1.3481798910540452,-0.4999984925981864,0.9539392014169462
31.35309468282614,0.694914498267176,-0.09554316466102078,0.1435786100412163,1.3530027780115301,-0.49999899511550994,0.9539392014169461
31.368802646094085,0.6969214280877315,-0.07425609474624383,0.11186617464248427,1.3568709728849861,-0.49999939852300823,0.9539392014169463
31.384510609362035,0.6984288777915962,-0.05291580585817369,0.0800041448219736,1.359774413430081,-0.49999970030871665,0.9539392014169463
31.400218572629985,0.6994348324240259,-0.03153752166853069,0.04803544980084631,1.361705534563077,-0.49999989857845395,0.9539392014169463
31.415926535897935,0.6999379559536584,-0.01013656482081443,0.016003505100095565,1.3626593224975596,-0.4999999920807795,0.9539392014169462
31.431634499165884,0.6999375973645674,0.011271683500509097,-0.016047986399986905,1.3626333507223407,-0.4999999802236019,0.9539392014169462
31.44734246243383,0.6994337935918673,0.03267182442084307,-0.04807523636985333,1.3616277973137292,-0.49999986308207445,0.9539392014169462
31.46305042570178,0.6984272692705761,0.054048482350153734,-0.08003457381062634,1.3596454433382854,-0.4999996413975878,0.9539392014169461
31.47875838896973,0.6969194333007007,0.07538634578362702,-0.11188264658838343,1.3566916523707968,-0.49999931656789853,0.9539392014169461
31.49446635223768,0.6949123722647136,0.09667020763290066,-0.14357661963055518,1.3527743314202105,-0.49999889062860026,0.9539392014169461
31.510174315505626,0.6924088407661146,0.1178850047991728,-0.1750743677539817,1.3479038738173923,-0.49999836622636196,0.9539392014169461
31.525882278773576,0.6894122487890356,0.1390158567102001,-0.20633466119268665,1.3420930848668018,-0.499997746584527,0.953939201416946
31.541590242041526,0.6859266462082757,0.16004810255768487,-0.23731734202586438,1.335357091293915,-0.4999970354618223,0.9539392014169461
31.557298205309475,0.6819567046062566,0.18096733698948006,-0.2679834898692042,1.3277132357265222,-0.4999962371050656,0.9539392014169462
31.573006168577425,0.6775076965777114,0.2017594440320086,-0.2982955753810125,1.3191809576267297,-0.4999953561968645,0.9539392014169463
31.58871413184537,0.6725854727241033,0.22241062904183687,-0.3282176003435577,1.3097816622383365,-0.49999439779937305,0.9539392014169462
31.60442209511332,0.6671964365575294,0.24290744851095444,-0.3577152233041772,1.2995385792289682,-0.4999933672952146,0.9539392014169461
31.62013005838127,0.6613475175480069,0.2632368375774593,-0.3867558699942892,1.2884766127866727,-0.49999227032669313,0.9539392014169462
31.63583802164922,0.6550461425584615,0.28338613512148314,-0.41530882798187185,1.2766221849763773,-0.4999911127343958,0.9539392014169462
31.651545984917167,0.6483002059184185,0.3033431063547746,-0.443345325248746,1.2640030741733912,-0.4999899004962337,0.9539392014169461
31.667253948185117,0.6411180383904131,0.3230959628408635,-0.47083859261300737,1.2506482503706127,-0.4999886396679093,0.9539392014169461
31.682961911453067,0.6335083752826227,0.34263337991066706,-0.49776391013460425,1.2365877091056443,-0.4999873363256926,0.9539392014169462
31.698669874721016,0.625480323957403,0.36194451146532075,-0.5240986378443508,1.2218523056766526,-0.4999859965122886,0.9539392014169462
31.714377837988966,0.6170433309785404,0.3810190021835223,-0.5498222313203219,1.2064735912150224,-0.49998462618645334,0.9539392014169461
31.730085801256912,0.6082071491304403,0.3998469971744329,-0.574916242798045,1.1904836520625206,-0.4999832311768906,0.9539392014169461
31.745793764524862,0.5989818045305024,0.41841914913890593,-0.5993643086404039,1.1739149537648308,-0.49998181714083056,0.9539392014169461
31.761501727792812,0.5893775640419541,0.4367266231213008,-0.6231521241086632,1.1568001908460355,-0.49998038952757007,0.9539392014169461
31.77720969106076,0.579404903178816,0.4547610989512377,-0.6462674064671685,1.1391721433739201,-0.49997895354711863,0.9539392014169463
31.792917654328708,0.5690744746778362,0.4725147714892773,-0.668699847521397,1.1210635411676562,-0.49997751414400204,0.9539392014169462
31.808625617596658,0.5583970778945175,0.48998034880263436,-0.6904410567329882,1.1025069363410105,-0.499976075976148,0.9539392014169461
31.824333580864607,0.5473836291621449,0.5071510484066843,-0.7114844960775393,1.0835345847188846,-0.4999746433987151,0.9539392014169461
31.840041544132557,0.5360451332343152,0.5240205917152675,-0.7318254078130273,1.0641783365154505,-0.4999732204526224,0.9539392014169461
31.855749507400503,0.5243926559131873,0.5405831968477478,-0.7514607363107524,1.044469536520722,-0.499971810857498,0.9539392014169461
31.871457470668453,0.5124372979477649,0.5568335699435859,-0.7703890450688926,1.0244389339109274,-0.4999704180087017,0.9539392014169461
31.887165433936403,0.5001901702692425,0.5727668951360071,-0.7886104299834483,1.004116601677926,-0.4999690449780494,0.9539392014169461
31.902873397204353,0.48766237061396206,0.5883788233353751,-0.8061264298948786,0.9835318655651029,-0.49996769451783796,0.9539392014169461
31.918581360472302,0.4748649615690193,0.603665459970315,-0.8229399353634169,0.962713242302258,-0.4999663690677669,0.9539392014169461
31.93428932374025,0.4618089500611284,0.6186233518306788,-0.8390550965541013,0.9416883868501686,-0.4999650707643448,0.9539392014169461
31.9499972870082,0.4485052682961049,0.6332494731513081,-0.8544772310360484,0.9204840482966634,-0.49996380145238173,0.9539392014169461
31.965705250276148,0.43496475614430236,0.6475412110694329,-0.8692127322213391,0.8991260339898056,-0.4999625626981763,0.9539392014169461
31.981413213544098,0.4211981449565722,0.6614963505816452,-0.8832689790887523,0.8776391814495643,-0.4999613558040412,0.9539392014169461
31.997121176812044,0.4072160427858126,0.6751130591188781,-0.8966542477579899,0.8560473375663832,-0.4999601818238184,0.9539392014169462
32.012829140079994,0.3930289209809064,0.6883898708498818,-0.909377625402221,0.8343733445724476,-0.49995904157907944,0.9539392014169462
32.028537103347944,0.3786471021127871,0.7013256708154776,-0.9214489269118109,0.81263903225823,-0.4999579356757271,0.9539392014169463
32.04424506661589,0.364080749186463,0.7139196789875096,-0.9328786146508147,0.7908652159020275,-0.4999568645207494,0.9539392014169463
32.05995302988384,0.34933985608800694,0.7261714343380528,-0.9436777215808694,0.7690716993826696,-0.4999558283389103,0.9539392014169463
32.07566099315179,0.3344342392117149,0.7380807789961538,-0.9538577779649645,0.7472772829543188,-0.49995482718918494,0.9539392014169463
32.09136895641974,0.3193735302097648,0.7496478425612911,-0.9634307418065284,0.7254997751763389,-0.4999538609807912,0.9539392014169464
32.107076919687685,0.3041671698046954,0.7608730266349042,-0.9724089331274915,0.703756008509599,-0.49995292948867665,0.9539392014169464
32.122784882955635,0.28882440260378067,0.7717569896238254,-0.9808049721425237,0.6820618581124477,-0.4999520323683675,0.9539392014169464
32.138492846223585,0.2733542728538224,0.7823006318623028,-0.9886317213454274,0.6604322633941149,-0.4999511691700905,0.9539392014169463
32.154200809491535,0.2577656210749344,0.7925050810925518,-0.995902231487557,0.638881251909744,-0.49995033935212096,0.9539392014169464
32.169908772759484,0.24206708151247253,0.8023716783374619,-1.002629691396913,0.6174219652089824,-0.499949542293303,0.9539392014169463
32.185616736027434,0.22626708034729898,0.8119019641932069,-1.0088273815599658,0.5960666862784764,-0.49994877730473264,0.9539392014169463
32.201324699295384,0.21037383460598238,0.8210976655640827,-1.0145086313659875,0.5748268682472484,-0.4999480436405841,0.9539392014169463
32.217032662563334,0.19439535171427075,0.8299606828569228,-1.0196867798954055,0.5537131640523525,-0.49994734050809364,0.9539392014169462
32.23274062583128,0.178339429639162,0.8384930776479109,-1.0243751401190688,0.5327354567900624,-0.4999466670767031,0.9539392014169461
32.248448589099226,0.16221365756708994,0.8466970608305074,-1.028586966364024,0.5119028905048615,-0.49994602248639564,0.9539392014169462
32.264156552367176,0.14602541706808772,0.8545749812495255,-1.032335424893066,0.49122390119445364,-0.49994540585524927,0.9539392014169461
32.279864515635126,0.1297818836982444,0.8621293148231095,-1.0356335674396444,0.47070624783372017,-0.499944816286236,0.9539392014169461
32.295572478903075,0.11349002899529394,0.8693626541514577,-1.038494307536327,0.45035704324389514,-0.499944252873315,0.953939201416946
32.311280442171025,0.09715662282473495,0.8762776986085838,-1.040930399473684,0.43018278465512705,-0.49994371470685406,0.953939201416946
32.326988405438975,0.08078823603644579,0.8828772449111911,-1.0429544197268181,0.4101893838309969,-0.4999432008784186,0.953939201416946
32.342696368706925,0.06439124339430717,0.8891641781568236,-1.0445787506886306,0.3903821966424488,-0.4999427104849794,0.953939201416946
32.358404331974874,0.04797182674385173,0.8951414633218326,-1.045815566551983,0.3707660519959658,-0.4999422426325737,0.9539392014169459
32.374112295242824,0.0315359783854116,0.9008121372083338,-1.0466768211870057,0.3513452800367209,-0.4999417964394701,0.953939201416946
32.38982025851077,0.015089504622613584,0.9061793008282009,-1.0471742378647102,0.3321237395618853,-0.4999413710388685,0.9539392014169459
32.40552822177872,-0.001361970541631051,0.9112461122112377,-1.0473193006836,0.31310484459234994,-0.4999409655811844,0.953939201416946
32.421236185046666,-0.017813001587290392,0.9160157796239479,-1.047123247561996,0.29429159006286604,-0.4999405792359528,0.9539392014169459
32.436944148314616,-0.03425831756106958,0.9204915551847853,-1.0465970646651672,0.2756865766011146,-0.4999402111933853,0.953939201416946
32.452652111582566,-0.0506928180834977,0.9246767288613817,-1.0457514821429434,0.25729203437554704,-0.49993986066561835,0.953939201416946
32.468360074850516,-0.06711156929887867,0.9285746228349993,-1.0445969710602179,0.23910984600007773,-0.4999395268876834,0.953939201416946
32.484068038118465,-0.08350979978594701,0.93218858621733,-1.0431437414094962,0.221141568490935,-0.49993920911823053,0.953939201416946
32.499776001386415,-0.09988289644538112,0.9355219901047437,-1.0414017411013805,0.2033884542772673,-0.49993890664003127,0.9539392014169461
32.515483964654365,-0.11622640037874418,0.9385782229551545,-1.0393806558354999,0.1858514712725353,-0.4999386187602871,0.9539392014169461
32.53119192792231,-0.1325360027719426,0.9413606862728302,-1.0370899097608828,0.16853132201837173,-0.49993834481077193,0.953939201416946
32.54689989119026,-0.1488075407949131,0.9438727905866815,-1.0345386668410652,0.15142846191653175,-0.49993808414781993,0.9539392014169462
32.56260785445821,-0.1650369935279673,0.9461179517078441,-1.0317358328453063,0.13454311656785564,-0.4999378361521929,0.9539392014169461
32.57831581772616,-0.18122047792403473,0.9480995872526881,-1.0286900578931264,0.11787529823988833,-0.49993760022883116,0.9539392014169462
32.59402378099411,-0.19735424481494634,0.9498211134177456,-1.0254097394849597,0.10142482148700492,-0.4999373758065143,0.9539392014169463
32.60973174426206,-0.21343467496888843,0.9512859419934404,-1.0219030259570345,0.08519131794863727,-0.4999371623374409,0.9539392014169462
32.625439707530006,-0.22945827520522433,0.9524974776039162,-1.0181778203036216,0.06917425035253416,-0.49993695929674453,0.9539392014169462
32.641147670797956,-0.2454216745720277,0.9534591151606914,-1.0142417843145553,0.053372925750965514,-0.4999367661819537,0.9539392014169462
32.656855634065906,-0.2613216205908884,0.9541742375183145,-1.010102342980411,0.03778650801844411,-0.4999365825124088,0.9539392014169463
32.67256359733385,-0.27715497557283864,0.954646213320647,-1.005766689121924,0.022414029639926288,-0.49993640782864623,0.9539392014169463
32.6882715606018,-0.29291871300859607,0.9548783950268559,-1.0012417882041704,0.007254402818602831,-0.4999362416917561,0.9539392014169463
32.70397952386975,-0.3086099140357319,0.954874117106658,-0.9965343832997082,-0.007693570067663406,-0.49993608368271814,0.9539392014169463
32.7196874871377,-0.324225763984836,0.9546366943948114,-0.9916510001682863,-0.022431186632426464,-0.49993593340173154,0.9539392014169462
32.73539545040565,-0.3397635490062685,0.9541694205953006,-0.9865979524239151,-0.036959835240823545,-0.49993579046753184,0.9539392014169463
32.7511034136736,-0.35522065277865306,0.9534755669261067,-0.9813813467630289,-0.05128098633587063,-0.49993565451670996,0.9539392014169462
32.76681137694155,-0.37059455329987634,0.9525583808958845,-0.9760070882301919,-0.06539618430354308,-0.4999355252030309,0.9539392014169462
32.7825193402095,-0.38588281976100836,0.9514210852042985,-0.9704808855003125,-0.07930703984998351,-0.4999354021967602,0.9539392014169461
32.79822730347745,-0.4010831095032473,0.9500668767581778,-0.9648082561586383,-0.09301522286493262,-0.49993528518399655,0.9539392014169462
32.81393526674539,-0.416193165057716,0.9484989257960535,-0.9589945319619304,-0.10652245574628298,-0.49993517386601766,0.9539392014169461
32.82964323001334,-0.4312108112676912,0.9467203751140291,-0.9530448640661633,-0.11983050716149957,-0.49993506795863785,0.9539392014169461
32.84535119328129,-0.4461339524926334,0.9447343393863085,-0.9469642282078764,-0.1329411862225211,-0.4999349671915815,0.9539392014169461
32.86105915654924,-0.46096056989319306,0.9425439045740672,-0.9407574298279354,-0.1458563370516446,-0.49993487130787195,0.9539392014169461
32.87676711981719,-0.4756887187962079,0.9401521274166987,-0.9344291091279437,-0.15857783371679257,-0.4999347800632379,0.9539392014169461
32.89247508308514,-0.4903165261385611,0.9375620349997986,-0.9279837460508952,-0.17110757551546113,-0.499934693225538,0.9539392014169461
32.90818304635309,-0.5048421879886502,0.9347766243945694,-0.9214256651788876,-0.1834474825875425,-0.49993461057420424,0.9539392014169461
32.92389100962104,-0.5192639671441119,0.931798862363633,-0.9147590405418261,-0.19559949183809983,-0.49993453189970405,0.9539392014169461
32.93959897288898,-0.5335801908043607,0.9286316851285248,-0.9079879003320537,-0.2075655531520436,-0.4999344570030213,0.9539392014169461
32.95530693615693,-0.547789248316428,0.9252779981944254,-0.9011161315207491,-0.21934762588351342,-0.4999343856951582,0.9539392014169461
32.97101489942488,-0.561889588992529,0.9217406762279446,-0.8941474843727549,-0.23094767560360113,-0.49993431779665387,0.9539392014169461
32.98672286269283,-0.5758797199977403,0.9180225629840263,-0.8870855768572272,-0.2423676710908636,-0.4999342531371249,0.9539392014169461
33.00243082596078,-0.5897582043061304,0.9141264712782775,-0.879933898952158,-0.25360958154985824,-0.4999341915548229,0.9539392014169461
33.01813878922873,-0.6035236587236675,0.9100551830012561,-0.8726958168414094,-0.26467537404369584,-0.4999341328962106,0.9539392014169461
33.03384675249668,-0.6171747519762055,0.9058114491714594,-0.8653745770034199,-0.2755670111273388,-0.4999340770155577,0.953939201416946
33.04955471576463,-0.6307102028608408,0.9013979900239627,-0.8579733101912095,-0.2862864486690782,-0.4999340237745524,0.9539392014169461
33.06526267903258,-0.6441287784589338,0.8968174951318485,-0.8504950353037202,-0.29683563384830286,-0.4999339730419319,0.953939201416946
33.08097064230052,-0.6574292924090884,0.8920726235577476,-0.8429426631488924,-0.307216503318322,-0.4999339246931286,0.953939201416946
33.09667860556847,-0.6706106032383936,0.8871660040329846,-0.8353190000991945,-0.3174309815236277,-0.499933878609933,0.953939201416946
33.11238656883642,-0.6836716127502445,0.8821002351619833,-0.8276267516406002,-0.3274809791615764,-0.49993383468017233,0.9539392014169459
33.12809453210437,-0.6966112644670786,0.8768778856497406,-0.8198685258162531,-0.3373683917790376,-0.4999337927974043,0.953939201416946
33.14380249537232,-0.7094285421263828,0.871501494550319,-0.8120468365662613,-0.3470950984950979,-0.49993375286062536,0.953939201416946
33.15951045864027,-0.7221224682283526,0.8659735715344483,-0.8041641069652461,-0.35666296084142446,-0.4999337147739931,0.953939201416946
33.17521842190822,-0.7346921026336091,0.860296597174449,-0.7962226723594209,-0.3660738217123808,-0.49993367844656206,0.953939201416946
33.19092638517617,-0.7471365412094125,0.8544730232448167,-0.7882247834051008,-0.3753295044174528,-0.4999336437920324,0.9539392014169459
33.20663434844412,-0.7594549145228378,0.8485052730369153,-0.7801726090106506,-0.3844318118289848,-0.4999336107285121,0.9539392014169459
33.22234231171206,-0.7716463865794109,0.8423957416863351,-0.7720682391839633,-0.3933825256186428,-0.4999335791782884,0.9539392014169457
33.23805027498001,-0.7837101536057411,0.836146796511574,-0.7639136877876314,-0.40218340557641863,-0.499933549067614,0.9539392014169459
33.25375823824796,-0.795645442874714,0.8297607773627892,-0.7557108952040211,-0.4108361890063637,-0.49993352032650124,0.9539392014169458
33.26946620151591,-0.8074515115718484,0.8232399969794618,-0.7474617309125041,-0.41934259019359527,-0.4999334928885285,0.9539392014169459
33.28517416478386,-0.8191276457014562,0.816586741355894,-0.7391679959811208,-0.42770429993745357,-0.4999334666906558,0.9539392014169459
33.30088212805181,-0.830673159031278,0.809803270113539,-0.7308314254749696,-0.4359229851460042,-0.4999334416730489,0.9539392014169458
33.31659009131976,-0.8420873920743034,0.8028918168792377,-0.722453690783618,-0.44400028848737944,-0.4999334177789144,0.9539392014169457
33.33229805458771,-0.8533697111065245,0.795854589668502,-0.7140364018698295,-0.4519378280937329,-0.4999333949543424,0.9539392014169458
33.34800601785566,-0.8645195072194028,0.7886937712730516,-0.7055811094418896,-0.4597371973138488,-0.4999333731481561,0.9539392014169457
33.3637139811236,-0.8755361954058682,0.7814115196518704,-0.6970893070517952,-0.46739996451069654,-0.4999333523117705,0.9539392014169457
33.37942194439155,-0.886419213678702,0.7740099683251023,-0.6885624331215507,-0.47492767290045684,-0.4999333323990597,0.9539392014169457
33.3951299076595,-0.897168022220194,0.7664912267701646,-0.6800018728997848,-0.4823218404297691,-0.4999333133662276,0.9539392014169455
33.41083787092745,-0.9077821025619947,0.7588573808195015,-0.6714089603508676,-0.48958395968815654,-0.4999332951716883,0.9539392014169455
33.4265458341954,-0.9182609567941203,0.7511104930594474,-0.6627849799786781,-0.4967154978527832,-0.4999332777759522,0.9539392014169454
33.44225379746335,-0.9286041068021014,0.7432526032297165,-0.6541311685871247,-0.5037178966628818,-0.49993326114151676,0.9539392014169457
33.4579617607313,-0.9388110935312945,0.7352857286230694,-0.6454487169794879,-0.510592572421364,-0.4999332452327651,0.9539392014169455
33.47366972399925,-0.9488814762774185,0.7272118644847518,-0.636738771598606,-0.5173409160212891,-0.4999332300158674,0.9539392014169457
33.4893776872672,-0.9588148320023941,0.7190329844113305,-0.6280024361098812,-0.5239642929950185,-0.49993321545868974,0.9539392014169454
33.50508565053514,-0.9686107546746113,0.7107510407485866,-0.6192407729290378,-0.5304640435840294,-0.49993320153070697,0.9539392014169454
33.52079361380309,-0.9782688546327654,0.7023679649881592,-0.6104548046965173,-0.5368414828274946,-0.499933188202919,0.9539392014169454
33.53650157707104,-0.9877887579724429,0.6938856681626555,-0.6016455157003441,-0.5430979006678601,-0.49993317544777316,0.9539392014169454
33.55220954033899,-0.9971701059546598,0.6853060412389773,-0.5928138532492528,-0.5492345620717779,-0.49993316323909054,0.9539392014169454
33.56791750360694,-1.006412554435584,0.6766309555096325,-0.5839607289978148,-0.5552527071648524,-0.499933151551995,0.9539392014169454
33.58362546687489,-1.0155157733167044,0.6678622629818278,-0.575087020225256,-0.561153551378773,-0.49993314036284653,0.9539392014169453
33.59933343014284,-1.024479446014729,0.6590017967641587,-0.5661935710696094,-0.5669382856094967,-0.49993312964917813,0.9539392014169454
33.61504139341079,-1.033303268950525,0.6500513714507319,-0.5572811937187969,-0.57260807638524,-0.49993311938963725,0.9539392014169454
33.63074935667874,-1.0419869510564364,0.6410127835025781,-0.5483506695601894,-0.5781640660431232,-0.49993310956392756,0.9539392014169454
33.646457319946684,-1.0505302133013386,0.631887811626225,-0.5394027502901461,-0.5836073729133905,-0.49993310015275694,0.9539392014169454
33.662165283214634,-1.058932788232813,0.6226782171493225,-0.5304381589849889,-0.5889390915102073,-0.49993309113778506,0.9539392014169454
33.677873246482584,-1.067194419535848,0.6133857443932218,-0.5214575911348217,-0.5941602927281021,-0.4999330825015764,0.9539392014169454
33.69358120975053,-1.075314861607491,0.6040121210424289,-0.5124617156415607,-0.5992720240431904,-0.49993307422755506,0.9539392014169454
33.70928917301848,-1.0832938791469036,0.5945590585108621,-0.5034511757824986,-0.6042753097183763,-0.4999330662999601,0.9539392014169454
33.72499713628643,-1.0911312467602856,0.5850282523048594,-0.4944265901406822,-0.6091711510117886,-0.49993305870380583,0.9539392014169455
33.74070509955438,-1.098826748580158,0.5754213823828874,-0.4853885535033419,-0.613960526387758,-0.49993305142484323,0.9539392014169455
33.75641306282233,-1.1063801778985123,0.5657401135119203,-0.4763376377295724,-0.6186443917296952,-0.49993304444952247,0.9539392014169454
33.77212102609028,-1.1137913368133532,0.555986095620462,-0.46727439258842124,-0.6232236805542767,-0.49993303776495845,0.9539392014169452
33.787828989358225,-1.1210600358881764,0.5461609641481951,-0.4581993465685078,-0.6276993042263863,-0.49993303135889755,0.9539392014169452
33.803536952626175,-1.1281860938239459,0.5362663403922515,-0.4491130076602542,-0.6320721521743047,-0.4999330252196881,0.9539392014169452
33.819244915894124,-1.135169337143147,0.5263038318501003,-0.440015864111776,-0.636343092104675,-0.49993301933624806,0.9539392014169452
33.834952879162074,-1.1420095998855109,0.5162750325590649,-0.43090838515944446,-0.6405129702168096,-0.49993301369803944,0.9539392014169452
33.850660842430024,-1.1487067233150186,0.5061815234324794,-0.4217910217340979,-0.644582611415936,-0.4999330082950406,0.9539392014169454
33.866368805697974,-1.1552605556378108,0.4960248725925047,-0.4126642071438477,-0.6485528195250095,-0.4999330031177216,0.9539392014169454
33.88207676896592,-1.1616709517306443,0.48580663569963217,-0.40352835773439194,-0.6524243774947529,-0.49993299815701975,0.9539392014169453
33.89778473223387,-1.1679377728795461,0.47552835627890067,-0.3943838735277185,-0.6561980476116044,-0.4999329934043176,0.9539392014169454
33.91349269550182,-1.1740608865283342,0.4651915660428664,-0.3852311388400511,-0.6598745717032863,-0.4999329888514218,0.9539392014169454
33.929200658769766,-1.1800401660366855,0.4547977852113631,-0.37607052287986187,-0.663454671341726,-0.49993298449054224,0.9539392014169453
33.944908622037715,-1.1858754904474447,0.44434852282809645,-0.366902380326746,-0.6669390480430835,-0.49993298031427336,0.9539392014169454
33.960616585305665,-1.1915667442628768,0.4338452770741199,-0.35772705189192905,-0.6703283834646612,-0.49993297631557554,0.9539392014169457
33.976324548573615,-1.197113817229585,0.42328953557824345,-0.34854486486115027,-0.6736233395984885,-0.49993297248775825,0.9539392014169455
33.992032511841565,-1.2025166041318192,0.4126827757244276,-0.3393561336206402,-0.6768245589613926,-0.49993296882446436,0.9539392014169457
34.007740475109514,-1.2077750045929172,0.4020264649562208,-0.3301611601668891,-0.6799326647813806,-0.4999329653196532,0.9539392014169454
34.023448438377464,-1.212888922884629,0.39132206107829837,-0.3209602346008772,-0.6829482611801777,-0.4999329619675873,0.9539392014169454
34.039156401645414,-1.217858267744083,0.38057101255516507,-0.3117536356074176,-0.6858719333517739,-0.4999329587628181,0.9539392014169454
34.054864364913364,-1.2226829521981706,0.36977475880708477,-0.3025416309202408,-0.6887042477368494,-0.49993295570017315,0.9539392014169452
34.070572328181306,-1.227362893395124,0.3589347305033033,-0.2933244777734297,-0.6914457521929582,-0.49993295277474326,0.9539392014169452
34.086280291449256,-1.2318980124430812,0.34805234985263206,-0.2841024233397939,-0.694096976160362,-0.4999329499818708,0.9539392014169452
34.101988254717206,-1.2362882342554373,0.33712903089146046,-0.27487570515675464,-0.6966584308234135,-0.49993294731713966,0.9539392014169451
34.117696217985156,-1.240533487402789,0.32616617976926976,-0.2656445515402925,-0.6991306092674022,-0.4999329447763635,0.9539392014169452
34.133404181253105,-1.2446337039712887,0.3151651950317182,-0.25640918198749396,-0.7015139866307804,-0.4999329423555771,0.9539392014169451
34.149112144521055,-1.2485888194272377,0.30412746790137224,-0.2471698075682161,-0.7038090202526956,-0.49993294005102573,0.953939201416945
34.164820107789005,-1.252398772487744,0.2930543825561572,-0.23792663130637273,-0.7060161498157669,-0.4999329378591573,0.953939201416945
34.180528071056955,-1.2560635049972924,0.28194731640560255,-0.22867984855133144,-0.7081357974840411,-0.49993293577661363,0.953939201416945
34.196236034324905,-1.259582961810073,0.27080764036495897,-0.2194296473398956,-0.7101683680360811,-0.49993293380022347,0.9539392014169451
34.21194399759285,-1.2629570906779206,0.25963671912726244,-0.2101762087493326,-0.7121142489931347,-0.4999329319269936,0.9539392014169451
34.2276519608608,-1.2661858421437353,0.2484359114334245,-0.20091970724189667,-0.7139738107423447,-0.49993293015410356,0.953939201416945
34.24335992412875,-1.269269169440246,0.23720657034042586,-0.19166031100128186,-0.7157474066549604,-0.4999329284788974,0.9539392014169451
34.2590678873967,-1.272207028393999,0.2259500434876928,-0.18239818226142987,-0.7174353731995183,-0.49993292689887975,0.9539392014169451
34.274775850664646,-1.2749993773344526,0.21466767336173526,-0.17313347762810583,-0.7190380300499625,-0.49993292541170786,0.953939201416945
34.290483813932596,-1.277646177008068,0.2033607975591264,-0.16386634839364508,-0.7205556801886773,-0.49993292401518763,0.9539392014169451
34.306191777200546,-1.280147390497293,0.1920307490479038,-0.15459694084526415,-0.721988610004411,-0.49993292270726836,0.953939201416945
34.321899740468496,-1.2825029831443375,0.18067885642747275,-0.14532539656731952,-0.7233370893850687,-0.49993292148603735,0.9539392014169452
34.337607703736445,-1.2847129224796523,0.16930644418709223,-0.13605185273788953,-0.7246013718053584,-0.499932920349717,0.9539392014169452
34.35331566700439,-1.286777178155024,0.15791483296302475,-0.12677644242004632,-0.7257816944092736,-0.4999329192966591,0.9539392014169451
34.36902363027234,-1.2886957218812032,0.14650533979443098,-0.11749929484817719,-0.7268782780873994,-0.49993291832534215,0.9539392014169453
34.38473159354029,-1.2904685273699943,0.135079278378091,-0.10822053570970747,-0.7278913275490305,-0.4999329174343684,0.9539392014169452
34.40043955680824,-1.292095570280735,0.12363795932203339,-0.09894028742257077,-0.7288210313890927,-0.4999329166224583,0.9539392014169453
34.41614752007619,-1.2935768281711026,0.1121826903981539,-0.08965866940876584,-0.7296675621498558,-0.4999329158884512,0.9539392014169454
34.43185548334414,-1.2949122804521873,0.10071477679390578,-0.08037579836433408,-0.7304310763774345,-0.49993291523129924,0.9539392014169454
34.44756344661209,-1.2961019083477807,0.08923552136314356,-0.07109178852608644,-0.7311117146730681,-0.4999329146500678,0.9539392014169454
34.463271409880036,-1.2971456948578286,0.0777462248762023,-0.061806751935403845,-0.7317096017391755,-0.49993291414393093,0.9539392014169454
34.47897937314798,-1.298043624726006,0.06624818626929449,-0.05252079869943083,-0.7322248464201799,-0.49993291371217213,0.9539392014169455
34.49468733641593,-1.2987956844113768,0.05474270289330679,-0.04323403724997886,-0.7326575417380995,-0.4999329133541802,0.9539392014169455
34.51039529968388,-1.2994018620641017,0.043231070762078785,-0.03394657460045195,-0.7330077649229012,-0.49993291306944965,0.9539392014169454
34.52610326295183,-1.29986214750517,0.03171458480024618,-0.024658516601104838,-0.7332755774376147,-0.4999329128575788,0.9539392014169454
34.54181122621978,-1.3001765322101264,0.020194539090730546,-0.015369968192941261,-0.7334610249982042,-0.499932912718269,0.9539392014169455
34.55751918948773,-1.3003450092967788,0.0086722271219582,-0.00608103366055817,-0.7335641375881952,-0.49993291265132395,0.9539392014169458
34.57322715275568,-1.300367573516869,-0.002851057965109517,0.0032081831157599328,-0.7335849294680564,-0.49993291265664963,0.9539392014169457
34.58893511602363,-1.3002442212517005,-0.014374023130052128,0.01249757840839328,-0.7335233991793344,-0.4999329127342533,0.9539392014169458
34.60464307929158,-1.2999749505117144,-0.02589537518608962,0.021787048390883232,-0.7333795295435389,-0.4999329128842443,0.9539392014169458
34.62035104255952,-1.2995597609400182,-0.03741382055312333,0.031076488886270355,-0.7331532876557798,-0.49993291310683424,0.9539392014169457
34.63605900582747,-1.2989986538198697,-0.048928065010635645,0.04036579511497153,-0.732844624873154,-0.49993291340233637,0.9539392014169458
34.65176696909542,-1.2982916320861233,-0.06043681345036602,0.04965486144189282,-0.7324534767978825,-0.4999329137711678,0.9539392014169458
34.66747493236337,-1.2974387003406609,-0.07193876962868094,0.05894358112247362,-0.7319797632551964,-0.4999329142138497,0.9539392014169459
34.68318289563132,-1.2964398648718167,-0.08343263591855522,0.06823184604735605,-0.731423388265974,-0.49993291473100837,0.9539392014169455
34.69889085889927,-1.2952951336778282,-0.09491711306108232,0.0775195464853716,-0.7307842400141278,-0.49993291532337675,0.9539392014169457
34.71459882216722,-1.2940045164943361,-0.10639089991643107,0.08680657082453463,-0.7300621908087436,-0.4999329159917963,0.9539392014169457
34.73030678543517,-1.2925680248259712,-0.11785269321416651,0.09609280531072928,-0.7292570970409725,-0.4999329167372187,0.9539392014169454
34.74601474870312,-1.2909856719820656,-0.12930118730285245,0.10537813378377303,-0.728368799135679,-0.4999329175607075,0.9539392014169453
34.76172271197106,-1.28925747311653,-0.1407350738988532,0.11466243741053668,-0.7273971214978462,-0.4999329184634415,0.9539392014169452
34.77743067523901,-1.2873834452719493,-0.15215304183425243,0.12394559441479557,-0.726341872453744,-0.49993291944671664,0.9539392014169454
34.79313863850696,-1.2853636074279466,-0.1635537768038066,0.1332274798034829,-0.7252028441868626,-0.49993292051194954,0.9539392014169453
34.80884660177491,-1.2831979805538802,-0.17493596111085113,0.14250796508901026,-0.7239798126686185,-0.4999329216606797,0.9539392014169454
34.82455456504286,-1.28088658766593,-0.18629827341207705,0.1517869180073148,-0.7226725375838391,-0.4999329228945742,0.9539392014169455
34.84026252831081,-1.278429453888652,-0.19763938846109597,0.16106420223128684,-0.7212807622510337,-0.4999329242154308,0.9539392014169454
34.85597049157876,-1.275826606521069,-0.208957976850712,0.1703396770792241,-0.7198042135374622,-0.49993292562518143,0.9539392014169455
34.87167845484671,-1.2730780751073827,-0.22025270475381864,0.1796131972179525,-0.7182426017690107,-0.4999329271258982,0.9539392014169457
34.88738641811466,-1.270183891512392,-0.2315222336628394,0.188884612360245,-0.7165956206348898,-0.49993292871979667,0.9539392014169455
34.9030943813826,-1.2671440900017115,-0.24276522012763052,0.19815376695616227,-0.7148629470871699,-0.4999329304092415,0.9539392014169454
34.91880234465055,-1.2639587073268859,-0.2539803154917654,0.20742049987792943,-0.713044241235173,-0.4999329321967517,0.9539392014169457
34.9345103079185,-1.2606277828155072,-0.26516616562711975,0.2166846440979548,-0.7111391462347405,-0.49993293408500705,0.9539392014169454
34.95021827118645,-1.257151358466447,-0.27632141066667715,0.2259460263595857,-0.7091472881724038,-0.49993293607685285,0.9539392014169454
34.9659262344544,-1.2535294790503164,-0.2874446847354752,0.23520446684018623,-0.7070682759444825,-0.4999329381753082,0.9539392014169453
34.98163419772235,-1.2497621922152808,-0.298534615679613,0.2444597788061111,-0.7049017011311445,-0.49993294038357144,0.9539392014169454
34.9973421609903,-1.2458495485983618,-0.30958982479324065,0.25371176825913716,-0.7026471378654613,-0.49993294270502897,0.9539392014169454
35.01305012425825,-1.241791601942359,-0.3206089265434532,0.2629602335739027,-0.7003041426975014,-0.49993294514326203,0.9539392014169452
35.0287580875262,-1.2375884092185414,-0.33159052829301033,0.27220496512589104,-0.6978722544535052,-0.49993294770205576,0.9539392014169453
35.04446605079414,-1.2332400307552571,-0.342533230020806,0.28144574490948165,-0.6953509940901933,-0.49993295038540764,0.9539392014169451
35.06017401406209,-1.228746530372624,-0.35343562404001144,0.29068234614557714,-0.6927398645442662,-0.499932953197537,0.9539392014169452
35.07588197733004,-1.2241079755234654,-0.3642962947138166,0.29991453287830017,-0.6900383505771575,-0.49993295614289496,0.9539392014169454
35.09158994059799,-1.2193244374406713,-0.37511381816869566,0.30914205956023794,-0.6872459186151132,-0.4999329592261755,0.9539392014169454
35.10729790386594,-1.2143959912911648,-0.3858867620051247,0.3183646706256958,-0.6843620165846755,-0.49993296245232594,0.9539392014169454
35.12300586713389,-1.209322716336669,-0.3966136850056788,0.3275821000514037,-0.6813860737436587,-0.49993296582655844,0.9539392014169454
35.13871383040184,-1.2041046961014747,-0.4072931368404394,0.3367940709041024,-0.6783175005077133,-0.4999329693543639,0.9539392014169453
35.15442179366979,-1.1987420185474198,-0.41792365776964296,0.34600029487441575,-0.6751556882725879,-0.49993297304152284,0.9539392014169454
35.17012975693774,-1.193234776256301,-0.42850377834350456,0.3552004717963973,-0.6719000092322025,-0.499932976894122,0.9539392014169453
35.18583772020568,-1.1875830666199476,-0.43903201909915096,0.3643942891521181,-0.6685498161926681,-0.49993298091856664,0.9539392014169453
35.20154568347363,-1.1817869920381971,-0.4495068902546015,0.3735814215606415,-0.6651044423823907,-0.4999329851215978,0.9539392014169453
35.21725364674158,-1.1758466601250224,-0.4599268913997355,0.3827615302507086,-0.6615632012584199,-0.4999329895103077,0.9539392014169453
35.23296161000953,-1.1697621839230732,-0.47029051118418946,0.39193426251643426,-0.65792538630921,-0.4999329940921576,0.9539392014169453
35.24866957327748,-1.1635336821269047,-0.4805962270021279,0.4010992511552907,-0.6541902708539845,-0.49993299887499576,0.9539392014169452
35.26437753654543,-1.1571612793151749,-0.4908425046738374,0.4102561138876295,-0.6503571078389065,-0.49993300386707684,0.9539392014169454
35.28008549981338,-1.1506451061921081,-0.501027798124094,0.41940445275696725,-0.6464251296302806,-0.4999330090770824,0.9539392014169454
35.29579346308133,-1.1439852998385336,-0.5111505490572605,0.4285438535102336,-0.6423935478050288,-0.49993301451414257,0.9539392014169454
35.31150142634928,-1.13718200397282,-0.5212091866290716,0.4376738849571519,-0.6382615529387065,-0.49993302018785857,0.9539392014169453
35.327209389617224,-1.1302353692220388,-0.531202127115071,0.44679409830789363,-0.634028314391348,-0.499933026108326,0.9539392014169453
35.34291735288517,-1.1231455534037067,-0.5411277735756693,0.455904026488118,-0.6296929800914556,-0.49993303228616204,0.9539392014169454
35.35862531615312,-1.1159127218184681,-0.5509845155177947,0.46500318343047725,-0.6252546763184722,-0.49993303873253014,0.9539392014169453
35.37433327942107,-1.108537047554096,-0.5607707285531169,0.47409106334163553,-0.6207125074841094,-0.4999330454591694,0.9539392014169453
35.39004124268902,-1.1010187118012016,-0.5704847740528284,0.48316713994381577,-0.6160655559129309,-0.4999330524784244,0.9539392014169453
35.40574920595697,-1.0933579041810613,-0.5801249987989746,0.49223086568985575,-0.611312881622626,-0.4999330598032758,0.9539392014169453
35.42145716922492,-1.0855548230859877,-0.5896897346323328,0.5012816709507177,-0.6064535221044444,-0.49993306744737437,0.9539392014169453
35.43716513249287,-1.0776096760326814,-0.5991772980968443,0.5103189631743605,-0.6014864921043002,-0.4999330754250756,0.9539392014169452
35.45287309576082,-1.0695226800290263,-0.6085859900806164,0.5193421260148446,-0.5964107834050953,-0.49993308375147705,0.9539392014169452
35.468581059028764,-1.061294061954802,-0.6179140954535162,0.5283505184305023,-0.5912253646108568,-0.49993309244245654,0.9539392014169452
35.484289022296714,-1.0529240589568098,-0.6271598827013906,0.5373434737499653,-0.5859291809333284,-0.4999331015147147,0.9539392014169451
35.499996985564664,-1.0444129188589286,-0.6363216035569564,0.5463202987048017,-0.580521153981709,-0.4999331109858172,0.9539392014169452
35.515704948832614,-1.0357609005876298,-0.6453974926274146,0.5552802724274705,-0.5750001815562845,-0.49993312087424124,0.9539392014169451
35.53141291210056,-1.0269682746135138,-0.6543857670188568,0.5642226454132608,-0.569365137446755,-0.49993313119942406,0.9539392014169452
35.54712087536851,-1.018035323409437,-0.6632846259575434,0.573146638444839,-0.5636148712361252,-0.49993314198181404,0.9539392014169453
35.56282883863646,-1.008962341925834,-0.6720922504081505,0.58205144147798,-0.557748208111089,-0.499933153242925,0.9539392014169454
35.57853680190441,-0.9997496380838513,-0.6808068026890902,0.5909362124870164,-0.5517639486799122,-0.49993316500539237,0.9539392014169454
35.59424476517236,-0.9903975332869401,-0.6894264260850356,0.599800076268489,-0.54566086879889,-0.4999331772930343,0.9539392014169454
35.609952728440305,-0.9809063629515745,-0.6979492444567903,0.6086421232014383,-0.5394377194085419,-0.4999331901309152,0.9539392014169454
35.625660691708255,-0.9712764770577909,-0.7063733618486666,0.6174614079627276,-0.5330932263807873,-0.4999332035454117,0.9539392014169454
35.641368654976205,-0.9615082407202654,-0.7146968620935539,0.6262569481957381,-0.5266260903784408,-0.49993321756428494,0.9539392014169454
35.657076618244155,-0.951602034780678,-0.7229178084158828,0.6350277231307297,-0.5200349867284652,-0.49993323221675495,0.9539392014169454
35.672784581512104,-0.941558256422132,-0.7310342430327119,0.6437726721551142,-0.5133185653105219,-0.4999332475335785,0.9539392014169454
35.688492544780054,-0.9313773198064342,-0.7390441867531906,0.6524906933318319,-0.5064754504624749,-0.4999332635471343,0.9539392014169454
35.704200508048004,-0.9210596567350621,-0.7469456385766768,0.6611806418639814,-0.49950424090461976,-0.49993328029150924,0.9539392014169454
35.719908471315954,-0.9106057173346777,-0.7547365752898195,0.6698413285037998,-0.4924035096845413,-0.49993329780259255,0.9539392014169454
35.7356164345839,-0.9000159707680785,-0.7624149510629447,0.6784715179040421,-0.4851718041446347,-0.4999333161181725,0.9539392014169454
35.751324397851846,-0.8892909059715052,-0.7699786970461164,0.6870699269097643,-0.477807645914474,-0.49993333527804124,0.9539392014169454
35.767032361119796,-0.8784310324192566,-0.7774257209652841,0.6956352227884675,-0.4703095309303631,-0.49993335532410277,0.9539392014169454
35.782740324387746,-0.8674368809165997,-0.7847539067189573,0.7041660213965161,-0.46267592948457065,-0.4999333763004887,0.9539392014169454
35.798448287655695,-0.8563090044219881,-0.7919611139758995,0.712660885279702,-0.45490528630692434,-0.4999333982536801,0.9539392014169452
35.814156250923645,-0.8450479788996444,-0.7990451777743672,0.7211183217057864,-0.4469960206816262,-0.4999334212326347,0.9539392014169452
35.829864214191595,-0.833654404203589,-0.8060039081234722,0.7295367806268152,-0.43894652660234895,-0.4999334452889229,0.9539392014169452
35.845572177459545,-0.822128904994237,-0.8128350896072942,0.7379146525689695,-0.4307551729688839,-0.49993347047687076,0.9539392014169454
35.861280140727494,-0.8104721316887197,-0.8195364809924207,0.746250266447687,-0.4224203038288339,-0.4999334968537096,0.9539392014169453
35.87698810399544,-0.7986847614461222,-0.8261058148396525,0.7545418873057618,-0.4139402386680842,-0.4999335244797353,0.9539392014169452
35.89269606726339,-0.7867674991888641,-0.8325407971206692,0.7627877139721173,-0.40531327275403445,-0.49993355341847556,0.9539392014169452
35.90840403053134,-0.7747210786614888,-0.8388391068405175,0.770985876638931,-0.39653767753584435,-0.49993358373686536,0.9539392014169452
35.924111993799286,-0.7625462635281608,-0.8449983956668509,0.7791344343547886,-0.38761170110622956,-0.49993361550543425,0.9539392014169452
35.939819957067236,-0.7502438485102104,-0.8510162875669253,0.7872313724315486,-0.37853356872964516,-0.49993364879850144,0.9539392014169452
35.955527920335186,-0.7378146605650973,-0.8568903784534326,0.795274599762615,-0.36930148344201325,-0.4999336836943813,0.9539392014169452
35.971235883603136,-0.7252595601082026,-0.8626182358403377,0.8032619460503371,-0.3599136267274898,-0.4999337202756014,0.9539392014169454
35.986943846871085,-0.7125794422788975,-0.8681973985099721,0.8111911589402981,-0.35036815927812354,-0.49993375862913086,0.9539392014169454
36.002651810139035,-0.6997752382523643,-0.8736253761927371,0.8190599010603061,-0.3406632218426371,-0.49993379884662115,0.9539392014169453
36.01835977340698,-0.686847916598687,-0.8788996492608627,0.8268657469619642,-0.33079693617096145,-0.4999338410246584,0.9539392014169453
36.03406773667493,-0.6737984846907569,-0.8840176684377841,0.8346061799627894,-0.32076740606157605,-0.49993388526503,0.9539392014169454
36.04977569994288,-0.6606279901625697,-0.8889768545248038,0.842278588886951,-0.31057271851915275,-0.49993393167500466,0.9539392014169453
36.06548366321083,-0.6473375224195247,-0.893774598146836,0.8498802647028278,-0.3002109450304704,-0.49993398036762526,0.9539392014169454
36.08119162647878,-0.6339282142023562,-0.8984082595191536,0.8574083970557377,-0.28968014296706174,-0.49993403146201787,0.9539392014169453
36.09689958974673,-0.6204012432063596,-0.9028751682371977,0.8648600706943685,-0.2789783571235735,-0.4999340850837153,0.9539392014169454
36.112607553014676,-0.6067578337575904,-0.9071726230916534,0.8722322617896549,-0.2681036214013669,-0.49993414136499725,0.9539392014169454
36.128315516282626,-0.5929992585477356,-0.9112978919111513,0.879521834145083,-0.25705396064745917,-0.4999342004452449,0.9539392014169454
36.144023479550576,-0.5791268404293701,-0.9152482114351156,0.8867255352976892,-0.24582739265950626,-0.49993426247131506,0.9539392014169454
36.15973144281852,-0.5651419542733186,-0.9190207872194537,0.8938399925093372,-0.2344219303681566,-0.499934327597929,0.9539392014169454
36.17543940608647,-0.5510460288898493,-0.922612793577965,0.9008617086482253,-0.22283558420876137,-0.4999343959880814,0.9539392014169455
36.19114736935442,-0.5368405490154226,-0.9260213735625401,0.907787057960989,-0.21106636469511206,-0.4999344678134653,0.9539392014169457
36.20685533262237,-0.522527057366708,-0.9292436389854257,0.9146122817362334,-0.19911228520858887,-0.49993454325491793,0.9539392014169457
36.22256329589032,-0.5081071567635671,-0.9322766704870479,0.9213334838608589,-0.18697136501684425,-0.49993462250288356,0.9539392014169455
36.23827125915827,-0.49358251232267236,-0.9351175176531115,0.9279466262711343,-0.17464163253691378,-0.49993470575789634,0.9539392014169455
36.25397922242622,-0.4789548537233988,-0.9377631991849368,0.934447524301138,-0.16212112885844,-0.4999347932310828,0.9539392014169455
36.26968718569417,-0.4642259775475761,-0.940210703127245,0.9408318419319247,-0.14940791154351402,-0.4999348851446825,0.9539392014169455
36.28539514896212,-0.4493977496946319,-0.9424569871578697,0.9470950869456058,-0.13650005872048068,-0.49993498173258943,0.9539392014169454
36.30110311223006,-0.4344721078735831,-0.9444989789441534,0.9532326059894413,-0.12339567348991495,-0.49993508324091135,0.9539392014169454
36.31681107549801,-0.4194510641732451,-0.9463335765710766,0.9592395795560611,-0.11009288866185679,-0.49993518992854735,0.9539392014169455
36.33251903876596,-0.4043367077119243,-0.9479576490464791,0.9651110168870561,-0.09658987184428514,-0.4999353020677847,0.9539392014169454
36.34822700203391,-0.38913120736773565,-0.9493680368890485,0.970841750808416,-0.08288483090371412,-0.4999354199449123,0.9539392014169454
36.36393496530186,-0.37383681459054463,-0.9505615528050905,0.9764264325076576,-0.06897601981970197,-0.4999355438608491,0.9539392014169455
36.37964292856981,-0.3584558662963662,-0.9515349824604429,0.9818595262639893,-0.05486174495596791,-0.4999356741317889,0.9539392014169455
36.39535089183776,-0.3429907878448636,-0.9522850853542584,0.9871353041444967,-0.040540371771708064,-0.4999358110898568,0.9539392014169455
36.41105885510571,-0.32744409610037145,-0.9528085958017609,0.9922478406811416,-0.026010331997578913,-0.4999359550837764,0.9539392014169457
36.42676681837366,-0.3118184025766215,-0.9531022240334687,0.9971910075453317,-0.011270131301666863,-0.49993610647954595,0.9539392014169457
36.4424747816416,-0.29611641666506927,-0.9531626574187839,1.0019584682389642,0.0036816425284273823,-0.4999362656611197,0.9539392014169457
36.45818274490955,-0.2803409489464054,-0.9529865618222642,1.0065436728231818,0.018846310860502823,-0.49993643303108903,0.9539392014169457
36.4738907081775,-0.26449491458448326,-0.9525705831013177,1.0109398527086202,0.034225094922093635,-0.49993660901136316,0.9539392014169457
36.48959867144545,-0.24858133680149988,-0.9519113487545074,1.0151400155336678,0.049819105906043465,-0.4999367940438413,0.9539392014169455
36.5053066347134,-0.2326033504328273,-0.9510054697300893,1.0191369401602395,0.06562933444863427,-0.49993698859107205,0.9539392014169454
36.52101459798135,-0.216564205559406,-0.9498495424048692,1.0229231718197715,0.08165663945120953,-0.49993719313689144,0.9539392014169453
36.5367225612493,-0.20046727121506966,-0.9484401507439217,1.0264910174455992,0.0979017362160061,-0.4999374081870368,0.9539392014169454
36.55243052451725,-0.18431603916557596,-0.9467738686521704,1.0298325412315898,0.11436518386686065,-0.4999376342697225,0.9539392014169455
36.5681384877852,-0.16811412775546097,-0.9448472625292961,1.0329395604608809,0.1310473720256167,-0.4999378719361729,0.9539392014169457
36.58384645105314,-0.15186528581811423,-0.9426568940398912,1.0358036416528162,0.1479485067154598,-0.49993812176109853,0.9539392014169458
36.59955441432109,-0.13557339664368057,-0.9401993231112273,1.0384160970807017,0.16506859546308875,-0.49993838434310345,0.9539392014169457
36.61526237758904,-0.11924248199853305,-0.9374711111714389,1.0407679817178022,0.18240743157263128,-0.4999386603050142,0.9539392014169457
36.63097034085699,-0.10287670618911932,-0.9344688246413397,1.042850090674092,0.19996457754557811,-0.4999389502941105,0.9539392014169455
36.64667830412494,-0.08648038016196126,-0.9311890386934851,1.0446529571916314,0.21773934762278735,-0.4999392549822439,0.9539392014169455
36.66238626739289,-0.07005796563047849,-0.927628341292448,1.046166851272075,0.23573078942685755,-0.4999395750658264,0.9539392014169457
36.67809423066084,-0.053614079218106084,-0.9237833375306018,1.047381779015717,0.2539376646859362,-0.4999399112656663,0.9539392014169455
36.69380219392879,-0.03715349660588264,-0.9196506542739771,1.0482874827576023,0.27235842902338525,-0.49994026432663174,0.9539392014169455
36.70951015719674,-0.02068115667129188,-0.9152269451329705,1.0488734420925903,0.290991210801729,-0.4999406350171173,0.9539392014169455
36.72521812046468,-0.0042021656036474245,-0.910508895772838,1.0491288758877875,0.30983378901403547,-0.499941024128285,0.9539392014169457
36.74092608373263,0.012278199020288033,-0.9054932295789667,1.0490427453874462,0.3288835702213972,-0.49994143247305745,0.9539392014169457
36.75663404700058,0.028754484218461267,-0.9001767136918988,1.0486037585221937,0.3481375645415635,-0.49994186088482373,0.9539392014169455
36.77234201026853,0.04522105766328772,-0.8945561654269426,1.0478003755412566,0.3675923607011058,-0.49994231021583424,0.9539392014169457
36.78804997353648,0.06167210384075164,-0.8886284590929556,1.0466208160931063,0.3872441001718535,-0.49994278133524284,0.9539392014169457
36.80375793680443,0.07810162033261028,-0.8823905332244838,1.0450530678865682,0.4070884504218018,-0.4999432751267652,0.9539392014169457
36.81946590007238,0.09450341424759082,-0.8758393982408919,1.043084897070829,0.4271205773213355,-0.49994379248591003,0.9539392014169459
36.83517386334033,0.11087109882969211,-0.8689721445453865,1.040703860478806,0.44733511675752335,-0.49994433431674623,0.9539392014169459
36.85088182660828,0.12719809027401835,-0.8617859510759103,1.0378973198838706,0.467726145522474,-0.49994490152816295,0.9539392014169459
36.86658978987622,0.14347760478296911,-0.8542780943187338,1.0346524584248074,0.48828715155638297,-0.4999454950295795,0.9539392014169458
36.88229775314417,0.15970265589807828,-0.8464459577941921,1.0309562993579244,0.5090110036419874,-0.4999461157260633,0.953939201416946
36.89800571641212,0.17586605214531886,-0.8382870420223535,1.026795727298254,0.529889920664726,-0.49994676451281506,0.953939201416946
36.91371367968007,0.1919603950342541,-0.8297989749744763,1.0221575121135373,0.5509154405720034,-0.4999474422689736,0.9539392014169461
36.92942164294802,0.20797807745399394,-0.8209795230138516,1.0170283356349488,0.5720783891855787,-0.49994814985070624,0.953939201416946
36.94512960621597,0.22391128251148817,-0.8118266023270473,1.0113948213470079,0.5933688490432227,-0.49994888808354165,0.953939201416946
36.96083756948392,0.23975198286021915,-0.8023382908436193,1.005243567215576,0.6147761284693599,-0.49994965775392086,0.9539392014169461
36.97654553275187,0.2554919405698167,-0.79251284063903,0.9985611818069173,0.6362887310993491,-0.4999504595999248,0.9539392014169461
36.99225349601982,0.2711227075894647,-0.7823486908117824,0.9913343238422133,0.65789432610822,-0.499951294301173,0.9539392014169459
37.00796145928776,0.28663562686015776,-0.77184448082163,0.9835497453203046,0.6795797194219089,-0.49995216246786633,0.9539392014169459
37.02366942255571,0.3020218341328485,-0.7609990642711375,0.9751943383264722,0.7013308262170831,-0.49995306462898237,0.9539392014169459
37.03937738582366,0.31727226055124574,-0.7498115231078335,0.9662551856263861,0.7231326450442251,-0.4999540012196293,0.9539392014169459
37.05508534909161,0.33237763605941745,-0.7382811822187185,0.9567196151216315,0.7449692339374067,-0.4999549725675838,0.9539392014169458
37.07079331235956,0.3473284936953595,-0.7264076243829518,0.9465752582161256,0.7668236889026918,-0.4999559788790551,0.953939201416946
37.08650127562751,0.3621151748322339,-0.7141907055421653,0.9358101121109726,0.7886781252048632,-0.4999570202237378,0.9539392014169459
37.10220923889546,0.3767278354289882,-0.7016305703410461,0.9244126060086029,0.8105136618985862,-0.4999580965192355,0.9539392014169459
37.11791720216341,0.3911564533514581,-0.6887276678836177,0.9123716711652033,0.8323104100745443,-0.4999592075149648,0.9539392014169459
37.13362516543136,0.4053908368237486,-0.6754827676430811,0.8996768146833246,0.8540474653127629,-0.4999603527756682,0.9539392014169459
37.149333128699304,0.41942063406760005,-0.6618969754551821,0.8863181968840949,0.8757029048534491,-0.4999615316647029,0.9539392014169459
37.165041091967254,0.4332353441844889,-0.6479717495169327,0.8722867120407406,0.8972537900093418,-0.4999627433272962,0.9539392014169459
37.180749055235204,0.44682432933131194,-0.6337089163041926,0.8575740721922785,0.9186761743518115,-0.49996398667398356,0.9539392014169458
37.19645701850315,0.4601768282355723,-0.6191106863132164,0.8421728936886305,0.93994511820479,-0.4999652603644934,0.9539392014169458
37.2121649817711,0.4732819710899585,-0.604179669522895,0.8260767860465087,0.9610347099749922,-0.49996656279235707,0.9539392014169459
37.22787294503905,0.4861287958590201,-0.5889188904661941,0.8092804426198952,0.9819180948327887,-0.4999678920705575,0.9539392014169457
37.243580908307,0.49870626602224405,-0.5733318027913592,0.7917797325106523,1.002567511234463,-0.49996924601857007,0.9539392014169457
37.25928887157495,0.5110032897681877,-0.5574223031859741,0.7735717930648437,1.0229543357424766,-0.4999706221511512,0.9539392014169457
37.2749968348429,0.5230087406434121,-0.5411947445300953,0.7546551222199979,1.04304913655488,-0.4999720176692737,0.9539392014169458
37.290704798110845,0.5347114796477902,-0.5246539481386342,0.7350296698893247,1.062821736097401,-0.4999734294536078,0.9539392014169458
37.306412761378795,0.5461003787543603,-0.5078052149481038,0.7146969274925343,1.0822412829614447,-0.49997485406095465,0.9539392014169455
37.322120724646744,0.5571643458173275,-0.4906543354990015,0.6936600146713133,1.1012763333878826,-0.49997628772404346,0.9539392014169455
37.337828687914694,0.5678923508161642,-0.47320759856266703,0.6719237621628013,1.119894942400044,-0.4999777263550882,0.9539392014169455
37.353536651182644,0.5782734533671582,-0.4554717982606381,0.6494947897487997,1.138064764579976,-0.4999791655534691,0.9539392014169454
37.369244614450594,0.5882968314163609,-0.4374542395255286,0.6263815781542736,1.1557531643604193,-0.49998060061787797,0.9539392014169455
37.38495257771854,0.5979518110098927,-0.41916274175545964,0.6025945337383225,1.1729273355720868,-0.49998202656320756,0.9539392014169457
37.40066054098649,0.6072278970192176,-0.4006056405192494,0.5781460448065271,1.189554429843159,-0.4999834381424052,0.9539392014169454
37.416368504254436,0.6161148046805545,-0.381791787177055,0.5530505283776286,1.2056016932973395,-0.4999848298734295,0.9539392014169454
37.432076467522386,0.6246024917893688,-0.36273054629106605,0.5273244662618551,1.2210366108406854,-0.4999861960713601,0.9539392014169454
37.447784430790335,0.6326811913732184,-0.34343179071324226,0.5009864293545948,1.2358270571685608,-0.4999875308856043,0.9539392014169453
37.463492394058285,0.6403414446494545,-0.32390589425198363,0.47405708911881167,1.2499414534656361,-0.4999888283420253,0.9539392014169454
37.479200357326235,0.6475741340587967,-0.30416372183699236,0.446559215323446,1.2633489286174584,-0.49999008238970766,0.9539392014169454
37.494908320594185,0.6543705161519842,-0.2842166171213322,0.4185176592232614,1.2760194836055798,-0.4999912869519302,0.9539392014169454
37.510616283862134,0.6607222540949306,-0.26407638748166506,0.389959321507794,1.2879241576235791,-0.49999243598079623,0.9539392014169453
37.526324247130084,0.6666214495484616,-0.24375528640162164,0.3609131045120991,1.2990351943326524,-0.4999935235148518,0.9539392014169453
37.542032210398034,0.6720606736721256,-0.22326599324896457,0.33140984836800363,1.309326206576802,-0.4999945437388862,0.9539392014169454
37.55774017366598,0.677032996998064,-0.2026215904842789,0.30148225097892656,1.318772337802862,-0.4999954910450183,0.9539392014169454
37.573448136933926,0.6815320179207568,-0.1818355383669755,0.2711647719206487,1.327350418383102,-0.49999636009407333,0.9539392014169455
37.589156100201876,0.6855518895518466,-0.16092164725296199,0.24049352060062787,1.3350391150209369,-0.4999971458761897,0.9539392014169457
37.604864063469826,0.6890873446963056,-0.13989404760692756,0.20950612924489495,1.3418190714355958,-0.4999978437695467,0.9539392014169455
37.620572026737776,0.6921337187170247,-0.11876715788027455,0.1782416115190654,1.3476730385710112,-0.4999984495960974,0.9539392014169457
37.636279990005725,0.6946869700694287,-0.09755565043277033,0.1467402078230513,1.3525859926582755,-0.49999895967319696,0.9539392014169455
37.651987953273675,0.6967436983058561,-0.07627441570143757,0.11504321852198485,1.3565452395794197,-0.4999993708600694,0.9539392014169458
37.667695916541625,0.6983011593709688,-0.05493852484352121,0.08319282658300159,1.3595405041316362,-0.4999996805981377,0.9539392014169459
37.683403879809575,0.6993572780341015,-0.03356319110106045,0.05123191127344166,1.361564002972986,-0.49999988694434216,0.953939201416946
37.69911184307752,0.6999106573318289,-0.01216373015219876,0.019203854735682736,1.3626105002397548,-0.49999998859672035,0.9539392014169459
37.71481980634547,0.6999605849236837,0.009244480271514824,-0.012847656617188473,1.3626773450576612,-0.49999998491167996,0.9539392014169458
37.73052776961342,0.6995070362953849,0.03064604121226517,-0.044878833845958144,1.361764490419078,-0.4999998759125772,0.953939201416946
37.74623573288137,0.6985506747765624,0.05202557346171506,-0.07684598827349715,1.3598744931606173,-0.49999966228940584,0.9539392014169459
37.76194369614932,0.6970928483732063,0.07336775838744056,-0.10870573320090549,1.3570124950438263,-0.49999934538960134,0.953939201416946
37.777651659417266,0.6951355834482918,0.09465737831430747,-0.14041518245600548,1.3531861852100195,-0.49999892720017347,0.9539392014169459
37.793359622685216,0.6926815753166436,0.1158793561713905,-0.17193214373731616,1.348405744542194,-0.4999984103215639,0.9539392014169459
37.809067585953166,0.6897341758514809,0.13701879412542778,-0.2032153048122664,1.3426837727164502,-0.49999779793381205,0.9539392014169459
37.824775549221116,0.6862973782296914,0.15806101093599279,-0.23422441075821135,1.3360351989567705,-0.49999709375576773,0.9539392014169459
37.84048351248906,0.682375798970187,0.17899157778522748,-0.26492043059514797,1.328477177715361,-0.49999630199822886,0.9539392014169459
37.85619147575701,0.6779746574442558,0.1997963523557156,-0.2952657118454492,1.320028970681836,-0.49999542731199353,0.9539392014169459
37.87189943902496,0.6730997530582806,0.220461510953425,-0.325224121763414,1.3107118166749554,-0.49999447473187963,0.9539392014169458
37.88760740229291,0.6677574403272344,0.24097357849810933,-0.3547611742005113,1.300548791088083,-0.49999344961782954,0.9539392014169458
37.90331536556086,0.6619546020718085,0.2613194562305991,-0.3838441413052235,1.2895646566426648,-0.49999235759421423,0.9539392014169458
37.91902332882881,0.6556986209827547,0.2814864470144857,-0.41244214949369234,1.2777857072525165,-0.4999912044884426,0.9539392014169458
37.93473129209676,0.6489973498030068,0.30146227813826454,-0.4405262593634524,1.2652396068161988,-0.49998999626993534,0.9539392014169458
37.95043925536471,0.6418590803814586,0.3212351215525318,-0.4680695294522534,1.2519552247367844,-0.4999887389904454,0.9539392014169457
37.966147218632656,0.6342925118520426,0.3407936115048289,-0.49504706396267784,1.2379624699202005,-0.49998743872662843,0.9539392014169457
37.9818551819006,0.6263067181881952,0.3601268595617435,-0.5214360447769132,1.223292124928032,-0.49998610152564327,0.9539392014169458
37.99756314516855,0.6179111153761618,0.37922446703351037,-0.5472157482712894,1.2079756818616671,-0.49998473335445914,0.9539392014169457
38.0132711084365,0.6091154284412178,0.39807653484026084,-0.5723675476044419,1.1920451814357915,-0.49998334005340284,0.9539392014169455
38.02897907170445,0.5999296585490885,0.41667367088096835,-0.5968749012943558,1.1755330565645064,-0.4999819272943641,0.9539392014169457
38.0446870349724,0.5903640503910329,0.43500699498581097,-0.6207233290170001,1.1584719816368745,-0.4999805005439423,0.9539392014169457
38.06039499824035,0.5804290600455724,0.4530681415499685,-0.6439003756523716,1.1408947285044717,-0.4999790650316972,0.9539392014169457
38.0761029615083,0.5701353234931009,0.47084925996170063,-0.6663955646728092,1.1228340300453956,-0.4999776257235502,0.9539392014169457
38.09181092477625,0.5594936259419632,0.48834301294988086,-0.688200342014231,1.1043224520106847,-0.49997618730028426,0.9539392014169455
38.1075188880442,0.5485148721064019,0.505542572986011,-0.7093080115948109,1.0853922737034298,-0.4999747541409931,0.9539392014169457
38.12322685131214,0.5372100575583767,0.5224416168831791,-0.729713663649263,1.0660753778907843,-0.4999733303112589,0.9539392014169458
38.13893481458009,0.5255902412569557,0.5390343187395575,-0.7494140970323212,1.046403150206947,-0.4999719195557695,0.9539392014169458
38.15464277784804,0.513666519341043,0.5553153413770127,-0.7684077366144199,1.0264063881728736,-0.4999705252950376,0.9539392014169457
38.17035074111599,0.5014500002538615,0.5712798264263729,-0.7866945468482908,1.0061152198374037,-0.49996915062585134,0.9539392014169457
38.18605870438394,0.48895178125106564,0.5869233832100733,-0.8042759425295573,0.9855590319356815,-0.49996779832506055,0.9539392014169457
38.20176666765189,0.4761829263287629,0.6022420765704549,-0.8211546977097448,0.9647664073647725,-0.499966470856287,0.9539392014169457
38.21747463091984,0.46315444559320884,0.6172324137881472,-0.8373348536486577,0.9437650716935037,-0.499965170379153,0.9539392014169457
38.23318259418779,0.44987727608058986,0.6318913307299244,-0.8528216266168857,0.9225818483536659,-0.49996389876062497,0.9539392014169457
38.24889055745574,0.4363622640231878,0.646216177359379,-0.8676213162802123,0.9012426221024841,-0.49996265758808445,0.9539392014169458
38.26459852072368,0.42262014854735164,0.6602047027369162,-0.8817412153176143,0.879772310301089,-0.4999614481837611,0.9539392014169458
38.28030648399163,0.4086615467790963,0.6738550396281152,-0.8951895208448684,0.858194841519875,-0.4999602716201841,0.9539392014169457
38.29601444725958,0.3944969403247836,0.6871656888315911,-0.907975248137808,0.836533140958208,-0.49995912873633697,0.9539392014169457
38.31172241052753,0.3801366630871852,0.7001355033293022,-0.9201081470740587,0.8148091221519949,-0.4999580201542402,0.9539392014169457
38.32743037379548,0.3655908903712238,0.7127636723538977,-0.9315986216404898,0.7930436844371156,-0.4999569462957013,0.9539392014169457
38.34313833706343,0.35086962922878373,0.7250497054593364,-0.9424576527863172,0.7712567156386106,-0.4999559073990152,0.9539392014169457
38.35884630033138,0.335982709988094,0.7369934166727181,-0.9526967248392497,0.7494670994637839,-0.4999549035354294,0.9539392014169455
38.37455426359933,0.3209397789102433,0.7485949087971631,-0.9623277556446174,0.7276927270910218,-0.49995393462520643,0.9539392014169455
38.39026222686728,0.30575029191330716,0.7598545579277168,-0.9713630305352234,0.7059505124641936,-0.49995300045316216,0.9539392014169454
38.40597019013522,0.29042350930326155,0.7707729982347176,-0.9798151401927766,0.6842564108240985,-0.4999521006835633,0.9539392014169454
38.42167815340317,0.2749684914502504,0.7813511070618838,-0.9876969224201273,0.6626254400327494,-0.49995123487431203,0.9539392014169455
38.43738611667112,0.25939409534877833,0.7915899903796035,-0.9950214078070205,0.6410717042725843,-0.4999504024903513,0.9539392014169454
38.45309407993907,0.24370897200093924,0.8014909686275543,-1.0018017692404695,0.6196084197303248,-0.499949602916254,0.9539392014169454
38.46880204320702,0.22792156456278717,0.8110555629748752,-1.008051275183896,0.5982479419035736,-0.4999488354679684,0.9539392014169454
38.48451000647497,0.21204010719534375,0.8202854820206492,-1.0137832466265737,0.5770017941968604,-0.49994809940371376,0.9539392014169457
38.50021796974292,0.19607262456344265,0.8291826089524451,-1.0190110175863263,0.5558806975022826,-0.49994739393402643,0.9539392014169457
38.51592593301087,0.18002693192758115,0.8377489891761045,-1.0237478990335278,0.534894600487795,-0.49994671823096903,0.9539392014169457
38.53163389627882,0.1639106357761255,0.8459868184258182,-1.0280071460929,0.5140527103432826,-0.49994607143652936,0.9539392014169457
38.54734185954676,0.1477311349475485,0.8538984313598285,-1.0318019283710342,0.49336352376058784,-0.4999454526702294,0.9539392014169457
38.56304982281471,0.13149562219482325,0.8614862906437727,-1.035145303251678,0.4728348579484663,-0.4999448610359859,0.9539392014169458
38.57875778608266,0.11521108614661399,0.8687529765207492,-1.0380501919972678,0.45247388150689927,-0.4999442956282545,0.9539392014169458
38.59446574935061,0.09888431362246233,0.875701176864606,-1.0405293584936866,0.4322871450072019,-0.49994375553750214,0.9539392014169459
38.61017371261856,0.08252189226173133,0.8823336777107086,-1.0425953904754623,0.41228061114488407,-0.4999432398550441,0.9539392014169459
38.62588167588651,0.06613021342861938,0.8886533542565088,-1.0442606830703625,0.39245968435122525,-0.49994274767729374,0.9539392014169459
38.64158963915446,0.04971547535806623,0.8946631623225884,-1.0455374245053177,0.3728292397670206,-0.49994227810946756,0.9539392014169459
38.65729760242241,0.0332836865098284,0.9003661302634641,-1.0464375838196238,0.3533936514979656,-0.4999418302687828,0.9539392014169459
38.67300556569036,0.0168406691003864,0.9057653513163011,-1.046972900436204,0.33415682008571485,-0.4999414032871955,0.953939201416946
38.6887135289583,0.00039206278464863647,0.9108639763747463,-1.0471548754472078,0.31512219914182854,-0.4999409963137147,0.953939201416946
38.70442149222625,-0.01605667153837043,0.9156652071743714,-1.0469947644762032,0.29629282110367566,-0.49994060851633315,0.9539392014169459
38.7201294554942,-0.032500247819605525,0.9201722898756534,-1.0465035719855642,0.2776713220819636,-0.4999402390836114,0.9539392014169459
38.73583741876215,-0.04893355087542369,0.9243885090300241,-1.0456920469042272,0.2592599657789868,-0.4999398872259483,0.9539392014169461
38.7515453820301,-0.06535163234432147,0.9283171819142654,-1.0445706794577032,0.24106066646501248,-0.4999395521765725,0.9539392014169458
38.76725334529805,-0.08174970660281988,0.9319616532183835,-1.0431496990889872,0.2230750110075254,-0.4999392331922823,0.9539392014169459
38.782961308566,-0.09812314665684513,0.9353252900720724,-1.0414390733657293,0.20530427995441772,-0.49993892955396646,0.9539392014169458
38.79866927183395,-0.11446748002329127,0.9384114773949369,-1.0394485077756686,0.18774946767771092,-0.4999386405669257,0.9539392014169458
38.814377235101894,-0.13077838461497426,0.9412236135557893,-1.0371874463188238,0.1704113015891089,-0.4999383655610278,0.9539392014169457
38.830085198369844,-0.147051684640799,0.9437651063265471,-1.0346650728112443,0.15329026044267896,-0.4999381038907068,0.9539392014169459
38.84579316163779,-0.1632833465316718,0.9460393691165252,-1.0318903128212211,0.13638659174330686,-0.499937854934839,0.9539392014169458
38.86150112490574,-0.17946947490149526,0.9480498174732364,-1.0288718361647173,0.11970032828233933,-0.4999376180965013,0.9539392014169458
38.87720908817369,-0.195606308551477,0.949799865836166,-1.0256180598923774,0.10323130382407478,-0.4999373928026394,0.9539392014169458
38.89291705144164,-0.21169021652496436,0.9512929245303785,-1.0221371517058069,0.08697916796854391,-0.4999371785036538,0.9539392014169459
38.90862501470959,-0.2277176942190786,0.9525323969872195,-1.0184370337458748,0.07094340021739261,-0.49993697467291887,0.953939201416946
38.92433297797754,-0.24368535955856255,0.953521677179815,-1.014525386700568,0.05512332327068595,-0.4999367808062478,0.9539392014169459
38.94004094124549,-0.25958994923646705,0.9542641472615059,-1.0104096541844259,0.03951811558314058,-0.49993659642131194,0.9539392014169459
38.955748904513435,-0.2754283150255825,0.954763175395812,-1.006097047345813,0.02412682320870281,-0.49993642105702785,0.953939201416946
38.971456867781384,-0.29119742016386696,0.955022113766975,-1.0015945496622383,0.00894837096255881,-0.499936254272915,0.9539392014169458
38.987164831049334,-0.30689433581652714,0.9550442967605877,-0.9969089218876256,-0.0060184270703746955,-0.4999360956484368,0.9539392014169459
39.002872794317284,-0.32251623761686976,0.9548330393042705,-0.9920467071188771,-0.020774857651646172,-0.49993594478232567,0.9539392014169459
39.018580757585234,-0.3380604022875532,0.9543916353588099,-0.987014235952266,-0.03532229910168381,-0.49993580129190585,0.9539392014169459
39.03428872085318,-0.35352420434343157,0.9537233565506131,-0.9818176317031557,-0.04966221258045201,-0.4999356648124081,0.9539392014169461
39.04999668412113,-0.36890511287678884,0.9528314509367724,-0.9764628156652807,-0.06379613390896793,-0.4999355349962911,0.9539392014169461
39.06570464738908,-0.3842006884254081,0.9517191418944546,-0.9709555123883501,-0.07772566590497583,-0.4999354115125649,0.9539392014169461
39.08141261065703,-0.3994085799236064,0.9503896271267478,-0.9653012549550628,-0.09145247120682419,-0.49993529404612486,0.9539392014169461
39.097120573924975,-0.4145265217360864,0.9488460777774947,-0.9595053902407604,-0.10497826556039096,-0.4999351822970951,0.9539392014169461
39.112828537192925,-0.4295523307742082,0.9470916376480366,-0.9535730841409051,-0.11830481154474153,-0.4999350759801863,0.953939201416946
39.128536500460875,-0.4444839036940667,0.9451294225091619,-0.9475093267533669,-0.13143391271307248,-0.49993497482406596,0.9539392014169461
39.144244463728825,-0.4593192141755701,0.942962519501917,-0.941318937504142,-0.14436740812638002,-0.4999348785707487,0.9539392014169459
39.159952426996774,-0.4740563102815463,0.9405939866212853,-0.9350065702066243,-0.15710716725818807,-0.4999347869749992,0.9539392014169459
39.175660390264724,-0.48869331189576326,0.9380268522770707,-0.9285767180459076,-0.16965508524956946,-0.499934699803756,0.9539392014169459
39.191368353532674,-0.5032284082386218,0.9352641149266434,-0.9220337184808383,-0.18201307849458778,-0.4999346168355733,0.9539392014169459
39.207076316800624,-0.5176598554591781,0.932308742774512,-0.9153817580576546,-0.19418308053717365,-0.49993453786008213,0.9539392014169459
39.22278428006857,-0.5319859743020623,0.9291636735339731,-0.9086248771300658,-0.20616703826132005,-0.4999344626774696,0.9539392014169459
39.238492243336516,-0.5462051478477856,0.9258318142463707,-0.9017669744815366,-0.2179669083573371,-0.4999343910979783,0.9539392014169459
39.254200206604466,-0.5603158193248732,0.9223160411537622,-0.8948118118463692,-0.22958465404774078,-0.49993432294142526,0.9539392014169458
39.269908169872416,-0.5743164899922049,0.9186191996210373,-0.8877630183269124,-0.2410222420571626,-0.49993425803673963,0.9539392014169458
39.285616133140365,-0.5882057170899184,0.914744104103777,-0.8806240947048947,-0.2522816398114548,-0.49993419622151863,0.9539392014169459
39.301324096408315,-0.6019821118571955,0.9106935381583648,-0.8733984176454662,-0.2633648128519285,-0.4999341373416038,0.9539392014169459
39.317032059676265,-0.615644337615238,0.9064702544910803,-0.8660892437930684,-0.27427372245139686,-0.49993408125067346,0.9539392014169459
39.332740022944215,-0.62919110791373,0.9020769750431045,-0.8586997137587141,-0.28501032341940397,-0.49993402780985463,0.9539392014169458
39.348447986212165,-0.6426211847390784,0.8975163911085637,-0.8512328559986813,-0.2955765620847,-0.49993397688735036,0.9539392014169458
39.364155949480114,-0.6559333767827271,0.8927911634829182,-0.843691590584985,-0.3059743744436762,-0.49993392835808714,0.9539392014169457
39.37986391274806,-0.669126537767851,0.8879039226391738,-0.83607873286832,-0.3162056844640964,-0.4999338821033741,0.9539392014169457
39.39557187601601,-0.6821995648327448,0.8828572689295608,-0.8283969970344406,-0.3262724025340602,-0.4999338380105813,0.9539392014169457
39.41127983928396,-0.6951513969692434,0.877653772810473,-0.8206489995551944,-0.33617642404670134,-0.4999337959728332,0.9539392014169458
39.426987802551906,-0.707981013514529,0.8722959750886088,-0.8128372625356356,-0.3459196281116685,-0.499933755888715,0.9539392014169459
39.442695765819856,-0.7206874326947035,0.8667863871863916,-0.8049642169588217,-0.3555038763849517,-0.4999337176619934,0.9539392014169458
39.458403729087806,-0.733269710218534,0.8611274914248721,-0.7970322058300567,-0.36493101200911027,-0.49993368120135306,0.9539392014169457
39.474111692355756,-0.7457269379198053,0.8553217413224424,-0.7890434872224675,-0.3742028586564236,-0.49993364642014254,0.9539392014169458
39.489819655623705,-0.7580582424467438,0.8493715619077989,-0.7810002372259099,-0.3833212196679299,-0.4999336132361363,0.9539392014169459
39.505527618891655,-0.7702627839970133,0.843279350045704,-0.7729045528012881,-0.39228787728173786,-0.4999335815713055,0.9539392014169459
39.5212355821596,-0.7823397550968102,0.8370474747741926,-0.7647584545424394,-0.4011045919443936,-0.4999335513516029,0.9539392014169459
39.53694354542755,-0.7942883794226255,0.8306782776519677,-0.7565638893477918,-0.40977310169946196,-0.49993352250675693,0.9539392014169459
39.5526515086955,-0.8061079106642737,0.8241740731148154,-0.7483227330040388,-0.41829512164783794,-0.499933494970076,0.953939201416946
39.56835947196345,-0.8177976314278227,0.8175371488399549,-0.7400367926841053,-0.4266723434746386,-0.4999334686782644,0.9539392014169461
39.5840674352314,-0.829356852177099,0.8107697661173168,-0.7317078093616927,-0.4349064350378464,-0.4999334435712456,0.953939201416946
39.59977539849935,-0.8407849102124724,0.8038741602268166,-0.7233374601446992,-0.4429990400141725,-0.4999334195919961,0.953939201416946
39.615483361767296,-0.8520811686856677,0.7968525408207582,-0.7149273605298053,-0.45095177759789346,-0.4999333966863878,0.9539392014169461
39.631191325035246,-0.8632450156493802,0.7897070923105686,-0.7064790665805076,-0.4587662422486796,-0.4999333748030374,0.9539392014169461
39.646899288303196,-0.8742758631405108,0.7824399742571236,-0.697994077030866,-0.4664440034846873,-0.49993335389316396,0.953939201416946
39.66260725157114,-0.8851731462958737,0.7750533217639834,-0.6894738353172061,-0.47398660571742146,-0.49993333391045547,0.953939201416946
39.67831521483909,-0.8959363224992598,0.7675492458729055,-0.680919731539991,-0.4813955681251007,-0.4999333148109396,0.953939201416946
39.69402317810704,-0.9065648705587774,0.7599298339610585,-0.6723331043580467,-0.4886723845614639,-0.49993329655286356,0.9539392014169461
39.70973114137499,-0.9170582899134244,0.7521971501394006,-0.6637152428172873,-0.4958185234971575,-0.49993327909657914,0.9539392014169461
39.72543910464294,-0.927416099867881,0.7443532356517344,-0.655067388116049,-0.5028354279910265,-0.4999332624044337,0.9539392014169461
39.74114706791089,-0.9376378388545408,0.7364001092739877,-0.646390735309101,-0.5097245156888075,-0.4999332464406673,0.9539392014169461
39.75685503117884,-0.9477230637218367,0.7283397677133088,-0.6376864349523576,-0.5164871788468851,-0.49993323117131494,0.9539392014169462
39.77256299444679,-0.9576713490479427,0.7201741860066009,-0.6289555946902717,-0.5231247843789282,-0.49993321656411505,0.9539392014169463
39.78827095771474,-0.9674822864789683,0.7119053179181529,-0.6201992807878431,-0.5296386739233662,-0.4999332025884201,0.9539392014169462
39.80397892098268,-0.9771554840907903,0.703535096336054,-0.6114185196091282,-0.5360301639298014,-0.4999331892151151,0.9539392014169463
39.81968688425063,-0.9866905657736962,0.695065433667109,-0.6026142990440903,-0.5423005457625806,-0.4999331764165378,0.9539392014169463
39.83539484751858,-0.9960871706390411,0.6864982222299996,-0.593787569885582,-0.5484510858198685,-0.49993316416640554,0.9539392014169463
39.85110281078653,-1.005344952447151,0.6778353346464587,-0.5849392471582014,-0.5544830256666785,-0.49993315243974307,0.9539392014169463
39.86681077405448,-1.0144635790557266,0.6690786242302529,-0.5760702114007163,-0.5603975821804197,-0.4999331412128173,0.9539392014169464
39.88251873732243,-1.0234427318880353,0.6602299253737839,-0.5671813099037035,-0.5661959477076177,-0.4999331304630723,0.9539392014169467
39.89822670059038,-1.0322821054201958,0.6512910539321473,-0.5582733579040009,-0.5718792902305613,-0.49993312016907165,0.9539392014169467
39.91393466385833,-1.0409814066868963,0.6422638076044992,-0.549347139737524,-0.5774487535427085,-0.49993311031043886,0.9539392014169468
39.92964262712628,-1.0495403548048954,0.6331499663126038,-0.5404034099519511,-0.5829054574317727,-0.4999331008678055,0.9539392014169467
39.94535059039422,-1.0579586805136953,0.6239512925764487,-0.5314428943807353,-0.5882504978694784,-0.4999330918227596,0.9539392014169465
39.96105855366217,-1.0662361257327855,0.6146695318868308,-0.5224662911798575,-0.5934849472070529,-0.49993308315779716,0.9539392014169465
39.97676651693012,-1.0743724431348847,0.6053064130748306,-0.5134742718286882,-0.598609854375583,-0.49993307485627697,0.9539392014169465
39.99247448019807,-1.0823673957346291,0.5958636486781029,-0.5044674820962842,-0.6036262450904275,-0.4999330669023764,0.9539392014169464
40.00818244346602,-1.090220756492171,0.5863429353039298,-0.49544654297440316,-0.6085351220589374,-0.49993305928105153,0.9539392014169465
40.02389040673397,-1.0979323079311778,0.5767459539889858,-0.48641205157847683,-0.6133374651907862,-0.4999330519779971,0.9539392014169468
40.03959837000192,-1.105501841770736,0.5670743705557822,-0.47736458201774445,-0.6180342318102652,-0.4999330449796103,0.9539392014169467
40.05530633326987,-1.1129291585706869,0.5573298359657644,-0.46830468623570737,-0.6226263568699459,-0.4999330382729561,0.9539392014169465
40.07101429653782,-1.1202140673899337,0.5475139866690423,-0.4592328948220277,-0.6271147531651556,-0.4999330318457331,0.9539392014169468
40.08672225980576,-1.1273563854572834,0.53762844495075,-0.4501497177969577,-0.6315003115487519,-0.49993302568624365,0.9539392014169467
40.10243022307371,-1.1343559378543981,0.52767481927403,-0.44105564536934805,-0.6357839011457236,-0.499933019783363,0.9539392014169465
40.11813818634166,-1.14121255721045,0.5176547046196495,-0.43195114866925055,-0.6399663695671783,-0.49993301412651164,0.9539392014169467
40.13384614960961,-1.147926083408088,0.5075696828222623,-0.4228366804560948,-0.6440485431233117,-0.4999330087056292,0.9539392014169465
40.14955411287756,-1.1544963633003416,0.49742132290333546,-0.41371267580338666,-0.6480312270349843,-0.4999330035111478,0.9539392014169468
40.16526207614551,-1.1609232504380969,0.48721118140076347,-0.40457955276084345,-0.6519152056435613,-0.49993299853397,0.9539392014169467
40.18097003941346,-1.1672066048078025,0.4769408026952025,-0.3954377129948507,-0.6557012426186978,-0.49993299376544453,0.9539392014169465
40.19667800268141,-1.1733462925790665,0.4666117193331574,-0.3862875424080953,-0.6593900811637751,-0.4999329891973456,0.9539392014169465
40.21238596594935,-1.1793421858618276,0.45622545234686157,-0.37712941173920095,-0.6629824442187211,-0.4999329848218529,0.9539392014169465
40.2280939292173,-1.1851941624727915,0.44578351157099205,-0.3679636771431634,-0.6664790346599654,-0.49993298063153135,0.9539392014169464
40.24380189248525,-1.1909021057108362,0.4352873959562679,-0.35879068075335835,-0.6698805354973029,-0.4999329766193138,0.9539392014169465
40.2595098557532,-1.1964659041411039,0.4247385938799808,-0.3496107512258661,-0.6731876100674566,-0.4999329727784835,0.9539392014169465
40.27521781902115,-1.201885451387508,0.414138583453512,-0.3404242042668349,-0.6764009022241503,-0.49993296910265755,0.9539392014169465
40.2909257822891,-1.2071606459333921,0.40348883282689185,-0.331231343143579,-0.6795210365245137,-0.4999329655857716,0.9539392014169464
40.30663374555705,-1.2122913909300934,0.3927908004904607,-0.32203245918008594,-0.6825486184116634,-0.49993296222206507,0.9539392014169465
40.322341708825,-1.2172775940131682,0.38204593557369243,-0.3128278322375847,-0.6854842343933111,-0.49993295900606755,0.9539392014169465
40.33804967209295,-1.2221191671260534,0.3712556781412442,-0.303617731180805,-0.6883284522162678,-0.4999329559325856,0.9539392014169464
40.35375763536089,-1.2268160263509404,0.36042145948629783,-0.2944024143305384,-0.6910818210367229,-0.4999329529966897,0.9539392014169465
40.36946559862884,-1.2313680917466527,0.34954470242125996,-0.28518212990309183,-0.6937448715861866,-0.49993295019370393,0.9539392014169465
40.38517356189679,-1.2357752871933267,0.33862682156589025,-0.27595711643720544,-0.6963181163329983,-0.4999329475191933,0.9539392014169465
40.40088152516474,-1.240037540243702,0.32766922363292766,-0.2667276032089887,-0.6988020496393086,-0.49993294496895424,0.9539392014169465
40.41658948843269,-1.2441547819808365,0.3166733077112868,-0.2574938106354121,-0.7011971479134533,-0.49993294253900433,0.9539392014169465
40.43229745170064,-1.2481269468820726,0.30564046554689744,-0.24825595066687475,-0.7035038697576471,-0.4999329402255733,0.9539392014169465
40.44800541496859,-1.2519539726890865,0.29457208182126066,-0.23901422716935247,-0.7057226561109282,-0.49993293802509353,0.9539392014169464
40.46371337823654,-1.2556358002838592,0.2834695344277977,-0.22976883629661687,-0.7078539303872959,-0.49993293593419225,0.9539392014169464
40.47942134150449,-1.2591723735704197,0.27233419474606674,-0.22051996685300054,-0.7098980986089863,-0.4999329339496835,0.9539392014169463
40.49512930477243,-1.262563639362212,0.26116742791392417,-0.2112678006471707,-0.7118555495348386,-0.4999329320685608,0.9539392014169464
40.51083726804038,-1.265809547274952,0.24997059309770897,-0.20201251283736033,-0.7137266547837092,-0.49993293028799046,0.9539392014169464
40.52654523130833,-1.2689100496248424,0.23874504376052696,-0.19275427226849368,-0.7155117689528946,-0.4999329286053046,0.9539392014169463
40.54225319457628,-1.2718651013320192,0.22749212792871448,-0.1834932418016314,-0.7172112297315303,-0.49993292701799474,0.9539392014169461
40.55796115784423,-1.274674659829116,0.2162131884565602,-0.17422957863614938,-0.7188253580089347,-0.4999329255237067,0.9539392014169462
40.57366912111218,-1.2773386849748332,0.20490956328936524,-0.16496343462505494,-0.7203544579778711,-0.4999329241202354,0.9539392014169463
40.58937708438013,-1.2798571389724063,0.19358258572492085,-0.15569495658383442,-0.7217988172327063,-0.49993292280551893,0.9539392014169463
40.60508504764808,-1.2822299862928805,0.18223358467348455,-0.14642428659321652,-0.7231587068624424,-0.49993292157763425,0.9539392014169462
40.62079301091603,-1.2844571936030902,0.17086388491633542,-0.13715156229622721,-0.7244343815386061,-0.49993292043479287,0.9539392014169464
40.636500974183974,-1.2865387296982627,0.15947480736298905,-0.12787691718990388,-0.7256260795979784,-0.4999329193753377,0.9539392014169463
40.652208937451924,-1.2884745654391652,0.1480676693071537,-0.1186004809120284,-0.7267340231201525,-0.49993291839773696,0.9539392014169462
40.667916900719874,-1.290264673693717,0.1366437846815088,-0.10932237952323227,-0.7277584179999054,-0.49993291750058294,0.9539392014169463
40.68362486398782,-1.2919090292829964,0.1252044643113874,-0.10004273578481945,-0.7286994540143762,-0.49993291668258805,0.9539392014169462
40.69933282725577,-1.293407608931583,0.11375101616744425,-0.09076166943264721,-0.7295573048850397,-0.4999329159425816,0.9539392014169462
40.71504079052372,-1.294760391222168,0.10228474561739131,-0.0814792974473992,-0.7303321283344687,-0.49993291527950773,0.9539392014169462
40.73074875379167,-1.2959673565543868,0.09080695567688261,-0.07219573432157968,-0.7310240661378791,-0.4999329146924226,0.953939201416946
40.74645671705962,-1.2970284871078197,0.07931894725963033,-0.06291109232355371,-0.7316332441694504,-0.4999329141804927,0.953939201416946
40.76216468032757,-1.2979437668091165,0.06782201942683448,-0.053625481758953195,-0.732159772443419,-0.4999329137429921,0.953939201416946
40.777872643595515,-1.298713181303211,0.05631746963600812,-0.04433901122976527,-0.7326037451499382,-0.4999329133793021,0.9539392014169459
40.793580606863465,-1.299336717928585,0.04480659398928033,-0.0350517878914163,-0.7329652406857031,-0.49993291308890886,0.9539392014169459
40.809288570131415,-1.2998143656965595,0.03329068748125933,-0.02576391770816166,-0.7332443216793364,-0.49993291287140273,0.953939201416946
40.824996533399364,-1.3001461152745815,0.02177104424653799,-0.01647550570708901,-0.7334410350115328,-0.4999329127264774,0.9539392014169458
40.840704496667314,-1.300331958973495,0.010248957806924074,-0.007186656231041257,-0.7335554118299601,-0.49993291265392825,0.9539392014169457
40.856412459935264,-1.3003718907387747,-0.0012742786815223906,0.0021025268092367544,-0.7335874675589147,-0.49993291265365336,0.9539392014169458
40.872120423203214,-1.3002659061457162,-0.0127973721815622,0.011391939683424387,-0.7335372019037302,-0.4999329127256525,0.9539392014169457
40.88782838647116,-1.3000140023985787,-0.024319029527878108,0.02068147859012164,-0.7334045988499382,-0.4999329128700268,0.9539392014169457
40.90353634973911,-1.2996161783336753,-0.03583795718012155,0.02997103940521347,-0.7331896266571796,-0.49993291308697957,0.9539392014169457
40.919244313007056,-1.29907243442642,-0.047352860975822496,0.0392605174297994,-0.7328922378478655,-0.4999329133768168,0.9539392014169457
40.934952276275006,-1.2983827728023392,-0.058862445883079935,0.04854980713738519,-0.7325123691905886,-0.49993291373994747,0.9539392014169454
40.950660239542955,-1.2975471972520598,-0.07036541575295058,0.05783880192003214,-0.732049941678283,-0.49993291417688424,0.9539392014169455
40.966368202810905,-1.296565713250295,-0.08186047307145324,0.06712739383315827,-0.7315048605011333,-0.4999329146882454,0.9539392014169454
40.982076166078855,-1.295438327978851,-0.09334631871110644,0.07641547333868343,-0.730877015014234,-0.4999329152747557,0.9539392014169457
40.997784129346805,-1.2941650503536812,-0.10482165168191677,0.08570292904620812,-0.7301662786999988,-0.499932915937248,0.9539392014169457
41.013492092614754,-1.292745891056024,-0.11628516888173557,0.09498964745191296,-0.7293725091253228,-0.4999329166766653,0.9539392014169458
41.029200055882704,-1.291180862567661,-0.12773556484590146,0.10427551267486232,-0.7284955478934969,-0.49993291749406266,0.9539392014169457
41.044908019150654,-1.2894699792103377,-0.13917153149608638,0.11356040619039184,-0.7275352205908806,-0.49993291839060955,0.9539392014169457
41.0606159824186,-1.287613257189397,-0.15059175788826287,0.12284420656025563,-0.726491336728333,-0.4999329193675932,0.9539392014169457
41.076323945686546,-1.28561071464168,-0.16199492995971,0.13212678915920378,-0.7253636896774086,-0.49993292042642007,0.9539392014169457
41.092031908954496,-1.2834623716877476,-0.1733797302749762,0.141408025897656,-0.7241520566013224,-0.49993292156862057,0.9539392014169458
41.107739872222446,-1.281168250488493,-0.18474483777071654,0.15068778494013152,-0.7228561983806907,-0.4999329227958517,0.9539392014169458
41.123447835490396,-1.2787283753062113,-0.19608892749932244,0.1599659304190888,-0.7214758595340558,-0.49993292410990053,0.9539392014169458
41.139155798758345,-1.2761427725702004,-0.20741067037126226,0.16924232214382268,-0.7200107681332039,-0.499932925512689,0.9539392014169459
41.154863762026295,-1.2734114709469762,-0.21870873289605064,0.17851681530405877,-0.7184606357132873,-0.49993292700627784,0.9539392014169458
41.170571725294245,-1.2705345014151854,-0.22998177692176544,0.1877892601678776,-0.716825157177765,-0.4999329285928714,0.9539392014169457
41.186279688562195,-1.2675118973453112,-0.24122845937303078,0.19705950177359244,-0.7151040106981745,-0.4999329302748225,0.9539392014169457
41.20198765183014,-1.2643436945842654,-0.25244743198738523,0.2063273796151968,-0.7132968576087572,-0.4999329320546383,0.9539392014169455
41.21769561509809,-1.2610299315449758,-0.26363734104995434,0.21559272732098675,-0.7114033422959531,-0.4999329339349854,0.9539392014169455
41.23340357836604,-1.2575706493010754,-0.2747968271263472,0.2248553723249553,-0.7094230920827929,-0.49993293591869636,0.9539392014169457
41.24911154163399,-1.253965891686813,-0.28592452479369695,0.23411513553054378,-0.7073557171082111,-0.4999329380087766,0.9539392014169457
41.264819504901936,-1.2502157054023062,-0.29701906236976616,0.24337183096632511,-0.7052008102013149,-0.49993294020841006,0.9539392014169459
41.280527468169886,-1.246320140124268,-0.3080790616400372,0.2526252654331824,-0.7029579467506402,-0.49993294252096876,0.9539392014169458
41.296235431437836,-1.2422792486223457,-0.3191031375827099,0.26187523814253266,-0.700626684568438,-0.49993294495001783,0.953939201416946
41.311943394705786,-1.2380930868812117,-0.33008989809152894,0.27112154034513414,-0.6982065637500333,-0.499932947499327,0.953939201416946
41.327651357973735,-1.2337617142285637,-0.34103794369636264,0.280363954950001,-0.6956971065283089,-0.49993295017287637,0.953939201416946
41.34335932124168,-1.2292851934691889,-0.35194586728145905,0.2896022561329354,-0.6930978171233688,-0.4999329529748681,0.9539392014169461
41.35906728450963,-1.2246635910252612,-0.36281225380130167,0.2988362089341713,-0.6904081815874464,-0.4999329559097354,0.9539392014169462
41.37477524777758,-1.2198969770830468,-0.37363567999399316,0.30806556884460967,-0.6876276676451252,-0.49993295898215234,0.9539392014169462
41.39048321104553,-1.2149854257461994,-0.38441471409209177,0.3172900813801074,-0.6847557245289517,-0.49993296219704614,0.9539392014169462
41.40619117431348,-1.2099290151958404,-0.3951479155308303,0.32650948164326543,-0.6817917828105277,-0.4999329655596084,0.9539392014169462
41.42189913758143,-1.2047278278576208,-0.4058338346536462,0.33572349387214384,-0.6787352542271748,-0.4999329690753076,0.9539392014169463
41.43760710084938,-1.1993819505759784,-0.4164710124149552,0.344931830975312,-0.6755855315042814,-0.4999329727499018,0.9539392014169464
41.45331506411733,-1.1938914747958078,-0.42705798008010026,0.3541341940526234,-0.6723419881734443,-0.49993297658945296,0.9539392014169465
41.469023027385276,-1.188256496751772,-0.43759325892241174,0.3633302719010839,-0.6690039783865376,-0.4999329806003415,0.9539392014169465
41.48473099065322,-1.1824771176654956,-0.44807535991731523,0.37251974050515996,-0.6655708367258474,-0.49993298478928183,0.9539392014169467
41.50043895392117,-1.17655344395089,-0.4585027834334271,0.3817022625108533,-0.6620418780104277,-0.4999329891633383,0.9539392014169465
41.51614691718912,-1.1704855874278686,-0.46887401892057873,0.39087748668284295,-0.658416397098849,-0.4999329937299426,0.9539392014169467
41.53185488045707,-1.1642736655447252,-0.47918754459471513,0.4000450473439734,-0.6546936686885236,-0.49993299849691286,0.9539392014169465
41.54756284372502,-1.1579178016094605,-0.48944182711961487,0.40920456379634207,-0.650872947111812,-0.499933003472471,0.9539392014169467
41.56327080699297,-1.1514181250303455,-0.4996353212853832,0.41835563972321305,-0.6469534661291311,-0.499933008665265,0.9539392014169468
41.57897877026092,-1.1447747715660375,-0.5097664696836722,0.4274978625709575,-0.6429344387193078,-0.4999330140843896,0.9539392014169468
41.59468673352887,-1.1379878835855628,-0.5198337023795878,0.4366308029101935,-0.6388150568674398,-0.4999330197394083,0.9539392014169468
41.61039469679682,-1.1310576103385006,-0.5298354365802452,0.44575401377526835,-0.6345944913505512,-0.49993302564037795,0.9539392014169467
41.62610266006476,-1.1239841082357171,-0.5397700762999422,0.45486702998119716,-0.630271891521354,-0.49993303179787385,0.9539392014169467
41.64181062333271,-1.1167675411410092,-0.5496360120219215,0.4639693674171403,-0.6258463850904544,-0.4999330382230164,0.9539392014169465
41.65751858660066,-1.1094080806740332,-0.5594316203567011,0.4730605223154698,-0.6213170779073716,-0.4999330449274992,0.9539392014169464
41.67322654986861,-1.1019059065249128,-0.5691552636969581,0.48213997049544216,-0.6166830537407653,-0.49993305192361825,0.9539392014169465
41.68893451313656,-1.0942612067809285,-0.5788052898689542,0.4912071665804604,-0.6119433740583065,-0.49993305922430387,0.9539392014169465
41.70464247640451,-1.0864741782657146,-0.5883800317805035,0.5002615431878729,-0.6070970778066551,-0.4999330668431543,0.9539392014169465
41.72035043967246,-1.0785450268914032,-0.5978778070654864,0.5093025100902203,-0.6021431811920529,-0.4999330747944687,0.9539392014169465
41.73605840294041,-1.0704739680241717,-0.6072969177249248,0.5183294533468036,-0.5970806774620744,-0.49993308309328555,0.9539392014169464
41.75176636620835,-1.062261226863668,-0.616635649764639,0.5273417344044083,-0.5919085366891288,-0.499933091755421,0.9539392014169465
41.7674743294763,-1.05390703883681,-0.6258922728295213,0.5363386891659805,-0.5866257055563477,-0.4999331007975101,0.9539392014169465
41.78318229274425,-1.0454116500064699,-0.6350650398344666,0.545319627026007,-0.5812311071465469,-0.4999331102370503,0.9539392014169464
41.7988902560122,-1.0367753174955778,-0.6441521865920159,0.5542838298713151,-0.5757236407350024,-0.499933120092446,0.9539392014169467
41.81459821928015,-1.0279983099271965,-0.6531519314367771,0.563230551045958,-0.5701021815868397,-0.49993313038305875,0.9539392014169467
41.8303061825481,-1.0190809078811447,-0.6620624748467031,0.5721590142788135,-0.5643655807598968,-0.49993314112925635,0.9539392014169465
41.84601414581605,-1.0100234043677616,-0.6708819990613193,0.5810684125724769,-0.5585126649139868,-0.4999331523524681,0.9539392014169465
41.861722109084,-1.0008261053194367,-0.6796086676970094,0.5899579070519805,-0.5525422361275554,-0.49993316407524035,0.9539392014169464
41.87743007235195,-0.9914893301005443,-0.6882406253594833,0.5988266257718322,-0.5464530717228077,-0.4999331763212973,0.9539392014169463
41.89313803561989,-0.9820134120364492,-0.6967759972535689,0.6076736624798112,-0.540243924100454,-0.49993318911560414,0.9539392014169463
41.90884599888784,-0.9723986989622786,-0.7052128887904884,0.6164980753359154,-0.5339135205853144,-0.49993320248443396,0.9539392014169464
41.92455396215579,-0.9626455537921738,-0.7135493851927998,0.6252988855848056,-0.5274605632841117,-0.4999332164554376,0.9539392014169465
41.94026192542374,-0.9527543551097676,-0.7217835510972054,0.6340750761800436,-0.5208837289568805,-0.49993323105771903,0.9539392014169465
41.95596988869169,-0.9427254977806577,-0.7299134301554536,0.6428255903583688,-0.5141816689035251,-0.4999332463219136,0.9539392014169465
41.97167785195964,-0.9325593935876739,-0.7379370446335839,0.6515493301622152,-0.5073530088671706,-0.4999332622802707,0.9539392014169465
41.98738581522759,-0.922256471889768,-0.7458523950097914,0.6602451549086142,-0.5003963489560695,-0.49993327896674183,0.9539392014169465
42.00309377849554,-0.9118171803053823,-0.7536574595712192,0.668911879602588,-0.4933102635859554,-0.4999332964170729,0.9539392014169465
42.01880174176349,-0.9012419854211836,-0.7613501940100121,0.677548273293082,-0.4860933014448669,-0.4999333146689016,0.9539392014169465
42.03450970503143,-0.8905313735270822,-0.7689285310190032,0.6861530573694451,-0.4787439854826133,-0.4999333337618606,0.9539392014169464
42.05021766829938,-0.8796858513784834,-0.7763903798874369,0.6947249037964168,-0.4712608129272037,-0.49993335373768627,0.9539392014169465
42.06592563156733,-0.8687059469867553,-0.7837336260971718,0.7032624332855354,-0.46364225533072617,-0.4999333746403336,0.9539392014169465
42.08163359483528,-0.8575922104389282,-0.7909561309198451,0.7117642134008423,-0.45588675864733863,-0.49993339651609686,0.9539392014169465
42.09734155810323,-0.8463452147476733,-0.7980557310155253,0.7202287565967151,-0.44799274334621564,-0.49993341941373676,0.9539392014169465
42.11304952137118,-0.8349655567326447,-0.8050302380334252,0.7286545181856259,-0.43995860456249525,-0.49993344338461687,0.9539392014169465
42.12875748463913,-0.8234538579343036,-0.8118774382152968,0.7370398942335876,-0.43178271228947795,-0.4999334684828439,0.9539392014169465
42.14446544790708,-0.8118107655613763,-0.8185950920021822,0.7453832193810245,-0.4234634116155526,-0.4999334947654186,0.9539392014169464
42.16017341117503,-0.8000369534731382,-0.8251809336452517,0.7536827645867736,-0.41499902300956126,-0.49993352229239324,0.9539392014169464
42.17588137444297,-0.7881331231977459,-0.8316326708215199,0.7619367347929112,-0.40638784265856576,-0.49993355112703897,0.9539392014169465
42.19158933771092,-0.7761000049878822,-0.8379479842552952,0.7701432665080813,-0.39762814286224557,-0.4999335813360205,0.9539392014169463
42.20729730097887,-0.7639383589150116,-0.8441245273462857,0.7783004253070012,-0.38871817248843965,-0.49993361298958156,0.9539392014169465
42.22300526424682,-0.7516489760035794,-0.8501599258053605,0.7864062032438227,-0.37965615749464415,-0.4999336461617402,0.9539392014169464
42.23871322751477,-0.7392326794065293,-0.8560517772990387,0.7944585161770411,-0.3704403015205967,-0.4999336809304938,0.9539392014169464
42.25442119078272,-0.7266903256235431,-0.8617976511038674,0.8024552010036669,-0.36106878655741376,-0.4999337173780353,0.9539392014169464
42.27012915405067,-0.7140228057634489,-0.8673950877719323,0.8103940128004151,-0.3515397736991038,-0.499933755590981,0.9539392014169465
42.28583711731862,-0.7012310468522738,-0.8728415988088447,0.8182726218697168,-0.34185140398265623,-0.49993379566061075,0.9539392014169465
42.30154508058657,-0.6883160131884534,-0.8781346663656451,0.8260886106884224,-0.33200179932330376,-0.49993383768311894,0.9539392014169465
42.317253043854514,-0.6752787077467444,-0.8832717429461716,0.8338394707571533,-0.3219890635519757,-0.4999338817598798,0.9539392014169465
42.332961007122464,-0.6621201736324147,-0.8882502511315565,0.8415225993483604,-0.3118112835624043,-0.4999339279977268,0.9539392014169465
42.34866897039041,-0.6488414955873184,-0.8930675833236321,0.8491352961512753,-0.3014665305758128,-0.49993397650924465,0.9539392014169464
42.36437693365836,-0.6354438015494883,-0.8977211015091583,0.8566747598120871,-0.29095286153160677,-0.4999340274130762,0.9539392014169465
42.38008489692631,-0.6219282642679039,-0.9022081370469184,0.8641380843678588,-0.280268320613007,-0.4999340808342464,0.9539392014169465
42.39579286019426,-0.6082961029741161,-0.906525990479876,0.8715222555729009,-0.2694109409171085,-0.4999341369044987,0.9539392014169465
42.41150082346221,-0.5945485851124256,-0.9106719313747375,0.878824147116562,-0.2583787462794185,-0.4999341957626513,0.9539392014169465
42.42720878673016,-0.580687028130329,-0.9146431981914277,0.8860405167316724,-0.2471697532635276,-0.4999342575549678,0.9539392014169465
42.44291674999811,-0.5667128013309543,-0.9184369981851604,0.8931680021931929,-0.2357819733271926,-0.49993432243554575,0.9539392014169465
42.458624713266055,-0.5526273277892129,-0.9220505073439639,0.9002031172069843,-0.2242134151767649,-0.4999343905667229,0.9539392014169467
42.474332676534004,-0.5384320863333932,-0.9254808703647166,0.9071422471890225,-0.21246208732258165,-0.499934462119503,0.9539392014169465
42.490040639801954,-0.524128613593913,-0.9287252006709537,0.9139816449358477,-0.20052600084864697,-0.4999345372739981,0.9539392014169465
42.505748603069904,-0.5097185061209294,-0.931780580475915,0.9207174261875608,-0.1884031724106701,-0.49993461621989077,0.9539392014169465
42.521456566337854,-0.49520342257248356,-0.9346440608945374,0.9273455650852658,-0.17609162747729298,-0.49993469915691524,0.9539392014169465
42.5371645296058,-0.48058508597481997,-0.9373126621083285,0.9338618895255137,-0.16358940383013218,-0.49993478629535865,0.9539392014169468
42.55287249287375,-0.4658652860564752,-0.9397833735873162,0.9402620764150419,-0.15089455533907686,-0.4999348778565807,0.9539392014169467
42.5685804561417,-0.4510458816576741,-0.9420531543735279,0.9465416468299136,-0.13800515603012525,-0.49993497407355203,0.9539392014169467
42.58428841940965,-0.4361288032164988,-0.9441189334307337,0.952695961084078,-0.12491930446390226,-0.4999350751914128,0.9539392014169467
42.599996382677595,-0.42111605533321006,-0.9459776100654812,0.9587202137133726,-0.11163512844388002,-0.49993518146805005,0.9539392014169465
42.615704345945545,-0.40600971941399905,-0.9476260544247521,0.9646094283821073,-0.0981507900742159,-0.49993529317469154,0.9539392014169465
42.631412309213495,-0.39081195639532323,-0.9490611080758932,0.9703584527205967,-0.0844644911880256,-0.4999354105965188,0.9539392014169465
42.647120272481445,-0.3755250095498412,-0.9502795846748072,0.9759619531033628,-0.07057447916781634,-0.4999355340332936,0.9539392014169465
42.662828235749394,-0.3601512073747965,-0.9512782707287386,0.981414409379217,-0.05647905318071168,-0.4999356638000029,0.9539392014169465
42.678536199017344,-0.34469296656351206,-0.9520539264603495,0.9867101095660669,-0.042176570851996505,-0.49993580022751305,0.9539392014169464
42.694244162285294,-0.32915279506044115,-0.9526032867801609,0.9918431445250768,-0.02766545540139159,-0.4999359436632372,0.9539392014169463
42.709952125553244,-0.31353329519997825,-0.9529230623748217,0.9968074026307698,-0.012944203267320214,-0.4999360944718102,0.9539392014169463
42.72566008882119,-0.2978371669289537,-0.9530099409190728,1.001596564455787,0.0019886077547556693,-0.4999362530357696,0.9539392014169464
42.741368052089136,-0.2820672111124275,-0.9528605884196897,1.006204097491341,0.017134309833088446,-0.4999364197562388,0.9539392014169465
42.757076015357086,-0.2662263329220462,-0.9524716507001132,1.0106232509269235,0.03249413585194835,-0.4999365950536053,0.9539392014169464
42.772783978625036,-0.25031754530583694,-0.9518397550349174,1.0148470505155516,0.04806920956732455,-0.49993677936819514,0.9539392014169464
42.788491941892985,-0.23434397253787698,-0.9509615119437074,1.0188682935538032,0.06386053513735876,-0.4999369731609331,0.9539392014169463
42.804199905160935,-0.21830885384579496,-0.9498335171544988,1.0226795440090717,0.0798689859984584,-0.4999371769139832,0.9539392014169463
42.819907868428885,-0.20221554711352238,-0.948452353747083,1.0262731278299138,0.09609529305779602,-0.49993739113136393,0.9539392014169462
42.835615831696835,-0.1860675326561242,-0.9468145944873495,1.029641128479048,0.11254003217283698,-0.49993761633952793,0.9539392014169462
42.851323794964784,-0.16986841706288555,-0.9449168043639936,1.032775382732522,0.12920361088867796,-0.4999378530878986,0.9539392014169462
42.867031758232734,-0.15362193710411542,-0.942755543339498,1.0356674767927843,0.146086254404358,-0.49993810194934996,0.9539392014169461
42.88273972150068,-0.13733196369634468,-0.9403273693277218,1.0383087427679127,0.16318799073995888,-0.4999383635206215,0.953939201416946
42.89844768476863,-0.12100250591973814,-0.9376288414108707,1.0406902555740176,0.18050863507728365,-0.4999386384226523,0.9539392014169462
42.91415564803658,-0.10463771508060649,-0.9346565233090386,1.0428028303229175,0.198047773248234,-0.4999389273008219,0.9539392014169461
42.929863611304526,-0.08824188881088692,-0.9314069871159059,1.0446370202625228,0.2158047443467497,-0.4999392308250751,0.9539392014169461
42.945571574572476,-0.07181947519535975,-0.9278768173145429,1.046183115342974,0.2337786224423778,-0.4999395496899245,0.9539392014169462
42.961279537840426,-0.055375076916175214,-0.9240626150875928,1.0474311414874622,0.25196819737626197,-0.49993988461429695,0.9539392014169462
42.976987501108376,-0.038913455402977914,-0.9199610029363876,1.0483708606527735,0.2703719546236467,-0.49994023634121254,0.9539392014169462
42.992695464376325,-0.022439534975531583,-0.9155686296237692,1.0489917717709336,0.28898805421093865,-0.4999406056372655,0.9539392014169462
43.008403427644275,-0.00595840696426085,-0.9108821754555447,1.0492831126698565,0.30781430868003057,-0.499940993291887,0.9539392014169461
43.02411139091222,0.010524666207462945,-0.9058983579155792,1.0492338630775706,0.32684816009804196,-0.4999414001163547,0.9539392014169462
43.03981935418017,0.027004246997160496,-0.9006139376695113,1.0488327488213605,0.34608665611694167,-0.49994182694252487,0.9539392014169462
43.05552731744812,0.043474718792878696,-0.8950257249519548,1.0480682473399738,0.3655264250947683,-0.4999422746212506,0.9539392014169461
43.07123528071607,0.059930282060200415,-0.8891305863518046,1.0469285946338034,0.3851636502984348,-0.4999427440204548,0.953939201416946
43.08694324398402,0.07636495061022512,-0.8829254520098809,1.0454017937846,0.40499404321747295,-0.4999432360228173,0.9539392014169461
43.10265120725197,0.09277254801423333,-0.8764073232426082,1.0434756251826873,0.4250128160286222,-0.4999437515230427,0.953939201416946
43.118359170519916,0.1091467041929646,-0.8695732806047105,1.0411376586057157,0.44521465326297005,-0.499944291424663,0.9539392014169461
43.134067133787866,0.12548085221074728,-0.8624204924029935,1.0383752672985784,0.465593682740483,-0.4999448566363395,0.9539392014169461
43.14977509705581,0.1417682253071101,-0.8549462236721573,1.0351756442090565,0.4861434458512888,-0.499945448067617,0.953939201416946
43.16548306032376,0.1580018542009698,-0.847147845622221,1.0315258205378839,0.5068568672790441,-0.4999460666240896,0.953939201416946
43.18119102359171,0.17417456470501008,-0.8390228455655034,1.0274126867650368,0.5277262242791837,-0.4999467132019354,0.9539392014169459
43.19689898685966,0.1902789756904297,-0.8305688373291993,1.0228230163159258,0.5487431156438287,-0.49994738868177513,0.9539392014169459
43.21260695012761,0.20630749744481675,-0.8217835721573571,1.0177434920315616,0.5698984305056352,-0.4999480939218207,0.9539392014169458
43.22831491339556,0.22225233046848145,-0.8126649501035107,1.0121607356054283,0.591182317154874,-0.4999488297502681,0.9539392014169458
43.24402287666351,0.23810546475711727,-0.8032110319122977,1.0060613401464127,0.6125841520674993,-0.49994959695690766,0.9539392014169459
43.25973083993146,0.2538586796211282,-0.7934200513851029,0.999431906021441,0.6340925093667962,-0.4999503962839198,0.9539392014169458
43.27543880319941,0.2695035440943193,-0.7832904282210672,0.9922590801231108,0.6556951309672844,-0.49995122841583606,0.9539392014169457
43.29114676646735,0.2850314179868535,-0.7728207813206885,0.9845295986962538,0.6773788976767048,-0.4999520939686485,0.9539392014169457
43.3068547297353,0.3004334536393779,-0.7620099425346882,0.9762303338426878,0.6991298015599199,-0.499952993478072,0.9539392014169457
43.32256269300325,0.3157005984369705,-0.7508569708358251,0.9673483438050505,0.7209329198971194,-0.4999539273869611,0.9539392014169457
43.3382706562712,0.33082359814297996,-0.7393611668858899,0.9578709271082271,0.742772391097494,-0.49995489603191157,0.9539392014169457
43.35397861953915,0.345793001113875,-0.727522087964213,0.9477856806101538,0.7646313929580993,-0.4999558996290797,0.9539392014169457
43.3696865828071,0.36059916345680454,-0.7153395632176769,0.9370805614823996,0.7864921236854819,-0.4999569382592912,0.9539392014169457
43.38539454607505,0.37523225519162406,-0.7028137091854475,0.9257439531046324,0.8083357861242054,-0.4999580118525079,0.9539392014169455
43.401102509343,0.3896822674785914,-0.6899449455444615,0.9137647348156527,0.8301425756610362,-0.4999591201717669,0.9539392014169454
43.41681047261095,0.4039390209716869,-0.6767340110141592,0.901132355416981,0.8518916722954942,-0.4999602627967198,0.9539392014169454
43.43251843587889,0.417992175355492,-0.6631819793510829,0.8878369102729537,0.8735612373859253,-0.4999614391069338,0.9539392014169454
43.44822639914684,0.43183124012068064,-0.6492902753558348,0.8738692217939614,0.89512841559432,-0.49996264826513703,0.9539392014169454
43.46393436241479,0.4454455866293534,-0.635060690806577,0.8592209230270201,0.916569342561844,-0.4999638892006406,0.9539392014169455
43.47964232568274,0.45882446151660394,-0.6204954002248556,0.8438845440106097,0.9378591588494466,-0.499965160593174,0.9539392014169454
43.49535028895069,0.47195700146877045,-0.6055969763711437,0.8278536004791182,0.9589720306729574,-0.49996646085742824,0.9539392014169455
43.51105825221864,0.48483224941173453,-0.5903684053592532,0.8111226844269488,0.9798811779487058,-0.49996778812861575,0.9539392014169457
43.52676621548659,0.4974391721343278,-0.5748131012707981,0.7936875559642337,1.0005589101428898,-0.49996914024938555,0.9539392014169457
43.54247417875454,0.5097666793623633,-0.5589349201433661,0.7755452358161997,1.020976670384699,-0.49997051475846765,0.9539392014169458
43.55818214202249,0.5218036442879952,-0.5427381731991268,0.7566940977378479,1.0411050882586619,-0.49997190888142373,0.9539392014169457
43.57389010529043,0.5335389255470431,-0.5262276391744823,0.7371339600362061,1.0609140416350877,-0.4999733195239179,0.9539392014169457
43.58959806855838,0.5449613906236082,-0.5094085756062162,0.7168661753157306,1.0803727278282116,-0.4999747432679065,0.9539392014169454
43.60530603182633,0.5560599406468322,-0.4922867289256436,0.6958937174903509,1.0994497442893572,-0.49997617637116054,0.9539392014169457
43.62101399509428,0.5668235365290779,-0.47486834320971005,0.6742212650402796,1.1181131789470087,-0.4999776147705173,0.9539392014169457
43.63672195836223,0.5772412263782777,-0.45716016743702514,0.6518552794352531,1.1363307101973479,-0.4999790540892295,0.9539392014169454
43.65242992163018,0.587302174099853,-0.43916946109766547,0.6288040776006624,1.1540697164281408,-0.49998048964875297,0.9539392014169454
43.66813788489813,0.5969956890856531,-0.42090399800841416,0.6050778972714262,1.1712973948268366,-0.4999819164852609,0.9539392014169454
43.68384584816608,0.6063112568690276,-0.40237206819009697,0.5806889540627892,1.1879808890817762,-0.49998332937110623,0.9539392014169454
43.69955381143403,0.6152385706066971,-0.38358247767097037,0.5556514890896966,1.2040874254353706,-0.49998472284137896,0.9539392014169454
43.71526177470197,0.6237675632298318,-0.3645445460898209,0.5299818059890427,1.2195844563923035,-0.49998609122561866,0.9539392014169453
43.73096973796992,0.6318884400890113,-0.3452681019846267,0.5036982962436226,1.2344398112270267,-0.4999874286846282,0.9539392014169454
43.74667770123787,0.6395917119008785,-0.3257634756673249,0.4768214517743978,1.2486218522761958,-0.4999887292522326,0.9539392014169454
43.76238566450582,0.6468682277886961,-0.3060414896024009,0.4493738638595506,1.262099635846806,-0.4999899868816966,0.9539392014169454
43.77809362777377,0.6537092081950427,-0.2861134462265781,0.4213802075550719,1.2748430764234304,-0.49999119549638793,0.9539392014169454
43.79380159104172,0.6601062774329276,-0.26599111316868435,0.392867210931915,1.2868231127221772,-0.4999923490441509,0.9539392014169454
43.80950955430967,0.6660514956320428,-0.2456867058526027,0.36386360860801464,1.2980118740188435,-0.49999344155471526,0.9539392014169452
43.82521751757762,0.6715373898300436,-0.22521286749178515,0.3344000792378871,1.3083828450783188,-0.4999944671993626,0.9539392014169452
43.84092548084557,0.6765569839549787,-0.20458264651079308,0.3045091668255334,1.3179110279354018,-0.49999542035194466,0.9539392014169452
43.85663344411351,0.681103827444542,-0.18380947145731683,0.27422518594463435,1.3265730987273694,-0.49999629565027714,0.9539392014169453
43.87234140738146,0.6851720222509082,-0.16290712349667555,0.24358411117954842,1.3343475577588484,-0.4999970880568424,0.9539392014169453
43.88804937064941,0.6887562479866707,-0.14188970660941,0.21262345133676563,1.341214870992167,-0.4999977929177062,0.9539392014169452
43.90375733391736,0.6918517849779131,-0.1207716156407318,0.18138210921410475,1.347157601202964,-0.4999984060185194,0.9539392014169454
43.91946529718531,0.6944545350046673,-0.0995675023777412,0.14990022794858196,1.3521605271221104,-0.49999892363650633,0.9539392014169454
43.93517326045326,0.6965610395268602,-0.07829223985592255,0.1182190251878543,1.3562107490006645,-0.4999993425873661,0.9539392014169454
43.95088122372121,0.6981684952151144,-0.056960885119941206,0.08638061653877896,1.3592977791833556,-0.49999966026610965,0.9539392014169452
43.96658918698916,0.699274766630168,-0.035588640684689046,0.054427829934465204,1.3614136164556536,-0.4999998746809511,0.9539392014169452
43.98229715025711,0.6998783959218439,-0.014190814960399267,0.022404012723162434,1.36255280313655,-0.49999998447951044,0.9539392014169453
43.99800511352505,0.6999786094479881,0.0072172180799306065,-0.009647166586041617,1.3627124641195447,-0.49999998896674736,0.9539392014169452
44.013713076793,0.699575321245097,0.028620059701932803,-0.04168191988813866,1.3618923273130437,-0.4999998881142207,0.9539392014169451
44.02942104006095,0.698669133314907,0.050002327384600254,-0.07365654226436748,1.3600947251927917,-0.49999968256046845,0.9539392014169449
44.0451290033289,0.6972613327244314,0.07134869567045184,-0.10552761386602139,1.3573245774470981,-0.4999993736024988,0.953939201416945
44.06083696659685,0.6953538855501834,0.092643936595047,-0.13725219880122694,1.3535893549641287,-0.49999896317858017,0.953939201416945
44.0765449298648,0.6929494277300015,0.11387295940577838,-0.16878803898165778,1.3488990256732074,-0.49999845384272434,0.9539392014169449
44.09225289313275,0.6900512529173973,0.1350208492899408,-0.20009374097886556,1.3432659830027645,-0.49999784873142006,0.9539392014169448
44.1079608564007,0.6866632974631164,0.15607290484596398,-0.23112895406706363,1.3367049579506487,-0.4999971515233581,0.9539392014169448
44.12366881966865,0.6827901226761075,0.17701467404908894,-0.26185453778720474,1.3292329159729168,-0.49999636639300504,0.9539392014169449
44.139376782936594,0.6784368945409021,0.19783198848326652,-0.29223271755167113,1.3208689400806204,-0.49999549795901144,0.9539392014169449
44.155084746204544,0.6736093610901184,0.21851099563421106,-0.3222272270148526,1.3116341016871291,-0.49999455122850534,0.9539392014169448
44.170792709472494,0.6683138276491374,0.23903818906384786,-0.35180343615689724,1.3015513208687144,-0.4999935315383828,0.9539392014169448
44.18650067274044,0.6625571301847368,0.2594004363133235,-0.38092846426033333,1.2906452177870613,-0.49999244449471214,0.9539392014169448
44.20220863600839,0.6563466070005023,0.27958500440975415,-0.40957127719640296,1.2789419570736615,-0.49999129591135794,0.9539392014169448
44.21791659927634,0.6496900690291207,0.2995795828804272,-0.4377027686743016,1.2664690869932458,-0.4999900917488904,0.9539392014169448
44.23362456254429,0.6425957689752714,0.3193723042067197,-0.4652958253369105,1.2532553751880051,-0.49998883805476757,0.9539392014169449
44.24933252581224,0.6350723695628765,0.33895176167805274,-0.49232537580634494,1.2393306427585813,-0.4999875409057035,0.953939201416945
44.26504048908019,0.6271289111371809,0.35830702463331043,-0.5187684239876263,1.2247255983646046,-0.4999862063530076,0.9539392014169449
44.280748452348135,0.6187747788657377,0.37742765110290877,-0.5446040671256202,1.2094716739303586,-0.4999848403715814,0.953939201416945
44.296456415616085,0.6100196697732113,0.396303697888756,-0.5698134992763945,1.1936008634237532,-0.49998344881312395,0.953939201416945
44.312164378884034,0.6008735598333076,0.4149257281414137,-0.5943800009974408,1.1771455660432268,-0.4999820373639623,0.953939201416945
44.327872342151984,0.5913466713274688,0.433284816513628,-0.618288916180607,1.1601384350015418,-0.4999806115078097,0.953939201416945
44.343580305419934,0.5814494406646177,0.45137255198689374,-0.6415276170466685,1.1426122329417312,-0.49997917649361445,0.953939201416945
44.359288268687884,0.5711924868395809,0.46918103848274373,-0.6640854583914313,1.1245996948625332,-0.49997773730856576,0.9539392014169448
44.37499623195583,0.5605865806902343,0.48670289338298833,-0.6859537222208946,1.1061333992720865,-0.49997629865620186,0.9539392014169447
44.39070419522378,0.5496426150952635,0.5039312440931787,-0.707125553938594,1.08724564813268,-0.4999748649394805,0.9539392014169448
44.40641215849173,0.5383715762360431,0.5208597227911994,-0.7275958912534686,1.0679683560087516,-0.49997344024860313,0.9539392014169445
44.422120121759676,0.5267845160278233,0.5374824595082134,-0.7473613869634336,1.0483329486875061,-0.4999720283532971,0.9539392014169448
44.437828085027625,0.5148925258074333,0.5537940736923274,-0.7664203267404807,1.0283702714083662,-0.49997063269923103,0.9539392014169448
44.453536048295575,0.5027067113473255,0.56978966440648,-0.7847725429998831,1.0081105067154732,-0.4999692564081898,0.9539392014169447
44.469244011563525,0.49023816924915914,0.5854647993113675,-0.8024193258813023,0.9875831018376293,-0.4999679022816156,0.9539392014169448
44.484951974831475,0.4774979647544538,0.6008155025819052,-0.8193633323055979,0.9668167054030702,-0.4999665728071081,0.9539392014169448
44.500659938099425,0.464497110995238,0.6158382419019892,-0.8356084940001713,0.9458391132125133,-0.4999652701674715,0.9539392014169448
44.516367901367374,0.4512465496941721,0.6305299146773683,-0.8511599253098183,0.9246772227230143,-0.49996399625190735,0.9539392014169445
44.532075864635324,0.43775713331140437,0.6448878336004735,-0.866023831531257,0.9033569958369168,-0.4999627526689676,0.9539392014169447
44.547783827903274,0.42403960862444934,0.6589097116942703,-0.8802074184294694,0.8819034295440652,-0.4999615407608917,0.9539392014169447
44.56349179117122,0.4101046017176718,0.6725936469547863,-0.8937188035142591,0.8603405339307053,-0.4999603616189918,0.9539392014169447
44.579199754439166,0.3959626043494948,0.6859381067040926,-0.906566929577292,0.8386913170442639,-0.49995921609976457,0.9539392014169447
44.594907717707116,0.38162396165819706,0.6989419117573444,-0.9187614809144352,0.8169777760885095,-0.4999581048414494,0.9539392014169448
44.610615680975066,0.3670988611610741,0.7116042204991505,-0.9303128025863169,0.7952208944174282,-0.4999570282807724,0.9539392014169448
44.626323644243016,0.35239732299674004,0.7239245129561734,-0.9412318230023686,0.7734406437974708,-0.4999559866696597,0.9539392014169449
44.642031607510965,0.33752919135638243,0.7359025749445695,-0.9515299800506882,0.7516559914156035,-0.4999549800917258,0.9539392014169448
44.657739570778915,0.3225041270467632,0.7475384823627536,-0.9612191509381955,0.7298849111238191,-0.49995400847837335,0.9539392014169448
44.673447534046865,0.30733160112560987,0.7588325856920958,-0.9703115858529375,0.7081443984284985,-0.49995307162437497,0.9539392014169448
44.68915549731481,0.2920208895486767,0.7697854947605909,-0.9788198455130902,0.6864504887543376,-0.49995216920282415,0.9539392014169449
44.70486346058276,0.2765810687670917,0.7803980638173332,-0.9867567426251588,0.6648182785366774,-0.4999513007793779,0.9539392014169448
44.72057142385071,0.26102101221356283,0.7906713769588212,-0.9941352872369598,0.643261948722227,-0.4999504658257231,0.9539392014169448
44.73627938711866,0.24534938761651165,0.8006067339417292,-1.000968635938976,0.6217947902856984,-0.49994966373223126,0.9539392014169448
44.75198735038661,0.229574655082166,0.8102056364108408,-1.007270044840353,0.6004292313981938,-0.4999488938197696,0.9539392014169448
44.767695313654556,0.21370506588599653,0.8194697745653404,-1.013052826222852,0.5791768659117859,-0.49994815535066195,0.9539392014169447
44.783403276922506,0.19774866191656515,0.8284010142816168,-1.018330308757177,0.5580484828531883,-0.4999474475387996,0.9539392014169445
44.799111240190456,0.1817132757168028,0.8370013847061254,-1.023115801150904,0.5370540966473647,-0.4999467695589177,0.9539392014169445
44.814819203458406,0.16560653106989198,0.8452730663276934,-1.0274225590854211,0.5162029778190711,-0.4999461205550526,0.9539392014169443
44.83052716672635,0.14943584407925095,0.853218379534901,-1.03126375529049,0.4955036839464477,-0.4999454996482132,0.9539392014169443
44.8462351299943,0.13320842469455174,0.8608397736608218,-1.0346524525989444,0.4749640906656749,-0.49994490594329666,0.9539392014169443
44.86194309326225,0.11693127863821591,0.8681398165144435,-1.0376015798203007,0.4545914225492711,-0.4999443385352891,0.9539392014169443
44.8776510565302,0.10061120968938554,0.875121184395479,-1.0401239102703865,0.4343922837027317,-0.4999437965147846,0.9539392014169442
44.89335901979815,0.08425482228493056,0.8817866525870094,-1.0422320427942047,0.41437268794484416,-0.4999432789728733,0.9539392014169443
44.9090669830661,0.06786852439960397,0.8881390863184367,-1.0439383851208608,0.3945380884561377,-0.49994278500543565,0.9539392014169442
44.92477494633405,0.051458530669969665,0.8941814321895609,-1.045255139392275,0.3748934067975381,-0.4999423137168837,0.9539392014169442
44.940482909602,0.03503086572918651,0.8999167100451807,-1.04619428971132,0.35544306121742586,-0.49994186422340214,0.9539392014169443
44.956190872869946,0.018591367722122925,0.9053480052884623,-1.0467675915598063,0.3361909941799755,-0.4999414356557159,0.9539392014169444
44.97189883613789,0.0021456919725848242,0.9104784616203693,-1.0469865629421748,0.3171406990609404,-0.49994102716143907,0.9539392014169443
44.98760679940584,-0.01430068522334072,0.9153112741917041,-1.0468624771166954,0.29829524596900714,-0.4999406379070319,0.9539392014169444
45.00331476267379,-0.030742462701701407,0.9198496831537393,-1.0464063567822868,0.2796573066615403,-0.49994026707941197,0.9539392014169445
45.01902272594174,-0.04717451045470964,0.9240969675930101,-1.045628969595632,0.26122917853305505,-0.4999399138872459,0.9539392014169444
45.03473068920969,-0.06359186559432445,0.9280564398355666,-1.0445408248999568,0.24301280766316496,-0.49993957756196383,0.9539392014169444
45.05043865247764,-0.07998972827351292,0.9317314401058384,-1.0431521715535919,0.22500981091813693,-0.4999392573585161,0.9539392014169445
45.06614661574559,-0.09636345758161449,0.9351253315252271,-1.041472996753167,0.20722149710662263,-0.4999389525559097,0.9539392014169445
45.08185457901354,-0.11270856742863189,0.9382414954355988,-1.0395130257529228,0.1896488871957041,-0.4999386624575467,0.9539392014169444
45.09756254228149,-0.12902072243177728,0.9410833270329821,-1.037281722388132,0.17229273359816585,-0.49993838639138766,0.9539392014169444
45.11327050554943,-0.1452957338162071,0.9436542312969878,-1.0347882903169447,0.1551535385459591,-0.4999381237099668,0.9539392014169444
45.12897846881738,-0.16152955534058186,0.9459576192017265,-1.0320416749010817,0.13823157156822444,-0.499937873790272,0.9539392014169443
45.14468643208533,-0.17771827925688458,0.9479969041943168,-1.0290505656516815,0.12152688609505283,-0.4999376360335156,0.9539392014169444
45.16039439535328,-0.19385813231281931,0.9497754989274252,-1.0258233991722205,0.10503933521045247,-0.4999374098648076,0.9539392014169445
45.17610235862123,-0.20994547180408415,0.9512968122326679,-1.022368362535784,0.0887685865798081,-0.49993719473274656,0.9539392014169443
45.19181032188918,-0.22597678168286975,0.9525642463221119,-1.0186933970390424,0.07271413657852185,-0.49993699010894466,0.9539392014169443
45.20751828515713,-0.241948668728067,0.9535811942055401,-1.0148062022800863,0.05687532364956078,-0.4999367954874959,0.9539392014169444
45.22322624842508,-0.2578578587818745,0.954351037311592,-1.010714240511797,0.04125134091835,-0.4999366103843992,0.9539392014169444
45.23893421169303,-0.2737011930567715,0.9548771433013383,-1.0064247412266751,0.025841248093882795,-0.49993643433694757,0.9539392014169444
45.25464217496097,-0.2894756245161618,0.9551628640633054,-1.0019447059330258,0.010643982685107824,-0.49993626690308623,0.9539392014169443
45.27035013822892,-0.3051782143313953,0.9552115338794231,-0.99728091308611,-0.004341629438367675,-0.49993610766075675,0.9539392014169445
45.28605810149687,-0.3208061284173283,0.9550264677518236,-0.9924399231413331,-0.01911686411242061,-0.49993595620722314,0.9539392014169445
45.30176606476482,-0.3363566340480956,0.9546109598808705,-0.987428083699752,-0.03368308954291544,-0.49993581215839217,0.9539392014169445
45.31747402803277,-0.35182709655432215,0.9539682822852412,-0.9822515347191623,-0.04804175754056357,-0.4999356751481314,0.9539392014169444
45.33318199130072,-0.3672149761026058,0.9531016835553208,-0.9769162137667814,-0.06219439529871996,-0.4999355448275884,0.9539392014169444
45.34888995456867,-0.3825178245577469,0.9520143877315921,-0.9714278612920865,-0.07614259768737075,-0.4999354208645142,0.9539392014169444
45.36459791783662,-0.3977332824278824,0.950709593300122,-0.9657920259007082,-0.08988802003730696,-0.49993530294259647,0.9539392014169444
45.38030588110457,-0.4128590758923996,0.9491904722976428,-0.9600140696124349,-0.10343237138927466,-0.49993519076080245,0.9539392014169445
45.39601384437251,-0.4278930139122551,0.9474601695191227,-0.9540991730883547,-0.11677740818372825,-0.4999350840327345,0.9539392014169444
45.41172180764046,-0.4428329854221043,0.9455218018210901,-0.9480523408139755,-0.12992492836767847,-0.4999349824860011,0.9539392014169444
45.42742977090841,-0.457676956603453,0.943378457514342,-0.9418784062268093,-0.14287676589601098,-0.49993488586160295,0.9539392014169445
45.44313773417636,-0.4724229682378744,0.9410331958400144,-0.9355820367784206,-0.15563478560554642,-0.4999347939133379,0.9539392014169444
45.45884569744431,-0.48706913313918965,0.938489046523328,-0.9291677389223062,-0.16820087844100987,-0.4999347064072209,0.9539392014169447
45.47455366071226,-0.501613633663384,0.9357490093996382,-0.922639863020222,-0.18057695701297258,-0.4999346231209258,0.9539392014169445
45.49026162398021,-0.5160547192949239,0.9328160541077324,-0.9160026081607021,-0.19276495146871436,-0.4999345438432436,0.9539392014169445
45.50596958724816,-0.5303907043080515,0.9296931198456011,-0.9092600268845361,-0.20476680565782748,-0.4999344683735613,0.9539392014169445
45.52167755051611,-0.5446199655015571,0.9263831151841956,-0.9024160298128967,-0.21658447357523866,-0.49993439652135974,0.9539392014169445
45.53738551378405,-0.5587409400054701,0.9228889179349453,-0.8954743901746377,-0.22821991606516207,-0.4999343281057306,0.9539392014169445
45.553093477052,-0.5727521231580615,0.9192133750670637,-0.888438748230031,-0.2396750977703091,-0.4999342629549127,0.9539392014169445
45.56880144031995,-0.5866520664515099,0.915359302670909,-0.8813126155888811,-0.2509519843114711,-0.49993420090584717,0.9539392014169445
45.5845094035879,-0.6004393755445618,0.9113294859638966,-0.8740993794215528,-0.2620525396833543,-0.499934141803751,0.9539392014169445
45.60021736685585,-0.6141127083404915,0.9071266793356714,-0.8668023065619839,-0.2729787238532843,-0.49993408550170904,0.9539392014169447
45.6159253301238,-0.62767077312866,0.9027536064294587,-0.8594245475022247,-0.2837324905501065,-0.49993403186028473,0.9539392014169447
45.63163329339175,-0.6411123267879687,0.8982129602567018,-0.8519691402784714,-0.29431578523129187,-0.4999339807471459,0.9539392014169447
45.6473412566597,-0.6544361730505007,0.8935074033422773,-0.844439014248925,-0.30473054321691095,-0.49993393203670966,0.9539392014169448
45.66304921992765,-0.6676411608236591,0.8886395678977551,-0.8368369937641383,-0.3149786879797666,-0.49993388560980206,0.9539392014169448
45.67875718319559,-0.6807261825691165,0.8836120560203314,-0.8291658017307936,-0.3250621295815731,-0.4999338413533353,0.9539392014169448
45.69446514646354,-0.6936901727369126,0.8784274399152178,-0.8214280630701029,-0.3349827632456428,-0.49993379915999836,0.9539392014169448
45.71017310973149,-0.7065321062530519,0.8730882621394142,-0.8136263080722376,-0.3447424680570843,-0.49993375892796277,0.9539392014169448
45.72588107299944,-0.7192509970589839,0.8675970358649322,-0.8057629756483752,-0.35434310578203665,-0.49993372056060376,0.9539392014169448
45.74158903626739,-0.7318458967013677,0.8619562451596637,-0.7978404164821071,-0.36378651979795656,-0.4999336839662335,0.9539392014169448
45.75729699953534,-0.7443158929705559,0.8561683452842096,-0.7898608960820855,-0.3730745341274438,-0.49993364905784843,0.9539392014169448
45.77300496280329,-0.756660108586261,0.8502357630031016,-0.7818265977378919,-0.38220895256853554,-0.4999336157528875,0.9539392014169445
45.78871292607124,-0.7688776999289005,0.8441608969089539,-0.7737396253812016,-0.39119155791482174,-0.49993358397300514,0.9539392014169445
45.80442088933919,-0.78096785581515,0.837946117758186,-0.7656020063543897,-0.40002411125913245,-0.4999335536438527,0.9539392014169445
45.820128852607134,-0.7929297963162661,0.831593768817049,-0.7574156940887765,-0.4087083513749269,-0.499933524694873,0.9539392014169445
45.83583681587508,-0.8047627716177792,0.8251061662167832,-0.7491825706947545,-0.4172459941698714,-0.4999334970591037,0.9539392014169445
45.85154477914303,-0.8164660609191877,0.8184855993168106,-0.7409044494660634,-0.4256387322064313,-0.4999334706729924,0.9539392014169444
45.86725274241098,-0.8280389713723249,0.8117343310749533,-0.7325830773005009,-0.4338882342846207,-0.499933445476219,0.9539392014169444
45.88296070567893,-0.8394808370571022,0.8048545984237346,-0.7242201370393591,-0.44199614508235663,-0.49993342141152924,0.9539392014169445
45.89866866894688,-0.8507910179933713,0.7978486126518959,-0.7158172497278783,-0.4499640848491465,-0.4999333984245763,0.9539392014169444
45.91437663221483,-0.8619688991876818,0.7907185597903212,-0.7073759767989986,-0.4577936491491082,-0.4999333764637689,0.9539392014169445
45.93008459548278,-0.8730138897137477,0.7834666010016268,-0.6988978221826728,-0.4654864086495724,-0.4999333554801295,0.9539392014169443
45.94579255875073,-0.8839254218254716,0.7760948729727273,-0.6903842343429852,-0.47304390895175685,-0.49993333542715945,0.9539392014169443
45.961500522018675,-0.894702950101409,0.7686054883097445,-0.6818366082452887,-0.4804676704602243,-0.49993331626070925,0.9539392014169443
45.977208485286624,-0.9053459506195914,0.7610005359346749,-0.6732562872555466,-0.487759188288049,-0.49993329793885843,0.9539392014169443
45.992916448554574,-0.9158539201616607,0.7532820814832779,-0.6646445649740265,-0.4949199321948122,-0.4999332804217994,0.9539392014169444
46.008624411822524,-0.9262263754452993,0.745452167703691,-0.6560026870054563,-0.5019513465547367,-0.49993326367172886,0.9539392014169445
46.024332375090474,-0.9364628523839758,0.7375128148553192,-0.6473318526677136,-0.5088548503524433,-0.49993324765274383,0.9539392014169443
46.04004033835842,-0.9465629053730549,0.7294660211075833,-0.6386332166410741,-0.5156318372039773,-0.4999332323307435,0.9539392014169443
46.05574830162637,-0.956526106601356,0.721313762938149,-0.6299078905600006,-0.5222836754009098,-0.4999332176733371,0.9539392014169444
46.07145626489432,-0.9663520453872704,0.7130579955302896,-0.6211569445494112,-0.5288117079754604,-0.49993320364975535,0.9539392014169445
46.087164228162266,-0.9760403275385832,0.7047006531690692,-0.6123814087073132,-0.5352172527847275,-0.499933190230767,0.9539392014169444
46.102872191430215,-0.9855905747351691,0.6962436496360594,-0.6035822745356472,-0.5415016026122387,-0.49993317738860055,0.9539392014169443
46.118580154698165,-0.9950024239337653,0.6876888786023321,-0.5947604963211327,-0.5476660252851532,-0.4999331650968685,0.9539392014169443
46.134288117966115,-1.004275526794048,0.6790382140194938,-0.5859169924678629,-0.5537117638055633,-0.49993315333049676,0.9539392014169443
46.149996081234065,-1.01340954912527,0.670293510508554,-0.5770526467833439,-0.559640036494444,-0.4999331420656582,0.9539392014169444
46.165704044502014,-1.0224041703527391,0.6614566037464372,-0.5681683097196297,-0.5654520371469018,-0.4999331312797086,0.9539392014169445
46.181412007769964,-1.0312590830034472,0.6525293108499732,-0.5592647995711524,-0.571148935197464,-0.4999331209511255,0.9539392014169445
46.197119971037914,-1.03997399221018,0.6435134307572173,-0.550342903630803,-0.5767318758942389,-0.49993311105945326,0.9539392014169443
46.212827934305864,-1.0485486152334653,0.6344107446059692,-0.5414033793057703,-0.5822019804808561,-0.49993310158524656,0.9539392014169444
46.228535897573806,-1.0569826810007372,0.6252230161093766,-0.532446955194599,-0.5875603463851743,-0.49993309251002116,0.9539392014169445
46.244243860841756,-1.0652759296621215,0.6159519919285259,-0.5234743321268825,-0.592808047413813,-0.49993308381620494,0.9539392014169445
46.259951824109706,-1.0734281121622637,0.6065994020419352,-0.5144861841669649,-0.5979461339516343,-0.49993307548709065,0.9539392014169448
46.275659787377656,-1.0814389898276455,0.5971669601118772,-0.5054831595829767,-0.6029756331653598,-0.4999330675067942,0.9539392014169449
46.291367750645605,-1.089308333968856,0.5876563638474757,-0.49646588178249346,-0.6078975492105675,-0.49993305986021264,0.9539392014169448
46.307075713913555,-1.097035925497304,0.5780692953645257,-0.48743495021605915,-0.6127128634413684,-0.4999330525329847,0.953939201416945
46.322783677181505,-1.1046215545558729,0.568407421542002,-0.47839094124977943,-0.6174225346221136,-0.4999330455114547,0.9539392014169448
46.338491640449455,-1.1120650201630462,0.5586723943752293,-0.4693344090081481,-0.6220274991405271,-0.4999330387826364,0.9539392014169448
46.354199603717404,-1.119366129870042,0.5488658513256948,-0.46026588618823244,-0.6265286712217099,-0.49993303233418107,0.9539392014169448
46.36990756698535,-1.1265246994305156,0.5389894156674943,-0.45118588484630645,-0.6309269431424945,-0.4999330261543449,0.9539392014169448
46.3856155302533,-1.1335405524824076,0.5290446968304114,-0.44209489715798317,-0.635223185445677,-0.4999330202319598,0.9539392014169448
46.40132349352125,-1.1404135202415262,0.5190332907396338,-0.4329933961528632,-0.6394182471536798,-0.49993301455640543,0.9539392014169447
46.417031456789196,-1.147143441206475,0.5089567801521189,-0.4238818364246825,-0.6435129559812406,-0.49993300911758154,0.9539392014169447
46.432739420057146,-1.1537301608745454,0.4988167349896287,-0.4147606548179086,-0.6475081185467491,-0.49993300390588363,0.9539392014169445
46.448447383325096,-1.1601735314682151,0.48861471266845674,-0.4056302710917026,-0.6514045205818841,-0.49993299891217774,0.9539392014169447
46.464155346593046,-1.1664734116718989,0.4783522584258764,-0.39649108856213505,-0.6552029271392309,-0.49993299412777914,0.9539392014169448
46.479863309860995,-1.1726296663786215,0.46803090564334543,-0.387343494723511,-0.6589040827975832,-0.4999329895444301,0.9539392014169448
46.495571273128945,-1.1786421664462907,0.4576521761665044,-0.3781878618496328,-0.662508711864659,-0.4999329851542794,0.9539392014169448
46.51127923639689,-1.184510788463258,0.44721758062201294,-0.3690245475758015,-0.6660175185769808,-0.4999329809498627,0.9539392014169449
46.52698719966484,-1.1902354145228753,0.43672861873126895,-0.3598538954623289,-0.6694311872966895,-0.499932976924085,0.9539392014169452
46.54269516293279,-1.1958159320067594,0.4261867796210612,-0.35067623554030897,-0.672750382705084,-0.4999329730702033,0.9539392014169452
46.55840312620074,-1.201252233376495,0.4155935421312088,-0.3414918848403705,-0.6759757499926923,-0.4999329693818087,0.9539392014169453
46.57411108946869,-1.20654421597351,0.40495037511924226,-0.33230114790510956,-0.6791079150456977,-0.49993296585281327,0.9539392014169453
46.58981905273664,-1.2116917818268766,0.3942587377621863,-0.3231043172858776,-0.6821474846285603,-0.4999329624774332,0.9539392014169453
46.60552701600459,-1.2166948374687947,0.3835200798555038,-0.3139016740245787,-0.6850950465626852,-0.4999329592501763,0.9539392014169452
46.621234979272536,-1.2215532937575282,0.37273584210926536,-0.30469348812110786,-0.6879511699010027,-0.4999329561658276,0.9539392014169453
46.636942942540486,-1.226267065707574,0.3619074564416089,-0.295480018987042,-0.6907164050983411,-0.4999329532194381,0.9539392014169454
46.65265090580843,-1.230836072326851,0.3510363462695564,-0.28626151588617615,-0.6933912841774773,-0.4999329504063121,0.9539392014169454
46.66835886907638,-1.235260236460709,0.3401239267972573,-0.2770382183624777,-0.6959763208907673,-0.4999329477219968,0.9539392014169454
46.68406683234433,-1.2395394846425627,0.3291716053017275,-0.2678103566560147,-0.698472010877263,-0.4999329451622708,0.9539392014169455
46.69977479561228,-1.243673746950967,0.3181807814161563,-0.25857815210739593,-0.7008788318152339,-0.4999329427231348,0.9539392014169457
46.71548275888023,-1.247662956872957,0.30715284741085414,-0.24934181755124457,-0.7031972435700192,-0.4999329404008029,0.9539392014169455
46.73119072214818,-1.2515070511734843,0.2960891884719146,-0.24010155769921185,-0.7054276883371413,-0.4999329381916914,0.9539392014169457
46.74689868541613,-1.25520596977079,0.2849911829776662,-0.23085756951302094,-0.7075705907806216,-0.499932936092413,0.9539392014169455
46.76260664868408,-1.258759655617561,0.27386020277298867,-0.22161004256801864,-0.7096263581664441,-0.4999329340997677,0.9539392014169455
46.77831461195203,-1.262168054587724,0.26269761344157233,-0.21235915940769723,-0.7115953804911175,-0.4999329322107353,0.9539392014169455
46.79402257521997,-1.2654311153687385,0.2515047745761954,-0.20310509588963704,-0.7134780306052922,-0.4999329304224687,0.9539392014169457
46.80973053848792,-1.2685487893592595,0.24028304004709936,-0.19384802152330732,-0.7152746643323945,-0.4999329287322875,0.9539392014169455
46.82543850175587,-1.271521030572044,0.22903375826853983,-0.18458809980015142,-0.7169856205822418,-0.4999329271376712,0.9539392014169455
46.84114646502382,-1.274347795541982,0.21775827246359244,-0.1753254885163714,-0.71861122145961,-0.49993292563625413,0.9539392014169454
46.85685442829177,-1.2770290432391445,0.20645792092729287,-0.1660603400888164,-0.7201517723677243,-0.49993292422581936,0.9539392014169453
46.87256239155972,-1.2795647349867383,0.19513403728819134,-0.1567928018643695,-0.7216075621066512,-0.49993292290429414,0.9539392014169453
46.88827035482767,-1.281954834383873,0.1837879507684019,-0.14752301642321822,-0.722978862966569,-0.4999329216697449,0.9539392014169453
46.90397831809562,-1.284199307233044,0.1724209864422266,-0.13825112187638489,-0.7242659308159,-0.4999329205203731,0.9539392014169453
46.91968628136357,-1.2862981214722469,0.16103446549343584,-0.12897725215788555,-0.725469005184287,-0.49993291945451085,0.9539392014169453
46.93539424463151,-1.288251247111638,0.14962970547128604,-0.11970153731187735,-0.7265883093404015,-0.49993291847061766,0.9539392014169453
46.95110220789946,-1.2900586561746707,0.1382080205453555,-0.11042410377514808,-0.7276240503645692,-0.49993291756727604,0.9539392014169453
46.96681017116741,-1.2917203226436307,0.12677072175928025,-0.10114507465529422,-0.728576419216205,-0.4999329167431888,0.9539392014169453
46.98251813443536,-1.2932362224095095,0.11531911728347163,-0.09186457000492809,-0.7294455907960459,-0.4999329159971769,0.9539392014169453
46.99822609770331,-1.2946063332261573,0.10385451266689702,-0.08258270709224866,-0.7302317240031757,-0.49993291532817535,0.9539392014169452
47.01393406097126,-1.2958306346686552,0.09237821108800578,-0.07329960066830561,-0.7309349617868337,-0.4999329147352316,0.9539392014169453
47.02964202423921,-1.2969091080958635,0.08089151360488249,-0.06401536323128151,-0.7315554311930016,-0.49993291421750374,0.9539392014169452
47.04534998750716,-1.2978417366170978,0.0693957194047093,-0.05473010528811238,-0.7320932434057644,-0.49993291377425786,0.953939201416945
47.06105795077511,-1.2986285050628967,0.057892126052619744,-0.045443935613763586,-0.7325484937834404,-0.4999329134048664,0.9539392014169451
47.07676591404305,-1.299269399959842,0.046382029740026046,-0.03615696150847432,-0.7329212618894763,-0.4999329131088083,0.953939201416945
47.092473877311,-1.299764409509408,0.03486672553250234,-0.02686928905328116,-0.7332116115181045,-0.49993291288566516,0.953939201416945
47.10818184057895,-1.3001135235708117,0.02334750761730594,-0.017581023364128687,-0.7334195907147614,-0.4999329127351225,0.953939201416945
47.1238898038469,-1.3003167336478416,0.01182566955061907,-0.008292268844873241,-0.7335452317912604,-0.49993291265696854,0.9539392014169449
47.13959776711485,-1.3003740328796582,0.0003025045045934795,0.0009968705605158078,-0.7335885513357229,-0.4999329126510931,0.9539392014169451
47.1553057303828,-1.3002854160355468,-0.011220694485719789,0.010286291116253878,-0.7335495502172602,-0.49993291271748797,0.9539392014169451
47.17101369365075,-1.3000508795136232,-0.022742634275472937,0.019575889043235477,-0.7334282135854098,-0.4999329128562466,0.953939201416945
47.1867216569187,-1.2996704213434895,-0.03426202136307388,0.0288655602674226,-0.7332245108643205,-0.49993291306756443,0.953939201416945
47.20242962018665,-1.299144041192844,-0.045777561643106125,0.03815520016782466,-0.7329383957416885,-0.4999329133517393,0.9539392014169449
47.21813758345459,-1.2984717403780546,-0.05728796015903365,0.04744470332376671,-0.7325698061524423,-0.499932913709172,0.953939201416945
47.23384554672254,-1.297653521878707,-0.06879192085560824,0.05673396326114183,-0.7321186642571762,-0.49993291414036745,0.9539392014169449
47.24955350999049,-1.296689390356152,-0.08028814633089683,0.06602287219734176,-0.7315848764153327,-0.4999329146459357,0.9539392014169448
47.26526147325844,-1.2955793521760663,-0.0917753375878463,0.07531132078455832,-0.7309683331531333,-0.4999329152265929,0.9539392014169449
47.28096943652639,-1.294323415435063,-0.10325219378530343,0.08459919785114532,-0.7302689091262591,-0.4999329158831638,0.953939201416945
47.29667739979434,-1.2929215899913789,-0.11471741198840718,0.09388639014072835,-0.7294864630772819,-0.4999329166165824,0.9539392014169449
47.31238536306229,-1.2913738874996812,-0.12616968691827135,0.10317278204874604,-0.7286208377878478,-0.4999329174278953,0.953939201416945
47.32809332633024,-1.2896803214500314,-0.13760771070087463,0.1124582553561031,-0.7276718600256149,-0.499932918318263,0.953939201416945
47.34380128959819,-1.2878409072110586,-0.14903017261507628,0.1217426889596109,-0.7266393404859496,-0.4999329192889634,0.953939201416945
47.35950925286613,-1.2858556620773935,-0.16043575883967456,0.131025958598887,-0.725523073728384,-0.4999329203413936,0.953939201416945
47.37521721613408,-1.2837246053214204,-0.17182315219942607,0.14030793657937946,-0.7243228381078407,-0.49993292147707447,0.9539392014169451
47.39092517940203,-1.2814477582494121,-0.1831910319099436,0.1495884914911769,-0.7230383957006306,-0.4999329226976529,0.9539392014169449
47.40663314266998,-1.2790251442621174,-0.1945380733213906,0.15886748792325808,-0.7216694922252308,-0.4999329240049057,0.9539392014169448
47.42234110593793,-1.2764567889198724,-0.20586294766089022,0.16814478617282932,-0.7202158569578537,-0.4999329254007442,0.9539392014169449
47.43804906920588,-1.2737427200123177,-0.2171643217735673,0.17742024194938993,-0.7186772026428154,-0.49993292688721835,0.9539392014169449
47.45375703247383,-1.270882967632809,-0.22844085786214152,0.18669370607315902,-0.7170532253977183,-0.49993292846652104,0.9539392014169448
47.46946499574178,-1.2678775642576088,-0.23969121322499068,0.19596502416748823,-0.7153436046134626,-0.49993293014099366,0.9539392014169448
47.48517295900973,-1.2647265448299578,-0.2509140399926025,0.20523403634487655,-0.7135480028491032,-0.49993293191313054,0.9539392014169449
47.50088092227767,-1.2614299468491323,-0.2621079848623348,0.21450057688619423,-0.711666065721574,-0.49993293378558645,0.9539392014169449
47.51658888554562,-1.2579878104645934,-0.2732716888314029,0.22376447391271237,-0.7096974217903008,-0.49993293576118086,0.9539392014169449
47.53229684881357,-1.2544001785753467,-0.284403786928015,0.2330255490505252,-0.7076416824367322,-0.49993293784290505,0.9539392014169449
47.54800481208152,-1.2506670969346347,-0.2955029079405745,0.24228361708694013,-0.7054984417388159,-0.49993294003392935,0.953939201416945
47.56371277534947,-1.2467886142600917,-0.30656767414487207,0.25153848561839987,-0.7032672763404582,-0.49993294233761026,0.953939201416945
47.57942073861742,-1.2427647823494963,-0.3175967010291873,0.2607899546894879,-0.7009477453160029,-0.4999329447574985,0.9539392014169451
47.59512870188537,-1.2385956562022666,-0.32858859701722287,0.27003781642255625,-0.698539390029777,-0.4999329472973469,0.953939201416945
47.61083666515332,-1.2342812941468508,-0.33954196318879376,0.27928185463750066,-0.6960417339907498,-0.4999329499611194,0.953939201416945
47.626544628421264,-1.2298217579741657,-0.35045539299819534,0.28852184446119405,-0.6934542827023622,-0.4999329527530004,0.9539392014169451
47.642252591689214,-1.2252171130772562,-0.361327471990175,0.2977575519260741,-0.6907765235075906,-0.49993295567740464,0.9539392014169452
47.657960554957164,-1.2204674285973474,-0.3721567775134328,0.3069887335573657,-0.6880079254293106,-0.4999329587389875,0.9539392014169452
47.673668518225114,-1.2155727775764698,-0.3829418784315778,0.31621513594840156,-0.6851479390060415,-0.4999329619426561,0.9539392014169452
47.68937648149306,-1.2105332371168533,-0.3936813348314685,0.3254364953234883,-0.6821959961231552,-0.4999329652935813,0.9539392014169452
47.70508444476101,-1.205348888547287,-0.40437369772886655,0.3346525370877464,-0.6791515098396439,-0.4999329687972089,0.9539392014169452
47.72079240802896,-1.200019817596653,-0.4150175087713349,0.34386297536333477,-0.6760138742105536,-0.4999329724592747,0.9539392014169453
47.73650037129691,-1.1945461145748573,-0.42561129993831304,0.35306751251144963,-0.6727824641051964,-0.49993297628581634,0.9539392014169454
47.75220833456486,-1.188927874561381,-0.43615359323830416,0.36226583863946876,-0.6694566350212705,-0.4999329802831894,0.9539392014169453
47.767916297832805,-1.1831651976016941,-0.4466429004031107,0.37145763109258967,-0.6660357228950274,-0.4999329844580812,0.9539392014169453
47.783624261100755,-1.1772581889117775,-0.457077722579058,0.38064255392928836,-0.6625190439076394,-0.4999329888175287,0.9539392014169453
47.799332224368705,-1.171206959091015,-0.4674565500151464,0.38982025737990333,-0.6589058942879359,-0.49993299336893465,0.9539392014169452
47.815040187636654,-1.1650116243437254,-0.47777786174807785,0.39899037728762377,-0.655195550111694,-0.49993299812008624,0.953939201416945
47.830748150904604,-1.1586723067096165,-0.48804012528410257,0.40815253453113753,-0.6513872670976822,-0.49993300307917377,0.953939201416945
47.846456114172554,-1.1521891343034545,-0.4982417962776379,0.41730633442816806,-0.6474802804006803,-0.499933008254811,0.953939201416945
47.862164077440504,-1.1455622415642561,-0.5083813182066129,0.42645136611910234,-0.6434738044017118,-0.49993301365605747,0.9539392014169448
47.87787204070845,-1.1387917695143233,-0.5184571220444969,0.4355872019298846,-0.6393670324957541,-0.4999330192924394,0.9539392014169448
47.8935800039764,-1.1318778660284496,-0.5284676259289747,0.44471339671332133,-0.6351591368772075,-0.4999330251739745,0.9539392014169448
47.909287967244346,-1.124820686113648,-0.5384112348272356,0.4538294871679133,-0.6308492683234336,-0.49993303131119693,0.9539392014169448
47.924995930512296,-1.117620392199758,-0.5482863401978486,0.46293499113329956,-0.6264365559766992,-0.49993303771518416,0.9539392014169445
47.940703893780245,-1.1102771544413077,-0.5580913196492006,0.4720294068613655,-0.6219201071248897,-0.499933044397584,0.9539392014169447
47.956411857048195,-1.102791151031018,-0.567824536594482,0.4811122122620359,-0.6172990069813868,-0.499933051370645,0.9539392014169445
47.972119820316145,-1.0951625685253603,-0.5774843399032106,0.4901828641227365,-0.6125723184645404,-0.4999330586472469,0.9539392014169448
47.987827783584095,-1.0873916021825822,-0.5870690635492887,0.49924079730047616,-0.6077390819771952,-0.4999330662409348,0.9539392014169447
48.003535746852044,-1.0794784563136455,-0.5965770262556003,0.5082854238854618,-0.6027983151867773,-0.4999330741659524,0.9539392014169448
48.019243710119994,-1.0714233446465289,-0.6060065311351596,0.517316132335123,-0.5977490128064802,-0.49993308243727963,0.9539392014169448
48.034951673387944,-1.0632264907043705,-0.6153558653288341,0.5263322865773832,-0.5925901463781366,-0.49993309107067097,0.9539392014169449
48.05065963665589,-1.0548881281979425,-0.624623299639672,0.5353332250819767,-0.5873206640574095,-0.4999331000826965,0.9539392014169448
48.06636759992384,-1.0464085014329696,-0.6338070881638764,0.5443182598985666,-0.581939490401984,-0.49993310949078473,0.9539392014169448
48.082075563191786,-1.0377878657328212,-0.6429054679184786,0.5532866756603807,-0.5764455261634964,-0.4999331193132688,0.9539392014169448
48.097783526459736,-1.0290264878771318,-0.6519166584657758,0.5622377285520357,-0.5708376480839932,-0.49993312956943364,0.9539392014169447
48.113491489727686,-1.0201246465569205,-0.6608388615346101,0.571170645240181,-0.565114708697775,-0.4999331402795676,0.9539392014169448
48.129199452995636,-1.011082632846805,-0.6696702606385805,0.580084621765543,-0.5592755361395465,-0.49993315146501527,0.9539392014169445
48.144907416263585,-1.00190075069493,-0.678409020691295,0.5889788223949098,-0.5533189339598596,-0.49993316314823466,0.9539392014169448
48.160615379531535,-0.9925793174312468,-0.6870532876187848,0.5978523784315473,-0.5472436809489183,-0.49993317535285664,0.9539392014169448
48.176323342799485,-0.9831186642948126,-0.6956011879692207,0.6067043869824906,-0.5410485309698877,-0.49993318810374754,0.9539392014169448
48.19203130606743,-0.973519136980798,-0.7040508285200904,0.6155339096811088,-0.5347322128029391,-0.49993320142707653,0.9539392014169449
48.20773926933538,-0.963781096207917,-0.7124002958830159,0.6243399713632887,-0.5282934300013528,-0.49993321535038554,0.9539392014169448
48.22344723260333,-0.9539049183070242,-0.7206476561064104,0.6331215586955395,-0.5217308607610963,-0.49993322990266287,0.9539392014169447
48.23915519587128,-0.9438909958316446,-0.7287909542761973,0.641877618753267,-0.5150431578054043,-0.49993324511442194,0.9539392014169445
48.25486315913923,-0.9337397381912343,-0.7368282141148419,0.6506070575474184,-0.5082289482859915,-0.4999332610177841,0.9539392014169445
48.270571122407176,-0.9234515723079981,-0.7447574375789667,0.6593087384976513,-0.5012868337026528,-0.49993327764656625,0.9539392014169445
48.286279085675126,-0.9130269432981165,-0.7525766044558573,0.6679814808501285,-0.4942153898431294,-0.4999332950363712,0.9539392014169443
48.301987048943076,-0.90246631517827,-0.7602836719591886,0.6766240580379961,-0.48701316674525386,-0.49993331322468637,0.9539392014169444
48.317695012211026,-0.8917701715983737,-0.7678765743243411,0.6852351959825496,-0.4796786886835315,-0.49993333225098635,0.9539392014169443
48.33340297547897,-0.8809390166014707,-0.7753532224037062,0.6938135713330547,-0.4722104541824675,-0.4999333521568407,0.9539392014169443
48.34911093874692,-0.8699733754117654,-0.7827115032624204,0.7023578096431362,-0.46460693605911235,-0.4999333729860273,0.9539392014169443
48.36481890201487,-0.8588737952518076,-0.789949279775008,0.7108664834816125,-0.4568665814974708,-0.49993339478465504,0.9539392014169443
48.38052686528282,-0.8476408461898749,-0.7970643902234519,0.7193381104756096,-0.4489878121576046,-0.4999334176012892,0.9539392014169443
48.39623482855077,-0.8362751220186343,-0.8040546478972648,0.727771151283753,-0.44096902432245516,-0.499933441487086,0.9539392014169443
48.41194279181872,-0.8247772411661987,-0.8109178406961727,0.7361640074972012,-0.43280858908562025,-0.49993346649593456,0.9539392014169443
48.42765075508667,-0.8131478476407299,-0.8176517307360842,0.7445150194662545,-0.4245048525835411,-0.49993349268460585,0.9539392014169441
48.44335871835462,-0.8013876120097742,-0.8242540539590694,0.7528224640502502,-0.4160561362757915,-0.49993352011290954,0.9539392014169443
48.459066681622566,-0.7894972324155536,-0.830722519748134,0.7610845522884327,-0.40746073727741094,-0.4999335488438614,0.9539392014169442
48.47477464489051,-0.777477435627474,-0.8370548105476393,0.7692994269894778,-0.39871692874748815,-0.49993357894385615,0.9539392014169441
48.49048260815846,-0.7653289781331438,-0.8432485814902839,0.7774651602373418,-0.3898229603384845,-0.4999336104828538,0.9539392014169441
48.50619057142641,-0.7530526472692376,-0.8493014600316394,0.7855797508111113,-0.38077705871108425,-0.4999336435345724,0.9539392014169443
48.52189853469436,-0.740649262393573,-0.8552110455933066,0.7936411215165415,-0.371577428119675,-0.4999336781766935,0.9539392014169441
48.53760649796231,-0.7281196760998063,-0.860974909215845,0.8016471164269939,-0.36222225107389777,-0.49993371449107654,0.9539392014169441
48.55331446123026,-0.7154647754761881,-0.8665905932227118,0.8095954980315206,-0.3527096890820597,-0.499933752563987,0.9539392014169443
48.56902242449821,-0.7026854834098544,-0.8720556108965464,0.817483944287892,-0.3430378834825775,-0.499933792486334,0.9539392014169442
48.58473038776616,-0.6897827599381637,-0.8773674461692303,0.8253100455784296,-0.33320495637001785,-0.49993383435392164,0.9539392014169442
48.60043835103411,-0.6767576036486239,-0.8825235533272638,0.8330713015665886,-0.32320901162271637,-0.49993387826771357,0.9539392014169441
48.61614631430205,-0.6636110531289828,-0.8875213567341097,0.8407651179523362,-0.31304813603940235,-0.4999339243341093,0.9539392014169441
48.63185427757,-0.6503441884690877,-0.8923582505712774,0.848388803124496,-0.3027204005927189,-0.4999339726652368,0.9539392014169441
48.64756224083795,-0.6369581328161452,-0.8970315986000481,0.8559395647083766,-0.29222386180802,-0.4999340233792586,0.9539392014169441
48.6632702041059,-0.6234540539850408,-0.9015387339458746,0.8634145060071765,-0.2815565632763426,-0.49993407660069245,0.9539392014169441
48.67897816737385,-0.6098331661253952,-0.9058769589076376,0.8708106223358625,-0.27071653731099155,-0.4999341324607492,0.9539392014169441
48.6946861306418,-0.5960967314470578,-0.9100435447940894,0.8781247972464554,-0.2597018067577476,-0.49993419109768517,0.9539392014169441
48.71039409390975,-0.5822460620057502,-0.914035731789979,0.8853537986439304,-0.24851038696930258,-0.4999342526571737,0.9539392014169441
48.7261020571777,-0.5682825215505819,-0.9178507288545246,0.8924942747922531,-0.23714028795515102,-0.4999343172926901,0.9539392014169441
48.74181002044565,-0.5542075274351673,-0.9214857136550796,0.8995427502104307,-0.22558951671882138,-0.49993438516591937,0.9539392014169441
48.75751798371359,-0.5400225525940715,-0.9249378325390317,0.9064956214588616,-0.21385607979500867,-0.4999344564471776,0.9539392014169441
48.77322594698154,-0.5257291275863026,-0.9282042005471748,0.9133491528167292,-0.20193798599988122,-0.4999345313158543,0.9539392014169441
48.78893391024949,-0.5113288427075565,-0.9312819014720112,0.9200994718517005,-0.18983324940857027,-0.4999346099608734,0.9539392014169441
48.80464187351744,-0.49682335017289114,-0.9341679879646652,0.9267425648837739,-0.17753989257461578,-0.49993469258117296,0.953939201416944
48.82034983678539,-0.4822143663714783,-0.9368594816943264,0.9332742723457711,-0.16505595000693238,-0.4999347793862033,0.953939201416944
48.83605780005334,-0.46750367419503286,-0.9393533735643957,0.9396902840436947,-0.15237947192067464,-0.4999348705964466,0.9539392014169441
48.85176576332129,-0.45269312544146456,-0.9416466239897653,0.9459861343209859,-0.13950852827922022,-0.49993496644395424,0.9539392014169441
48.86747372658924,-0.4377846432952267,-0.943736163239947,0.9521571971316146,-0.12644121314534898,-0.49993506717290287,0.9539392014169441
48.88318168985719,-0.4227802248857513,-0.9456188918530495,0.9581986810279354,-0.11317564936057392,-0.49993517304017054,0.9539392014169442
48.89888965312513,-0.4076819439252588,-0.9472916811259113,0.9641056240703453,-0.09970999357247315,-0.49993528431592926,0.9539392014169442
48.91459761639308,-0.3924919534271113,-0.948751373686017,0.9698728886670018,-0.08604244163077394,-0.4999354012842567,0.9539392014169441
48.93030557966103,-0.3772124885057372,-0.9499947841511529,0.9754951563532003,-0.07217123437384909,-0.49993552424376164,0.9539392014169441
48.94601354292898,-0.3618458692589949,-0.9510186998831109,0.9809669225214888,-0.05809466382819256,-0.49993565350822766,0.9539392014169441
48.96172150619693,-0.3463945037336562,-0.9518198818421071,0.9862824911152203,-0.04381107984434079,-0.49993578940726674,0.953939201416944
48.97742946946488,-0.33086089097447674,-0.952395065548959,0.9914359693000154,-0.02931889719358917,-0.4999359322869854,0.9539392014169439
48.99313743273283,-0.3152476241570802,-0.9527409621624544,0.9964212621295512,-0.01461660315070988,-0.49993608251065924,0.953939201416944
49.00884539600078,-0.29955739380460805,-0.9528542596797461,1.0012320672242063,0.00029723441130315685,-0.4999362404594144,0.9539392014169439
49.02455335926872,-0.2837929910877793,-0.9527316242680249,1.0058618694834016,0.015423958387667011,-0.4999364065329085,0.9539392014169439
49.04026132253667,-0.2679573112076566,-0.9523697017361464,1.0103039358549721,0.03076481324192054,-0.49993658115001227,0.9539392014169439
49.05596928580462,-0.25205335686003094,-0.9517651191553261,1.0145513101876293,0.04632093521159082,-0.49993676474948257,0.9539392014169438
49.07167724907257,-0.236084241779903,-0.950914486638465,1.018596808195504,0.06209334189077051,-0.4999369577906242,0.9539392014169438
49.08738521234052,-0.22005319436406087,-0.9498143992881173,1.0224330125669339,0.0780829211605613,-0.49993716075393246,0.9539392014169438
49.10309317560847,-0.2039635613692234,-0.9484614393235764,1.0260522682530764,0.09429041943808422,-0.4999373741417109,0.9539392014169435
49.11880113887642,-0.18781881168263076,-0.9468521783980114,1.029446677975595,0.11071642921467628,-0.4999375984786536,0.9539392014169438
49.13450910214437,-0.1716225401613179,-0.9449831801170512,1.0326080979966035,0.12736137585401422,-0.4999378343123857,0.9539392014169438
49.15021706541232,-0.15537847153559617,-0.9428510027706708,1.0355281341982558,0.14422550362126343,-0.4999380822139473,0.9539392014169438
49.16592502868026,-0.13909046437149006,-0.9404522022906827,1.0381981385238526,0.16130886091498034,-0.49993834277821536,0.9539392014169438
49.18163299194821,-0.12276251508602484,-0.9377833354465764,1.0406092058370948,0.17861128467443896,-0.4999386166242439,0.9539392014169438
49.19734095521616,-0.10639876200833279,-0.9348409632928683,1.0427521712611623,0.19613238393635346,-0.4999389043955109,0.9539392014169439
49.21304891848411,-0.0900034894785361,-0.9316216548815215,1.0446176080646135,0.21387152251667324,-0.49993920676005654,0.9539392014169439
49.22875688175206,-0.07358113197526947,-0.9281219912533638,1.0461958261667033,0.2318278007952917,-0.4999395244104923,0.9539392014169439
49.24446484502001,-0.05713627826151991,-0.9243385697227577,1.0474768713405662,0.2500000365841868,-0.4999398580638612,0.9539392014169439
49.26017280828796,-0.040673675537182034,-0.9202680084700632,1.0484505251988172,0.26838674506276533,-0.49994020846133225,0.953939201416944
49.27588077155591,-0.02419823358535026,-0.9159069514566571,1.049106306052444,0.2869861177680748,-0.4999405763676963,0.9539392014169439
49.29158873482386,-0.007715028897891201,-0.9112520736774388,1.0494334707403772,0.3057960006321488,-0.4999409625706456,0.9539392014169439
49.307296698091804,0.008770691235741824,-0.9063000867658262,1.0494210175337888,0.32481387106413256,-0.4999413678798066,0.953939201416944
49.323004661359754,0.025253504694177566,-0.9010477449662473,1.0490576902259336,0.3440368140810749,-0.4999417931254928,0.9539392014169438
49.3387126246277,0.04172781056379853,-0.8954918514890107,1.0483319835251619,0.363461497498442,-0.4999422391571493,0.9539392014169438
49.35442058789565,0.05818782527383622,-0.8896292652622089,1.0472321498755006,0.3830841461995956,-0.4999427068414529,0.9539392014169438
49.3701285511636,0.07462757885031772,-0.8834569080949372,1.0457462078358688,0.4029005155127548,-0.4999431970600322,0.953939201416944
49.38583651443155,0.09104091131440173,-0.8769717722655849,1.0438619521554282,0.4229058637344119,-0.49994371070676735,0.9539392014169441
49.4015444776995,0.10742146925285166,-0.8701709285482565,1.041566965688682,0.44309492384987303,-0.4999442486846323,0.9539392014169441
49.41725244096745,0.12376270259069548,-0.863051534689488,1.0388486332995635,0.4634618745146167,-0.499944811902035,0.9539392014169441
49.4329604042354,0.1400578615985087,-0.8556108443463158,1.0356941579087673,0.48400031037457386,-0.49994540126861675,0.9539392014169443
49.448668367503345,0.15629999416921594,-0.8478462164954087,1.032090578842777,0.5047032118192895,-0.4999460176904651,0.9539392014169443
49.464376330771294,0.17248194340182574,-0.8397551253213694,1.0280247926462531,0.5255629142792682,-0.49994666206469807,0.9539392014169444
49.480084294039244,0.18859634553207236,-0.8313351705904188,1.0234835765214305,0.546571077197671,-0.49994733527337853,0.9539392014169443
49.495792257307194,0.20463562825252107,-0.8225840885134807,1.018453614558707,0.5677186528269138,-0.49994803817671674,0.9539392014169443
49.511500220575144,0.2205920094672684,-0.8134997631001495,1.012921526921416,0.5889958550226155,-0.49994877160552487,0.9539392014169443
49.52720818384309,0.23645749652891382,-0.8040802380021418,1.0068739021445785,0.6103921282306971,-0.49994953635288886,0.9539392014169443
49.54291614711104,0.25222388600795537,-0.7943237288415634,1.0002973327019362,0.6318961168881736,-0.49995033316502724,0.9539392014169443
49.55862411037899,0.2678827640471325,-0.7842286360156636,0.9931784539874285,0.6534956354841731,-0.4999511627313177,0.9539392014169442
49.57433207364694,0.28342550735546107,-0.7737935579656626,0.9855039868461934,0.6751776395548028,-0.49995202567347397,0.9539392014169443
49.590040036914885,0.298843284898727,-0.7630173048927289,0.9772607837757695,0.6969281979134337,-0.4999529225338719,0.9539392014169442
49.605748000182835,0.3141270603449747,-0.7518989128992185,0.9684358789001298,0.7187324664465168,-0.49995385376303236,0.9539392014169443
49.621455963450785,0.32926759532498123,-0.7404376585278805,0.9590165417971349,0.7405746638338206,-0.4999548197062843,0.9539392014169442
49.637163926718735,0.34425545356878434,-0.7286330736658678,0.9489903352336245,0.7624380495805922,-0.49995582058964294,0.9539392014169443
49.652871889986685,0.3590810059799579,-0.7164849607740832,0.9383451768313729,0.7843049047770768,-0.49995685650497057,0.9539392014169441
49.668579853254634,0.3737344367094329,-0.7039934083956467,0.9270694046512417,0.8061565160275451,-0.4999579273944905,0.9539392014169441
49.684287816522584,0.38820575029015997,-0.6911588068901263,0.9151518466418563,0.8279731630157928,-0.4999590330347621,0.9539392014169441
49.699995779790534,0.4024847798927248,-0.6779818643326475,0.902581893852859,0.8497341101962822,-0.499960173020246,0.9539392014169441
49.715703743058484,0.416561196760073,-0.6644636225091534,0.8893495772611829,0.8714176031188785,-0.49996134674661685,0.9539392014169441
49.731411706326426,0.43042452087669403,-0.6506054729309766,0.8754456480018865,0.8930008699096023,-0.49996255339400675,0.9539392014169441
49.747119669594376,0.44406413292387187,-0.6364091727835803,0.8608616607330337,0.9144601284390403,-0.49996379191040274,0.9539392014169441
49.762827632862326,0.4574692875678541,-0.6218768607159278,0.8455900597972101,0.9357705997130255,-0.49996506099544247,0.9539392014169441
49.778535596130276,0.4706291281219465,-0.6070110723685427,0.8296242677709842,0.9569065280158784,-0.49996635908489173,0.9539392014169439
49.794243559398225,0.4835327026165454,-0.5918147555300597,0.812958775918591,0.977841208323864,-0.4999676843361116,0.9539392014169439
49.809951522666175,0.4961689813029185,-0.5762912848040664,0.7955892359881735,0.9985470214845119,-0.4999690346148581,0.9539392014169439
49.825659485934125,0.5085268756071011,-0.5604444756604625,0.7775125527091028,1.0189954776251102,-0.49997040748377697,0.9539392014169439
49.841367449202075,0.5205952585395662,-0.5442785977385837,0.75872697626847,1.0391572682100982,-0.49997180019297915,0.953939201416944
49.857075412470024,0.5323629865543554,-0.5277983872631298,0.7392321939652854,1.0590023271114826,-0.4999732096730989,0.9539392014169441
49.87278337573797,0.5438189228381504,-0.5110090584287045,0.7190294201639181,1.0784999009881784,-0.4999746325312455,0.9539392014169441
49.88849133900592,0.5549519619953743,-0.493916313604712,0.6981214835957597,1.0976186291889374,-0.49997606505025194,0.9539392014169441
49.90419930227387,0.5657510560799268,-0.4765263522096718,0.6765129109920722,1.116326633299154,-0.4999775031916214,0.9539392014169441
49.919907265541816,0.5762052419076877,-0.4588458781029195,0.6542100059736999,1.1345916163445147,-0.49997894260255005,0.9539392014169441
49.935615228809766,0.5863036695666459,-0.4408821053423469,0.6312209220770915,1.1523809715447415,-0.4999803786273569,0.9539392014169441
49.951323192077716,0.5960356320235835,-0.4226427621595032,0.6075557287632739,1.1696619003795052,-0.49998180632362477,0.9539392014169441
49.967031155345666,0.6053905957079369,-0.40413609300818554,0.5832264692393508,1.1864015395873415,-0.4999832204832714,0.9539392014169441
49.982739118613615,0.614358231934998,-0.38537085854975106,0.5582472089230128,1.2025670965689113,-0.499984615658709,0.9539392014169439
49.998447081881565,0.6229284490123322,-0.36635633344788854,0.5326340734014776,1.2181259925104864,-0.49998598619415735,0.953939201416944
50.01415504514951,0.6310914248554949,-0.34710230185757385,0.5064052747789815,1.233046012384852,-0.4999873262620673,0.9539392014169439
50.02986300841746,0.6388376399221799,-0.3276190505074241,0.47958112537279335,1.2472954608280316,-0.4999886299045042,0.9539392014169439
50.04557097168541,0.6461579102582098,-0.30791735929164143,0.452184037807632,1.2608433227348779,-0.49998989107921665,0.9539392014169441
50.06127893495336,0.6530434204346501,-0.28800848930710776,0.4242385106726596,1.2736594272684314,-0.49999110370999,0.9539392014169439
50.07698689822131,0.6594857561432008,-0.2679041682928226,0.39577109904361674,1.285714613841049,-0.49999226174075273,0.953939201416944
50.09269486148926,0.665476936207236,-0.24761657345254703,0.36681036933413497,1.296980898503718,-0.4999933591927793,0.9539392014169441
50.108402824757206,0.6710094437588077,-0.22715831166696693,0.3373868381230729,1.307431639077785,-0.49999439022420933,0.9539392014169441
50.124110788025156,0.6760762563278895,-0.20654239712857075,0.30753289480635143,1.317041697284378,-0.499995349190998,0.9539392014169441
50.139818751293106,0.6806708745894161,-0.1857822264603666,0.2772827081389581,1.3257875960746457,-0.49999623070831467,0.9539392014169443
50.15552671456105,0.6847873495164579,-0.16489155140808498,0.24667211696158525,1.333647670341613,-0.4999970297113422,0.9539392014169443
50.171234677829,0.6884203076943357,-0.14388444922414306,0.21573850564217917,1.3406022092043715,-0.4999977415143687,0.9539392014169442
50.18694264109695,0.691564974560677,-0.12277529088985796,0.18452066500041175,1.346633588099131,-0.49999836186705715,0.9539392014169442
50.2026506043649,0.6942171953503437,-0.10157870734964813,0.1530586397172795,1.351726388990118,-0.49999888700678186,0.9539392014169442
50.21835856763285,0.6963734535417195,-0.08030955395670981,0.12139356345702158,1.3558675071262307,-0.4999993137059614,0.9539392014169443
50.2340665309008,0.6980308866218403,-0.058982873353359395,0.08956748313865195,1.359046242915515,-0.49999963931340075,0.9539392014169442
50.24977449416875,0.6991872990120086,-0.03761385703038789,0.057623173984129666,1.3612543776667219,-0.4999998617887458,0.9539392014169441
50.2654824574367,0.699841172022491,-0.016217805827912195,0.025603947134438303,1.3624862321521805,-0.49999997972930676,0.9539392014169441
50.28119042070465,0.6999916707342132,0.005189910345077391,-0.006446548240908033,1.3627387071748982,-0.49999999238864956,0.9539392014169442
50.29689838397259,0.6996386477365445,0.026593893284318933,-0.038484526314936304,1.36201130557021,-0.49999989968653813,0.9539392014169443
50.31260634724054,0.6987826436827344,0.04797875746193355,-0.07046626736500908,1.3603061353329338,-0.4999997022100049,0.9539392014169444
50.32831431050849,0.6974248846577464,0.06932917089826961,-0.10234831981007778,1.3576278938287867,-0.4999994012055268,0.9539392014169443
50.34402227377644,0.6955672763865083,0.09062989563754455,-0.13408769942189663,1.3539838333175602,-0.4999989985624781,0.9539392014169443
50.35973023704439,0.6932123953433406,0.11186582753656756,-0.16564208366123767,1.3493837082789042,-0.49999849678823793,0.9539392014169443
50.37543820031234,0.6903634768549538,0.13302203508557212,-0.1969699991799404,1.343839705283459,-0.4999978989755042,0.9539392014169442
50.39114616358029,0.6870244003193277,0.15408379699377542,-0.22803100065410803,1.3373663563867764,-0.49999720876252896,0.9539392014169443
50.40685412684824,0.6831996716904971,0.17503663828940055,-0.2587858392694119,1.329980437235863,-0.49999643028713636,0.9539392014169444
50.42256209011619,0.6788944034043092,0.1958663647041587,-0.2891966193619659,1.321700851263916,-0.4999955681354942,0.9539392014169443
50.43827005338413,0.6741142919421916,0.21655909513514152,-0.3192269419226317,1.3125485015043967,-0.4999946272866872,0.9539392014169445
50.45397801665208,0.6688655932485885,0.23710129200222374,-0.34884203389351776,1.302546151678503,-0.49999361305420187,0.9539392014169444
50.46968597992003,0.6631550962327597,0.25747978934588994,-0.37800886241719905,1.2917182782988441,-0.4999925310254334,0.9539392014169445
50.48539394318798,0.6569900945969716,0.27768181853833684,-0.4066962334361307,1.28009091558621,-0.49999138700033474,0.9539392014169447
50.50110190645593,0.6503783572407039,0.29769503150921667,-0.43487487427632554,1.2676914950162603,-0.4999901869302653,0.9539392014169448
50.51680986972388,0.6433280974943987,0.3175075214159503,-0.46251750008040105,1.2545486813001232,-0.4999889368580438,0.9539392014169447
50.53251783299183,0.6358479414366108,0.33710784071664895,-0.4895988641758395,1.2406922065594985,-0.4999876428601122,0.9539392014169447
50.54822579625978,0.6279468955453914,0.3564850166308846,-0.5160957926706037,1.2261527043857774,-0.4999863109916227,0.9539392014169447
50.56393375952772,0.6196343139285851,0.3756285639994251,-0.5419872037566461,1.210961545377315,-0.4999849472351299,0.9539392014169447
50.57964172279567,0.6109198653687758,0.39452849557825576,-0.5672541123696128,1.1951506756331123,-0.4999835574534507,0.9539392014169447
50.59534968606362,0.6018135004071954,0.4131753298244437,-0.5918796209982162,1.178752459548776,-0.4999821473471262,0.9539392014169445
50.61105764933157,0.5923254186774009,0.43156009625144903,-0.6158488975581069,1.161799528115836,-0.4999807224167889,0.9539392014169448
50.62676561259952,0.5824660366842962,0.44967433844917165,-0.6391491413421189,1.1443246337723187,-0.4999792879306152,0.9539392014169447
50.64247357586747,0.5722459562075145,0.4675101148792585,-0.6617695381316621,1.1263605126947918,-0.49997784889693,0.9539392014169445
50.65818153913542,0.5616759334906567,0.48505999756892754,-0.68370120560352,1.107939755263486,-0.49997641004192417,0.9539392014169445
50.67388950240337,0.5507668493597694,0.5023170688368169,-0.7049371301936389,1.0890946852758292,-0.4999749757923485,0.9539392014169443
50.68959746567132,0.5395296803960665,0.5192749161921899,-0.7254720965863095,1.0698572483326245,-0.49997355026297696,0.9539392014169442
50.70530542893926,0.52797547126957,0.5359276255543325,-0.7453026109854024,1.0502589096775954,-0.4999721372485546,0.9539392014169443
50.72101339220721,0.5161153083223362,0.5522697729422934,-0.7644268192962056,1.0303305616370448,-0.49997074021990695,0.9539392014169442
50.73672135547516,0.5039602944724902,0.5682964147864124,-0.7828444213042232,1.0101024406834458,-0.4999693623238368,0.9539392014169442
50.75242931874311,0.49152152549360517,0.5840030770125357,-0.8005565818833813,0.9896040540359606,-0.4999680063864196,0.9539392014169441
50.76813728201106,0.47881006770821233,0.5993857430476328,-0.81756584020278,0.9688641156128346,-0.4999666749192856,0.9539392014169441
50.78384524527901,0.46583693711953494,0.6144408408918962,-0.8338760178306636,0.9479104910656255,-0.4999653701284891,0.9539392014169441
50.79955320854696,0.4526130799919971,0.6291652293975574,-0.8494921265587732,0.9267701515532683,-0.49996409392554564,0.9539392014169441
50.81526117181491,0.43914935487874085,0.6435561838887567,-0.8644202766916329,0.9054691358547254,-0.49996284794026224,0.9539392014169441
50.83096913508286,0.4254565160833122,0.6576113812500923,-0.8786675864653534,0.8840325203718993,-0.4999616335349819,0.953939201416944
50.8466770983508,0.4115451985328705,0.6713288846041049,-0.8922420931807477,0.8624843965388421,-0.49996045181989646,0.953939201416944
50.86238506161875,0.39742590403171,0.6847071276901149,-0.9051526665572678,0.8408478551282493,-0.4999593036691157,0.9539392014169439
50.8780930248867,0.38310898885653527,0.6977448990486813,-0.917408924738584,0.8191449769307807,-0.4999581897371974,0.9539392014169439
50.89380098815465,0.3686046526487456,0.7104413261076221,-0.929021153308436,0.7973968292759325,-0.4999571104758871,0.953939201416944
50.9095089514226,0.3539229285539023,0.722795859257172,-0.9400002276073774,0.7756234678639209,-0.499956066150842,0.9539392014169441
50.92521691469055,0.3390736745545049,0.7348082559935535,-0.9503575385777272,0.7538439433853187,-0.4999550568581407,0.9539392014169441
50.9409248779585,0.32406656593910765,0.7464785652020968,-0.9601049223057666,0.7320763124179945,-0.4999540825404185,0.9539392014169441
50.95663284122645,0.308911088848593,0.7578071116431483,-0.9692545933771862,0.7103376521082886,-0.49995314300249516,0.9539392014169441
50.9723408044944,0.29361653483898836,0.7687944806964131,-0.977819082114056,0.6886440781644155,-0.4999522379263762,0.9539392014169441
50.98804876776234,0.2781919963994986,0.7794415034121428,-0.9858111757191294,0.6670107657139926,-0.4999513668855544,0.9539392014169441
51.00375673103029,0.262646363364329,0.7897492419107369,-0.9932438633159686,0.6454519726035933,-0.49995052935853745,0.9539392014169441
51.01946469429824,0.24698832015733269,0.7997189751659076,-1.0001302848409994,0.6239810647456531,-0.49994972474156596,0.953939201416944
51.03517265756619,0.23122634380943752,0.8093521852005777,-1.0064836837159132,0.6026105431463187,-0.49994895236049164,0.9539392014169441
51.05088062083414,0.21536870269013364,0.8186505437191499,-1.0123173632055402,0.5813520722764152,-0.499948211481803,0.953939201416944
51.06658858410209,0.19942345589595836,0.8276158991947056,-1.0176446463471007,0.5602165094761768,-0.49994750132280386,0.9539392014169441
51.08229654737004,0.1833984532408433,0.8362502644250507,-1.0224788393212632,0.5392139351123788,-0.499946821060951,0.9539392014169439
51.09800451063799,0.16730133579533138,0.8445558045673285,-1.0268331981233536,0.5183536832337232,-0.4999461698423763,0.9539392014169439
51.11371247390594,0.15113953692397888,0.8525348256571335,-1.0307208983840317,0.4976443724965297,-0.49994554678961645,0.953939201416944
51.129420437173884,0.13492028377268392,0.8601897636146826,-1.034155008182435,0.47709393715778275,-0.49994495100858727,0.9539392014169441
51.145128400441834,0.11865059916018858,0.8675231737376047,-1.0371484636908765,0.45670965795625046,-0.49994438159483723,0.953939201416944
51.160836363709784,0.10233730383055192,0.8745377206772712,-1.0397140474883446,0.4364981927246277,-0.49994383763911776,0.953939201416944
51.176544326977734,0.08598701902595364,0.8812361688932938,-1.041864369380028,0.4164656065964075,-0.4999433182323203,0.9539392014169441
51.19225229024568,0.06960616934173933,0.8876213735788322,-1.0436118495615851,0.3966174016904259,-0.49994282246981236,0.9539392014169442
51.20796025351363,0.05320098582813431,0.8936962720476591,-1.0449687039696613,0.37695854617375607,-0.4999423494552241,0.9539392014169443
51.22366821678158,0.036777509305515974,0.8994638755725058,-1.045946931664009,0.3574935026198711,-0.49994189830372215,0.9539392014169444
51.23937618004953,0.02034159386252995,0.9049272616630257,-1.0465583040912678,0.3382262555937871,-0.4999414681448159,0.9539392014169443
51.25508414331748,0.003898910508650772,0.910089566770752,-1.0468143560858507,0.31916033840929325,-0.4999410581247349,0.9539392014169441
51.270792106585425,-0.01254504904498644,0.9149539794076644,-1.0467263784692862,0.30029885901543946,-0.499940667408417,0.9539392014169443
51.286500069853375,-0.02898496850052682,0.9195237336643951,-1.046305412115646,0.2816445249802463,-0.499940295181144,0.9539392014169443
51.302208033121325,-0.04541570300612399,0.9238021031136818,-1.0455622433572318,0.26319966754921237,-0.4999399406498578,0.9539392014169443
51.317915996389274,-0.061832275126546245,0.9277923950843939,-1.0445074006113693,0.24496626476468916,-0.4999396030441936,0.9539392014169442
51.333623959657224,-0.07822987076993247,0.9314979452913026,-1.0431511521159178,0.22694596363965844,-0.49993928161725676,0.9539392014169442
51.349331922925174,-0.0946038350872572,0.934922112805716,-1.0415035046678174,0.2091401013859597,-0.49993897564617507,0.9539392014169442
51.365039886193124,-0.11094966835945684,0.9380682753521541,-1.03957420326565,0.19154972570265077,-0.49993868443245215,0.9539392014169441
51.38074784946107,-0.1272630218856655,0.9409398249163619,-1.0373727315637027,0.1741756141350217,-0.499938407302143,0.9539392014169439
51.39645581272902,-0.1435396938846059,0.9435401636501648,-1.0349083130513526,0.1570182925188926,-0.49993814360587907,0.9539392014169438
51.412163775996966,-0.15977562541987686,0.9458727000589275,-1.03218991287773,0.14007805252827774,-0.49993789271876043,0.9539392014169439
51.427871739264916,-0.17596689635866758,0.9479408454576849,-1.0292262402475008,0.12335496834735822,-0.499937654040132,0.9539392014169439
51.443579702532865,-0.19210972137231078,0.9497480106823661,-1.0260257513192512,0.10684891249003509,-0.4999374269932654,0.9539392014169439
51.459287665800815,-0.20820044598605264,0.9512976030429124,-1.022596652543338,0.0905595707921906,-0.4999372110249545,0.953939201416944
51.474995629068765,-0.2242355426844674,0.9525930235054961,-1.0189469043811552,0.07448645660322145,-0.4999370056050467,0.9539392014169439
51.490703592336715,-0.24021160707807163,0.9536376640914787,-1.0150842253525971,0.05862892420447273,-0.49993681022591274,0.953939201416944
51.506411555604664,-0.2561253541358935,0.9544349054811826,-1.01101609636304,0.042986181482941276,-0.49993662440187636,0.9539392014169441
51.522119518872614,-0.2719736144880232,0.9549881148110054,-1.0067497652654271,0.027557301889072038,-0.49993644766860135,0.953939201416944
51.537827482140564,-0.2877533308015046,0.9553006436528572,-1.0022922516170458,0.012341235707679673,-0.49993627958245646,0.9539392014169441
51.55353544540851,-0.303461554232324,0.9553758261653601,-0.9976503515943074,-0.0026631793289765976,-0.4999361197198568,0.953939201416944
51.569243408676456,-0.31909544095570413,0.9552169774067062,-0.9928306430323324,-0.017457208057122905,-0.4999359676765934,0.9539392014169442
51.584951371944406,-0.3346522487764161,0.9548273917995157,-0.9878394905593619,-0.032042208497903735,-0.499935823067152,0.9539392014169441
51.600659335212356,-0.35012933382037587,0.9542103417384881,-0.9826830507990222,-0.046419623046286176,-0.4999356855240328,0.9539392014169442
51.616367298480306,-0.3655241473083902,0.9533690763320695,-0.9773672776162363,-0.0605909702049807,-0.49993555469706774,0.9539392014169442
51.632075261748255,-0.38083423241255815,0.9523068202697896,-0.9718979273851396,-0.07455783683658877,-0.49993543025274567,0.9539392014169442
51.647783225016205,-0.3960572211955133,0.9510267728073358,-0.96628056425971,-0.08832187090792289,-0.4999353118735421,0.9539392014169442
51.663491188284155,-0.4111908316324072,0.9495321068618334,-0.9605205654299952,-0.10188477470123537,-0.49993519925726376,0.9539392014169443
51.679199151552105,-0.42623286471528116,0.9478259682101954,-0.9546231263488044,-0.11524829846792425,-0.4999350921164004,0.9539392014169443
51.69490711482005,-0.44118120163925045,0.9459114747837778,-0.9485932659155557,-0.12841423450114717,-0.4999349901774981,0.9539392014169442
51.710615078088,-0.45603380106973174,0.9437917160529437,-0.942435831605635,-0.14138441160465628,-0.49993489318054074,0.9539392014169442
51.72632304135595,-0.47078869648977095,0.9414697524954847,-0.9361555045351385,-0.1541606899360606,-0.4999348008783547,0.9539392014169442
51.7420310046239,-0.4854439936263841,0.938948615143189,-0.9297568044522563,-0.16674495620361912,-0.499934713036029,0.9539392014169441
51.75773896789185,-0.49999786795469425,0.9362313052011603,-0.9232440946478084,-0.17913911919656217,-0.4999346294303529,0.9539392014169442
51.773446931159796,-0.5144485622785413,0.9333207937348044,-0.9166215867785855,-0.1913451056298246,-0.49993454984927466,0.9539392014169441
51.789154894427746,-0.5287943843861486,0.9302200214196902,-0.909893345598175,-0.20336485628494727,-0.4999344740913784,0.9539392014169441
51.804862857695696,-0.543033704779356,0.9269318983497731,-0.9030632935908871,-0.21520032242976042,-0.49993440196538,0.9539392014169441
51.820570820963646,-0.5571649544748659,0.9234593038997353,-0.8961352155052305,-0.226853462500299,-0.49993433328964293,0.9539392014169442
51.83627878423159,-0.5711866228758994,0.9198050866374496,-0.8891127627841443,-0.23832623902921585,-0.49993426789171336,0.9539392014169443
51.85198674749954,-0.5850972557126218,0.9159720642828165,-0.8819994578898661,-0.24962061580574885,-0.49993420560787355,0.9539392014169441
51.86769471076749,-0.5988954530496692,0.9119630237094506,-0.8747986985219217,-0.26073855525306455,-0.4999341462827134,0.9539392014169441
51.88340267403544,-0.6125798673590857,0.9077807209859101,-0.8675137617272604,-0.2716820160095395,-0.4999340897687228,0.9539392014169441
51.89911063730339,-0.6261492016569733,0.9034278814533702,-0.860147807902038,-0.28245295070125204,-0.49993403592589847,0.9539392014169441
51.91481860057134,-0.6396022077021497,0.8989071998368319,-0.8527038846849772,-0.293053303893642,-0.4999339846213707,0.953939201416944
51.93052656383929,-0.6529376842551112,0.8942213403871453,-0.8451849307426021,-0.3034850102109518,-0.49993393572904565,0.9539392014169439
51.94623452710724,-0.6661544753956072,0.8893729370512984,-0.8375937794469835,-0.3137499926126909,-0.49993388912926495,0.953939201416944
51.96194249037518,-0.6792514688971428,0.8843645936685864,-0.8299331624469074,-0.32385016081696544,-0.49993384470847974,0.9539392014169439
51.97765045364313,-0.6922275946567448,0.8791988841904338,-0.8222057131336397,-0.3337874098610909,-0.4999338023589419,0.9539392014169439
51.99335841691108,-0.7050818231783448,0.8738783529217828,-0.8144139700026709,-0.34356361879044894,-0.49993376197840866,0.9539392014169439
52.00906638017903,-0.7178131641081577,0.8684055147821059,-0.8065603799130117,-0.3531806494670734,-0.49993372346986137,0.9539392014169439
52.02477434344698,-0.730420664820458,0.8627828555842245,-0.7986473012457687,-0.3626403454899436,-0.4999336867412389,0.9539392014169439
52.04048230671493,-0.742903409052188,0.8570128323292412,-0.7906770069638637,-0.37194453121943466,-0.4999336517051828,0.953939201416944
52.05619026998288,-0.7552605155848584,0.8510978735160057,-0.7826516875748688,-0.38109501089881964,-0.4999336182787968,0.9539392014169439
52.07189823325083,-0.7674911369722366,0.8450403794636466,-0.774573453999022,-0.39009356786614363,-0.4999335863834161,0.9539392014169439
52.08760619651878,-0.7795944583123484,0.8388427226457966,-0.7664443403445589,-0.39894196385018893,-0.49993355594439004,0.9539392014169439
52.10331415978672,-0.7915696960623559,0.8325072480352422,-0.7582663065925536,-0.4076419383446318,-0.49993352689087417,0.9539392014169439
52.11902212305467,-0.8034160968949067,0.8260362734578107,-0.7500412411935043,-0.4161952080548492,-0.49993349915563495,0.9539392014169439
52.13473008632262,-0.8151329365945847,0.8194320899543983,-0.7417709635779267,-0.424603466412174,-0.4999334726748615,0.9539392014169439
52.15043804959057,-0.826719518993133,0.8126969621501182,-0.7334572265832364,-0.4328683831507179,-0.4999334473879897,0.9539392014169439
52.16614601285852,-0.8381751749421471,0.8058331286296225,-0.7251017187992123,-0.44099160394218373,-0.4999334232375336,0.9539392014169439
52.18185397612647,-0.8494992613219824,0.7988428023177229,-0.7167060668343262,-0.4489747500843742,-0.49993340016892585,0.9539392014169439
52.19756193939442,-0.8606911600856467,0.7917281708644988,-0.7082718375052217,-0.4568194182393743,-0.49993337813036703,0.953939201416944
52.21326990266237,-0.8717502773364919,0.7844913970341431,-0.6998005399516023,-0.4645271802176373,-0.4999333570726825,0.9539392014169441
52.22897786593032,-0.8826760424385479,0.7771346190968536,-0.6912936276787754,-0.47209958280444453,-0.49993333694918557,0.9539392014169439
52.24468582919826,-0.8934679071583826,0.7696599512231305,-0.6827525005300656,-0.47953814762543306,-0.4999333177155492,0.9539392014169439
52.26039379246621,-0.904125344837401,0.7620694838798923,-0.6741785065912812,-0.48684437104809847,-0.49993329932968456,0.9539392014169439
52.27610175573416,-0.9146478495935356,0.7543652842278679,-0.6655729440293866,-0.49401972411637796,-0.49993328175162416,0.9539392014169439
52.29180971900211,-0.9250349355513096,0.7465493965197675,-0.6569370628674908,-0.5010656525156078,-0.4999332649434129,0.9539392014169439
52.30751768227006,-0.9352861360992893,0.7386238424987757,-0.6482720666982239,-0.5079835765653238,-0.4999332488690042,0.9539392014169439
52.32322564553801,-0.9454010031739757,0.7305906217969486,-0.639579114337531,-0.5147748912375409,-0.4999332334941613,0.9539392014169439
52.33893360880596,-0.9553791065692119,0.7224517123331322,-0.6308593214208678,-0.5214409661983017,-0.49993321878636365,0.9539392014169439
52.35464157207391,-0.9652200332702201,0.714209070710055,-0.6221137619437358,-0.5279831458704299,-0.49993320471471947,0.9539392014169438
52.37034953534186,-0.9749233868114073,0.7058646326102744,-0.6133434697484519,-0.534402749515564,-0.49993319124988134,0.9539392014169439
52.3860574986098,-0.9844887866571101,0.6974203131906921,-0.6045494399589928,-0.5407010713336712,-0.4999331783639671,0.9539392014169438
52.40176546187775,-0.9939158676044773,0.6888780074753744,-0.5957326303657148,-0.5468793805783666,-0.49993316603048454,0.9539392014169437
52.4174734251457,-1.0032042792077165,0.6802395907464447,-0.5868939627616947,-0.5529389216864721,-0.4999331542242607,0.9539392014169434
52.43318138841365,-1.0123536852229607,0.6715069189328335,-0.5780343242323936,-0.5588809144203569,-0.4999331429213735,0.9539392014169437
52.4488893516816,-1.0213637630730288,0.6626818289966993,-0.5691545684002949,-0.564706554021703,-0.4999331320990894,0.9539392014169435
52.46459731494955,-1.030234203331395,0.6537661393173477,-0.560255516626121,-0.5704170113754271,-0.49993312173580123,0.9539392014169437
52.4803052782175,-1.0389647092246865,0.6447616500725024,-0.5513379591681877,-0.5760134331825841,-0.49993311181097266,0.9539392014169437
52.49601324148545,-1.0475549961530746,0.6356701436167933,-0.5424026563014034,-0.5814969421411532,-0.4999331023050817,0.9539392014169437
52.5117212047534,-1.0560047912279273,0.6264933848573467,-0.5334503393973807,-0.5868686371336878,-0.4999330931995719,0.9539392014169437
52.52742916802134,-1.0643138328261323,0.6172331216263789,-0.5244817119670788,-0.59212959342088,-0.4999330844768013,0.9539392014169435
52.54313713128929,-1.0724818701605068,0.6078910850507052,-0.51549745066735,-0.5972808628401598,-0.49993307611999804,0.9539392014169434
52.55884509455724,-1.0805086628657403,0.5984689899180946,-0.5064982062727236,-0.6023234740085075,-0.49993306811321503,0.9539392014169435
52.57455305782519,-1.0883939805993348,0.5889685350404071,-0.49748460461371463,-0.6072584325287217,-0.4999330604412905,0.9539392014169437
52.59026102109314,-1.096137602657025,0.5793914036134677,-0.488457247482905,-0.6120867211984358,-0.49993305308980696,0.9539392014169437
52.60596898436109,-1.1037393176021848,0.5697392635736384,-0.4794167135100024,-0.6168093002212295,-0.4999330460450554,0.9539392014169438
52.62167694762904,-1.1111989229087371,0.560013767951059,-0.4703635590070456,-0.6214271074192277,-0.4999330392939989,0.9539392014169438
52.63738491089699,-1.1185162246171136,0.5502165552195403,-0.46129831878488237,-0.6259410584466262,-0.4999330328242405,0.9539392014169437
52.65309287416494,-1.1256910370028164,0.5403492496430975,-0.45222150694201296,-0.6303520470036229,-0.4999330266239904,0.9539392014169439
52.66880083743288,-1.1327231822571573,0.5304134616191215,-0.443133617626852,-0.6346609450502739,-0.4999330206820372,0.9539392014169438
52.68450880070083,-1.1396124901797684,0.5204107880181944,-0.4340351257744292,-0.6388686030198288,-0.49993301498771897,0.9539392014169439
52.70021676396878,-1.146358797882486,0.5103428125205588,-0.4249264878185134,-0.6429758500311343,-0.4999330095308962,0.9539392014169439
52.71592472723673,-1.152961949504232,0.5002111059492598,-0.4158081423801117,-0.6469834940997269,-0.49993300430192633,0.9539392014169438
52.73163269050468,-1.1594217959365278,0.4900172265999832,-0.40668051093326485,-0.6508923223472631,-0.49993299929164037,0.9539392014169439
52.74734065377263,-1.1657381945592928,0.47976272056761815,-0.3975439984490258,-0.6547031012089661,-0.49993299449131945,0.9539392014169438
52.76304861704058,-1.1719110089865894,0.46944912206957773,-0.38839899401848244,-0.6584165766387895,-0.49993298989267354,0.9539392014169437
52.77875658030853,-1.177940108821994,0.4590779537659165,-0.3792458714556529,-0.662033474312026,-0.49993298548781984,0.9539392014169437
52.79446454357648,-1.1838253694232828,0.4486507270762859,-0.3700849898810571,-0.6655544998251086,-0.4999329812692657,0.9539392014169435
52.810172506844424,-1.1895666716761357,0.4381689424937746,-0.36091669428673817,-0.6689803388923738,-0.49993297722988783,0.9539392014169434
52.825880470112374,-1.195163901776574,0.42763408989568297,-0.35174131608348486,-0.6723116575395737,-0.49993297336291587,0.9539392014169435
52.84158843338032,-1.2006169510218547,0.4170476488512836,-0.34255917363097765,-0.6755491022939437,-0.49993296966191636,0.9539392014169437
52.85729639664827,-1.2059257156095629,0.4064110889266246,-0.33337057275156,-0.6786933003706479,-0.49993296612077676,0.9539392014169437
52.87300435991622,-1.2110900964446478,0.39572586998643317,-0.32417580722831163,-0.6817448598554382,-0.49993296273369037,0.9539392014169434
52.88871232318417,-1.2161099989541628,0.3849934424931801,-0.31497515928807857,-0.6847043698833803,-0.49993295949514266,0.9539392014169434
52.90442028645212,-1.2209853329094749,0.3742152478033686,-0.3057689000700942,-0.6875724008135095,-0.49993295639989765,0.9539392014169435
52.92012824972007,-1.2257160122557273,0.363392718461112,-0.2965572900808042,-0.6903495043992934,-0.49993295344298594,0.9539392014169437
52.93583621298802,-1.2303019549483387,0.35252727848906695,-0.2873405796354888,-0.6930362139547905,-0.4999329506196933,0.9539392014169439
52.951544176255965,-1.2347430827963384,0.34162034367679145,-0.27811900928725747,-0.6956330445164,-0.49993294792554793,0.9539392014169439
52.967252139523914,-1.239039321312344,0.3306733218665967,-0.26889281024397244,-0.6981404930001128,-0.49993294535631094,0.9539392014169439
52.982960102791864,-1.2431905995689942,0.3196876132369644,-0.2596622047736407,-0.7005590383541798,-0.49993294290796647,0.9539392014169439
52.998668066059814,-1.247196850061662,0.3086646105836025,-0.2504274065987975,-0.7028891417071195,-0.4999329405767117,0.9539392014169438
53.014376029327764,-1.2510580085772776,0.29760569959821315,-0.24118862128038768,-0.7051312465110005,-0.49993293835894814,0.9539392014169439
53.03008399259571,-1.2547740140691013,0.28651225914504674,-0.23194604659163875,-0.7072857786799344,-0.4999329362512736,0.9539392014169439
53.04579195586366,-1.2583448085372924,0.27538566153531896,-0.22269987288240137,-0.7093531467237255,-0.49993293425047364,0.9539392014169438
53.06149991913161,-1.2617703369151285,0.26422727279956615,-0.21345028343442277,-0.7113337418766279,-0.49993293235351427,0.9539392014169438
53.07720788239956,-1.265050546960735,0.2530384529580174,-0.20419745480800355,-0.7132279382211649,-0.4999329305575355,0.9539392014169439
53.092915845667505,-1.268185389154194,0.24182055628906007,-0.19494155718047684,-0.7150360928069728,-0.49993292885984403,0.9539392014169437
53.108623808935455,-1.2711748165999102,0.23057493159587805,-0.1856827546769363,-0.7167585457646324,-0.4999329272579073,0.9539392014169437
53.124331772203405,-1.2740187849341078,0.21930292247134137,-0.17642120569362926,-0.7183956204144586,-0.4999329257493477,0.9539392014169437
53.140039735471355,-1.2767172522373555,0.20800586756122663,-0.1671570632144201,-0.7199476233702196,-0.49993292433193687,0.9539392014169434
53.155747698739304,-1.2792701789520085,0.19668510082584825,-0.15789047512071883,-0.7214148446377611,-0.49993292300359105,0.9539392014169437
53.171455662007254,-1.2816775278044663,0.1853419518001805,-0.14862158449526136,-0.7227975577085157,-0.49993292176236653,0.9539392014169437
53.187163625275204,-1.2839392637321605,0.17397774585255107,-0.1393505299201181,-0.724096019647877,-0.4999329206064539,0.9539392014169438
53.202871588543154,-1.2860553538151753,0.1625938044419867,-0.13007744576929983,-0.7253104711784221,-0.4999329195341758,0.9539392014169438
53.218579551811104,-1.288025767212426,0.15119144537429227,-0.12080246249632208,-0.7264411367579698,-0.49993291854398164,0.9539392014169437
53.234287515079046,-1.2898504751023152,0.13977198305694416,-0.11152570691708141,-0.7274882246524602,-0.49993291763444436,0.9539392014169437
53.249995478346996,-1.2915294506277972,0.1283367287528798,-0.10224730248839115,-0.7284519270036447,-0.4999329168042579,0.9539392014169438
53.265703441614946,-1.2930626688457842,0.1168869908332644,-0.09296736958251703,-0.729332419891579,-0.49993291605223394,0.9539392014169438
53.281411404882896,-1.2944501066808372,0.10542407502931728,-0.08368602575804826,-0.7301298633919092,-0.49993291537729895,0.9539392014169438
53.297119368150845,-1.2956917428830803,0.09394928468327898,-0.07440338602743364,-0.7308444016279438,-0.49993291477849156,0.9539392014169438
53.312827331418795,-1.296787557990297,0.08246392099860152,-0.06511956312150792,-0.7314761628175074,-0.49993291425496145,0.9539392014169437
53.328535294686745,-1.2977375342941555,0.07096928328944366,-0.055834667751329274,-0.7320252593145684,-0.49993291380596616,0.9539392014169439
53.344243257954695,-1.2985416558105292,0.059466669229553404,-0.04654880886764487,-0.7324917876456385,-0.49993291343087065,0.9539392014169439
53.359951221222644,-1.299199908253875,0.04795737510061973,-0.037262093918298066,-0.7328758285409381,-0.4999329131291446,0.9539392014169439
53.37565918449059,-1.2997122790156401,0.036442696040175956,-0.027974629103887975,-0.7331774469603262,-0.4999329129003625,0.9539392014169438
53.39136714775854,-1.3000787571466716,0.02492392628913692,-0.018686519631989557,-0.7333966921139894,-0.49993291274420176,0.9539392014169438
53.40707511102649,-1.3002993333436101,0.013402359439052313,-0.009397869970240412,-0.7335335974778905,-0.49993291266044226,0.9539392014169437
53.422783074294436,-1.3003739999392505,0.0018792886791585855,-0.00010878409859880166,-0.7335881808039716,-0.49993291264896633,0.9539392014169437
53.438491037562386,-1.3003027508968599,-0.00964399295668827,0.009180634238923676,-0.733560444125112,-0.49993291270975776,0.9539392014169435
53.454199000830336,-1.3000855818084474,-0.021166192343116595,0.018470281282752077,-0.7334503737548377,-0.4999329128429019,0.9539392014169434
53.469906964098286,-1.2997224898969835,-0.032686016016297136,0.027760053006158414,-0.7332579402817817,-0.49993291304858645,0.9539392014169434
53.485614927366235,-1.2992134740225731,-0.04420216992687289,0.037049844863289716,-0.7329830985588949,-0.49993291332710127,0.9539392014169433
53.50132289063418,-1.2985585346925919,-0.05571335919267821,0.046339551536510676,-0.7326257876874047,-0.4999329136788391,0.9539392014169434
53.51703085390213,-1.2977576740757957,-0.06721828785116475,0.05562906668275682,-0.7321859309955224,-0.4999329141042969,0.9539392014169433
53.53273881717008,-1.2968108960204257,-0.07871565861145159,0.06491828267859252,-0.7316634360118985,-0.4999329146040766,0.9539392014169433
53.54844678043803,-1.2957182060763281,-0.09020417260591723,0.07420709036366636,-0.7310581944338258,-0.49993291517888555,0.9539392014169433
53.56415474370598,-1.294479611521118,-0.10168252914125085,0.08349537878225403,-0.7303700820901907,-0.4999329158295406,0.9539392014169434
53.57986270697393,-1.293095121390418,-0.1131494254488804,0.09278303492257609,-0.7295989588991745,-0.4999329165569667,0.9539392014169435
53.59557067024188,-1.2915647465122126,-0.12460355643469494,0.10206994345357466,-0.7287446688207048,-0.4999329173622022,0.9539392014169435
53.611278633509826,-1.2898884995453572,-0.13604361442797894,0.11135598645882959,-0.7278070398036601,-0.4999329182463983,0.9539392014169434
53.626986596777776,-1.2880663950222897,-0.14746828892947605,0.12064104316729019,-0.7267858837278309,-0.4999329192108238,0.9539392014169435
53.64269456004572,-1.2860984493959997,-0.1588762663585001,0.12992498968049426,-0.7256809963406391,-0.4999329202568666,0.9539392014169437
53.65840252331367,-1.28398468109131,-0.1702662297990108,0.13920769869594096,-0.7244921571886228,-0.4999329213860376,0.9539392014169437
53.67411048658162,-1.2817251105605365,-0.1816368587445721,0.14848903922627835,-0.7232191295436915,-0.49993292259997385,0.9539392014169437
53.68981844984957,-1.279319760343591,-0.19298682884211144,0.1577688763139605,-0.7218616603241584,-0.499932923900442,0.9539392014169437
53.70552641311752,-1.2767686551326058,-0.20431481163439716,0.1670470707410226,-0.7204194800105599,-0.4999329252893429,0.9539392014169437
53.72123437638547,-1.2740718218411542,-0.21561947430115297,0.17632347873361498,-0.7188923025562715,-0.4999329267687155,0.9539392014169435
53.73694233965342,-1.2712292896781567,-0.22689947939872748,0.18559795166092996,-0.7172798252929337,-0.49993292834074143,0.9539392014169437
53.75265030292137,-1.2682410902265613,-0.23815348459823749,0.19487033572814666,-0.715581728830702,-0.49993293000775035,0.9539392014169437
53.76835826618932,-1.2651072575268956,-0.24938014242210366,0.2041404716630109,-0.7137976769533382,-0.49993293177222486,0.9539392014169437
53.78406622945726,-1.2618278281657926,-0.26057809997889814,0.21340819439565734,-0.7119273165081628,-0.4999329336368067,0.9539392014169435
53.79977419272521,-1.258402841369603,-0.2717459986964231,0.22267333273127204,-0.7099702772908919,-0.4999329356043021,0.9539392014169437
53.81548215599316,-1.2548323391032032,-0.2828824740529399,0.23193570901518243,-0.707926171925384,-0.49993293767768937,0.9539392014169435
53.83119011926111,-1.2511163661741302,-0.2939861553064704,0.24119513878995127,-0.7057945957383271,-0.49993293986012455,0.9539392014169434
53.84689808252906,-1.2472549703421623,-0.305055665222089,0.25045143044403945,-0.7035751266289012,-0.49993294215494927,0.9539392014169434
53.86260604579701,-1.2432482024344897,-0.3160896197971291,0.25970438485158986,-0.7012673249334518,-0.49993294456569903,0.9539392014169434
53.87831400906496,-1.2390961164666143,-0.327086627984224,0.2689537950028727,-0.6988707332852221,-0.49993294709611047,0.9539392014169437
53.89402197233291,-1.2347987697691287,-0.3380452914121067,0.2781994456249177,-0.6963848764691895,-0.4999329497501311,0.9539392014169437
53.90972993560086,-1.2303562231205345,-0.3489642041040904,0.28744111279184587,-0.6938092612720627,-0.49993295253192777,0.9539392014169438
53.9254378988688,-1.2257685408862635,-0.3598419521941555,0.29667856352439737,-0.6911433763275012,-0.499932955445897,0.9539392014169438
53.94114586213675,-1.2210357911640763,-0.37067711364056766,0.30591155537813763,-0.688386691956625,-0.4999329584966754,0.9539392014169438
53.9568538254047,-1.2161580459360215,-0.3814682579369546,0.3151398360198063,-0.685538660003891,-0.49993296168914986,0.9539392014169437
53.97256178867265,-1.211135381227143,-0.39221394582076785,0.32436314279125716,-0.6825987136684202,-0.49993296502847034,0.9539392014169437
53.9882697519406,-1.2059678772711384,-0.40291272897906016,0.33358120226042004,-0.6795662673308714,-0.49993296852006097,0.9539392014169437
54.00397771520855,-1.2006556186831732,-0.4135631497515089,0.3427937297586949,-0.6764407163759626,-0.4999329721696347,0.9539392014169437
54.0196856784765,-1.1951986946400728,-0.4241637408306176,0.35200042890417127,-0.6732214370107551,-0.4999329759832052,0.9539392014169435
54.03539364174445,-1.1895971990681151,-0.4347130249590304,0.36120099111004467,-0.6699077860788283,-0.4999329799671026,0.9539392014169435
54.0511016050124,-1.183851230838666,-0.4452095146238961,0.37039509507757973,-0.6664991008704804,-0.4999329841279883,0.9539392014169434
54.06680956828034,-1.1779608939719008,-0.4556517117482195,0.3795824062729497,-0.6629946989291101,-0.49993298847287126,0.9539392014169434
54.08251753154829,-1.1719262978488756,-0.4660381073791428,0.3887625763872571,-0.6593938778539444,-0.4999329930091256,0.9539392014169435
54.09822549481624,-1.1657475574322123,-0.47636718137309986,0.39793524277901765,-0.6556959150992951,-0.4999329977445076,0.9539392014169433
54.11393345808419,-1.1594247934956852,-0.48663740207779066,0.40710002789836425,-0.6519000677705451,-0.4999330026871757,0.9539392014169434
54.12964142135214,-1.1529581328629954,-0.49684722601092624,0.41625653869220186,-0.6480055724170801,-0.4999330078457107,0.9539392014169435
54.14534938462009,-1.1463477086560439,-0.5069950975356982,0.4254043659895183,-0.6440116448224067,-0.4999330132291361,0.9539392014169434
54.16105734788804,-1.1395936605530184,-0.5170794485329298,0.43454308386602647,-0.6399174797917125,-0.49993301884694114,0.9539392014169434
54.17676531115599,-1.1326961350566263,-0.5270986980698715,0.4436722489872869,-0.6357222509371537,-0.49993302470910495,0.9539392014169435
54.19247327442394,-1.1256552857728173,-0.537051252065607,0.4527913999294277,-0.6314251104611739,-0.4999330308261208,0.9539392014169435
54.20818123769188,-1.118471273700357,-0.5469355029530409,0.4619000564765492,-0.6270251889381897,-0.4999330372090225,0.9539392014169435
54.22388920095983,-1.1111442675316228,-0.5567498293374467,0.47099771889386877,-0.6225215950950037,-0.49993304386941306,0.9539392014169434
54.23959716422778,-1.1036744439650115,-0.5664925956515556,0.48008386717562695,-0.6179134155903366,-0.49993305081949324,0.9539392014169434
54.25530512749573,-1.0960619880293634,-0.5761621518071786,0.4891579602667436,-0.613199714793905,-0.4999330580720929,0.9539392014169434
54.27101309076368,-1.0883070934208219,-0.5857568328433546,0.49821943525717616,-0.6083795345655032,-0.4999330656407039,0.9539392014169434
54.28672105403163,-1.0804099628525674,-0.5952749585710321,0.5072677065478968,-0.603451894034589,-0.4999330735395149,0.9539392014169434
54.30242901729958,-1.0723708084178798,-0.6047148332142935,0.5163021649873664,-0.5984157893809094,-0.49993308178344714,0.9539392014169434
54.31813698056753,-1.0641898519669994,-0.6140747450481441,0.5253221769773468,-0.5932701936167509,-0.4999330903881939,0.9539392014169437
54.33384494383548,-1.0558673254982816,-0.6233529660328954,0.5343270835468513,-0.5880140563714391,-0.4999330993702602,0.9539392014169437
54.34955290710342,-1.047403471564151,-0.6325477514451845,0.5433161993929924,-0.5826463036787686,-0.49993310874700686,0.9539392014169434
54.36526087037137,-1.038798543692388,-0.6416573395056799,0.5522888118874472,-0.5771658377680923,-0.49993311853669464,0.9539392014169437
54.38096883363932,-1.0300528068232966,-0.6506799510035368,0.5612441800472137,-0.5715715368598584,-0.4999331287585337,0.9539392014169437
54.39667679690727,-1.0211665377633246,-0.6596137889176795,0.57018153346829,-0.5658622549664449,-0.499933139432732,0.9539392014169437
54.41238476017522,-1.0121400256557314,-0.6684570380350002,0.5791000712208644,-0.5600368216992044,-0.4999331505805507,0.9539392014169437
54.42809272344317,-1.0029735724689168,-0.6772078645655796,0.5879989607045548,-0.5540940420827041,-0.49993316222435924,0.9539392014169438
54.44380068671112,-0.9936674935030527,-0.6858644157550493,0.5968773364621957,-0.5480326963772182,-0.49993317438769536,0.9539392014169437
54.45950864997907,-0.984222117915678,-0.6944248194942363,0.6057342989506166,-0.5418515399106119,-0.49993318709532747,0.9539392014169437
54.47521661324702,-0.9746377892669466,-0.7028871839262442,0.6145689132668147,-0.5355493029208381,-0.49993320037332134,0.9539392014169437
54.49092457651496,-0.9649148660852411,-0.7112495970511487,0.6233802078278703,-0.5291246904103624,-0.4999332142491094,0.9539392014169435
54.50663253978291,-0.9550537224538934,-0.7195101263285059,0.6321671730029086,-0.5225763820139244,-0.49993322875156554,0.9539392014169434
54.52234050305086,-0.9450547486197756,-0.7276668182778935,0.6409287596953618,-0.5159030318811529,-0.49993324391108207,0.9539392014169435
54.53804846631881,-0.9349183516245597,-0.7357176980777312,0.6496638778737341,-0.5091032685756557,-0.49993325975965297,0.9539392014169435
54.55375642958676,-0.9246449559594677,-0.7436607691626519,0.6583713950490256,-0.5021756949923288,-0.49993327633095935,0.9539392014169435
54.56946439285471,-0.9142350042443629,-0.7514940128197237,0.667050134696921,-0.49511888829475237,-0.4999332936604632,0.9539392014169434
54.58517235612266,-0.9036889579320684,-0.7592153877838552,0.675698874622801,-0.48793139987467354,-0.4999333117855024,0.9539392014169434
54.60088031939061,-0.8930072980388241,-0.7668228298327443,0.6843163452675877,-0.4806117553357233,-0.49993333074539303,0.9539392014169434
54.61658828265856,-0.8821905259018277,-0.7743142513817713,0.6929012279523872,-0.4731584545036611,-0.49993335058153826,0.9539392014169437
54.632296245926504,-0.8712391639648384,-0.7816875410792704,0.7014521530598499,-0.4655699714656074,-0.4999333713375414,0.9539392014169435
54.648004209194454,-0.860153756592852,-0.788940563402655,0.7099676981501256,-0.45784475464089375,-0.4999333930593255,0.9539392014169434
54.663712172462404,-0.8489348709168935,-0.7960711582559149,0.7184463860092489,-0.4499812268863449,-0.49993341579526085,0.9539392014169434
54.67942013573035,-0.837583097710004,-0.8030771405690496,0.7268866826277551,-0.4419777856390023,-0.49993343959629816,0.9539392014169434
54.6951280989983,-0.8260990522955373,-0.8099562999000486,0.7352869951072899,-0.4338328030995054,-0.49993346451610926,0.9539392014169434
54.71083606226625,-0.8144833754889121,-0.8167064000400862,0.743645669492949,-0.42554462645956814,-0.49993349061123615,0.9539392014169434
54.7265440255342,-0.8027367345740081,-0.8233251786226484,0.7519609885290565,-0.4171115781772225,-0.4999335179412475,0.9539392014169433
54.74225198880215,-0.790859824315422,-0.8298103467373742,0.7602311693360708,-0.4085319563037494,-0.4999335465689042,0.9539392014169432
54.7579599520701,-0.7788533680078462,-0.8361595885494536,0.7684543610062956,-0.3998040348664819,-0.49993357656033266,0.9539392014169432
54.773667915338045,-0.7667181185638579,-0.8423705609254951,0.776628642116064,-0.3909260643119458,-0.4999336079852096,0.9539392014169432
54.789375878605995,-0.7544548596414538,-0.8484408930668453,0.7847520181520699,-0.3818962720140994,-0.4999336409169548,0.9539392014169432
54.805083841873945,-0.7420644068126947,-0.8543681861514233,0.7928224188495283,-0.37271286285275074,-0.499933675432935,0.9539392014169432
54.820791805141894,-0.729547608774864,-0.8601500129852117,0.8008376954398728,-0.3633740198675619,-0.4999337116146777,0.9539392014169432
54.836499768409844,-0.7169053486055779,-0.8657839176646367,0.808795617805729,-0.35387790499340577,-0.4999337495480988,0.9539392014169432
54.852207731677794,-0.7041385450633231,-0.871267415251162,0.8166938715409541,-0.3442226598832116,-0.4999337893237384,0.9539392014169432
54.867915694945744,-0.6912481539349292,-0.876597991459519,0.824530054913596,-0.3344064068248322,-0.49993383103701217,0.9539392014169434
54.88362365821369,-0.6782351694315176,-0.8817731023611045,0.8323016757297036,-0.324427249758882,-0.49993387478847384,0.9539392014169433
54.899331621481636,-0.6651006256345001,-0.8867901741041875,0.8400061480960243,-0.31428327540493495,-0.4999339206840916,0.9539392014169433
54.915039584749586,-0.6518455979932304,-0.8916466026526874,0.8476407890797428,-0.30397255450393534,-0.49993396883553864,0.9539392014169433
54.930747548017536,-0.6384712048759403,-0.8963397535454123,0.8552028152635638,-0.29349314318516284,-0.49993401936049825,0.9539392014169433
54.946455511285485,-0.6249786091756171,-0.9008669616777821,0.8626893391946093,-0.2828430844666075,-0.499934072382984,0.9539392014169433
54.962163474553435,-0.6113690199725001,-0.905225531108202,0.8700973657258093,-0.27202040989815046,-0.49993412803367554,0.9539392014169433
54.977871437821385,-0.5976436942548968,-0.9094127348914073,0.8774237882486908,-0.2610231413575132,-0.49993418645027027,0.9539392014169432
54.993579401089335,-0.58380393870003,-0.913425814941259,0.8846653848167478,-0.24984929300953249,-0.49993424777785217,0.9539392014169432
55.009287364357284,-0.5698511115166419,-0.9172619819256408,0.8918188141588798,-0.2384968734399414,-0.49993431216927847,0.9539392014169432
55.024995327625234,-0.555786624351083,-0.9209184151962896,0.8988806115827421,-0.22696388797548625,-0.4999343797855828,0.9539392014169432
55.04070329089318,-0.5416119442586155,-0.9243922627565806,0.9058471847682541,-0.21524834120288913,-0.49993445079639626,0.9539392014169434
55.05641125416113,-0.5273285957416536,-0.9276806412704935,0.9127148094519623,-0.20334823969987215,-0.4999345253803892,0.9539392014169434
55.072119217429076,-0.5129381628566466,-0.930780636116196,0.9194796250034739,-0.1912615949921952,-0.49993460372573,0.9539392014169433
55.087827180697026,-0.4984422913912895,-0.933689301487907,0.926137629895747,-0.17898642675142126,-0.4999346860305623,0.9539392014169433
55.103535143964976,-0.48384269111371114,-0.9364036605499415,0.9326846770716707,-0.16652076624891196,-0.49993477250350377,0.9539392014169434
55.119243107232926,-0.46914113809524816,-0.9389207056470843,0.9391164692100918,-0.15386266008237054,-0.49993486336416254,0.9539392014169434
55.134951070500875,-0.4543394771083551,-0.9412373985757071,0.9454285538952444,-0.14101017419208686,-0.4999349588436736,0.9539392014169433
55.150659033768825,-0.43943962410113496,-0.943350670920317,0.9516163186944336,-0.1279613981848978,-0.49993505918525305,0.9539392014169433
55.166366997036775,-0.4244435687498891,-0.9452574244605145,0.9576749861498158,-0.1147144499847534,-0.4999351646447739,0.9539392014169432
55.18207496030472,-0.40935337709098524,-0.9469545316536438,0.9635996086912112,-0.10126748082967187,-0.4999352754913562,0.9539392014169431
55.19778292357267,-0.394171194233226,-0.9484388361987349,0.9693850634780965,-0.08761868063576873,-0.4999353920079769,0.9539392014169432
55.21349088684062,-0.37889924715176065,-0.9497071536876696,0.9750260471802581,-0.07376628374995475,-0.4999355144920966,0.9539392014169433
55.22919885010857,-0.3635398475644241,-0.9507562723498497,0.980517070708052,-0.05970857511380519,-0.49993564325629936,0.9539392014169433
55.24490681337652,-0.3480953948912026,-0.951582953897008,0.9858524539048267,-0.04544389686200433,-0.4999357786289461,0.9539392014169434
55.260614776644466,-0.3325683792973153,-0.9521839344751715,0.9910263202158256,-0.03097065537965453,-0.49993592095484096,0.9539392014169433
55.276322739912416,-0.31696138482016095,-0.9525559257311839,0.9960325913498169,-0.01628732884359925,-0.4999360705959052,0.9539392014169434
55.292030703180366,-0.3012770925801094,-0.952695616001588,1.0008649819517945,-0.0013924752737337204,-0.49993622793185655,0.9539392014169433
55.307738666448316,-0.28551828407481056,-0.9525996716320866,1.00551699430739,0.01371525887894832,-0.4999363933608919,0.9539392014169433
55.32344662971626,-0.26968784455635153,-0.9522647384362262,1.0099819131021175,0.029037129580111926,-0.4999365673003683,0.9539392014169434
55.33915459298421,-0.2537887664902088,-0.9516874433023845,1.0142528002612738,0.044574285467551183,-0.49993675018747785,0.9539392014169435
55.35486255625216,-0.23782415309451463,-0.9508643959585875,1.0183224898992373,0.060327757485749076,-0.49993694247990905,0.9539392014169435
55.37057051952011,-0.2217972219576817,-0.9497921909051368,1.022183583410057,0.07629844787049128,-0.49993714465649286,0.9539392014169437
55.38627848278806,-0.20571130873190335,-0.9484674095254851,1.0258284447346238,0.09248711845423029,-0.4999373572178212,0.9539392014169437
55.40198644605601,-0.1895698708994643,-0.9468866223862618,1.0292491958433647,0.108894378262798,-0.49993758068683236,0.9539392014169435
55.41769440932396,-0.17337649160815616,-0.9450463917378088,1.0324377124773116,0.12552067037416795,-0.4999378156093557,0.9539392014169435
55.43340237259191,-0.15713488357138655,-0.9429432742270503,1.0353856201945846,0.14236625801030328,-0.49993806255460116,0.9539392014169437
55.44911033585986,-0.14084889302779796,-0.9405738238349665,1.0380842907737844,0.15943120983373235,-0.49993832211558487,0.9539392014169439
55.4648182991278,-0.12452250375436762,-0.9379345950513844,1.0405248390305364,0.17671538442140786,-0.49993859490947645,0.9539392014169439
55.48052626239575,-0.1081598411260376,-0.9350221463002205,1.0426981201084435,0.19421841388967426,-0.4999388815778547,0.9539392014169438
55.4962342256637,-0.09176517621392187,-0.9318330436287078,1.0445947273110143,0.21193968664583762,-0.49993918278685356,0.9539392014169439
55.51194218893165,-0.07534292991304843,-0.9283638646745137,1.0462049905467026,0.22987832924395507,-0.49993949922718284,0.9539392014169439
55.5276501521996,-0.058897677089416865,-0.9246112029249848,1.0475189754650378,0.24803318732509438,-0.49993983161400146,0.953939201416944
55.54335811546755,-0.04243415073487974,-0.9205716722830439,1.0485264833679055,0.2664028056255167,-0.49994018068662305,0.9539392014169441
55.5590660787355,-0.02595724611698734,-0.9162419119544966,1.0492170519863493,0.2849854070400731,-0.4999405472080303,0.9539392014169441
55.57477404200345,-0.009472024909465184,-0.91161859167167,1.049579957219764,0.30377887073264576,-0.49994093196417233,0.9539392014169441
55.5904820052714,0.00701628071257966,-0.9066984172684016,1.0496042159410088,0.32278070929078045,-0.49994133576301547,0.953939201416944
55.60618996853934,0.023502264030306304,-0.9014781366213859,1.0492785899777333,0.34198804492782076,-0.49994175943332153,0.9539392014169441
55.62189793180729,0.0399803398110107,-0.8959545459727939,1.048591591387015,0.3613975847429489,-0.49994220382311627,0.953939201416944
55.63760589507524,0.05644474043148107,-0.8901244966488505,1.0475314891472018,0.3810055950576368,-0.4999426697978172,0.9539392014169442
55.65331385834319,0.07288951211809896,-0.8839849021886972,1.046086317397523,0.40080787485619856,-0.49994315823798496,0.9539392014169442
55.66902182161114,0.08930851132904967,-0.8775327458973589,1.0442438853625051,0.42079972836848856,-0.4999436700366572,0.9539392014169441
55.68472978487909,0.10569540130620805,-0.870765088835947,1.0419917891043715,0.4409759368443882,-0.4999442060962265,0.9539392014169441
55.70043774814704,0.12204364882656146,-0.8636790782613568,1.039317425252284,0.4613307295826369,-0.4999447673248225,0.953939201416944
55.71614571141499,0.13834652118541238,-0.8562719565266267,1.0362080068623585,0.48185775429086297,-0.49994535463215484,0.953939201416944
55.73185367468294,0.15459708344605852,-0.8485410704518024,1.032650581566664,0.5025500468694091,-0.4999459689247715,0.953939201416944
55.74756163795088,0.17078819599316297,-0.8404838811735653,1.0286320521727197,0.5234000007287721,-0.4999466111006944,0.9539392014169439
55.76326960121883,0.1869125124295866,-0.8320979744800183,1.024139199877099,0.544399335769221,-0.4999472820433868,0.9539392014169439
55.77897756448678,0.20296247785903518,-0.8233810716348477,1.0191587102574207,0.5655390671714234,-0.49994798261501305,0.9539392014169438
55.79468552775473,0.2189303275994542,-0.8143310406925806,1.0136772022059668,0.586809474168693,-0.4999487136489511,0.9539392014169438
55.81039349102268,0.23480808637465236,-0.8049459083037951,1.0076812599651541,0.6082000689947129,-0.4999494759415274,0.9539392014169437
55.82610145429063,0.2505875680341205,-0.7952238720059145,1.0011574684197868,0.6296995662252332,-0.4999502702429387,0.9539392014169437
55.84180941755858,0.26626037585339396,-0.7851633129915763,0.9940924517931194,0.6512958527581404,-0.4999510972473442,0.9539392014169437
55.85751738082653,0.28181790346954383,-0.7747628093425296,0.9864729158829205,0.6729759587033173,-0.499951957582109,0.9539392014169437
55.87322534409448,0.2972513365084248,-0.7640211497125273,0.9782856939596177,0.6947260294816062,-0.49995285179619453,0.9539392014169434
55.88893330736242,0.3125516549620991,-0.7529373474377594,0.9695177964308627,0.7165312994607096,-0.4999537803477083,0.9539392014169434
55.90464127063037,0.3277096363763424,-0.7415106550479982,0.96015646435515,0.738376067484644,-0.4999547435906271,0.9539392014169435
55.92034923389832,0.3427158599092479,-0.7297405791457966,0.9501892268611178,0.760243674682019,-0.49995574176073565,0.9539392014169435
55.93605719716627,0.35756071132261286,-0.7176268956148069,0.9396039624985469,0.7821164849664345,-0.49995677496084,0.9539392014169435
55.95176516043422,0.3722343889679408,-0.7051696651115764,0.9283889645115851,0.8039758686691375,-0.4999578431453289,0.9539392014169434
55.96747312370217,0.3867269108284471,-0.6923692487880625,0.9165330099841331,0.8258021897690906,-0.4999589461041851,0.9539392014169434
55.98318108697012,0.40102812267732774,-0.679226324184607,0.9040254327614783,0.8475747972080623,-0.49996008344657805,0.9539392014169434
55.99888905023807,0.41512770741066507,-0.6657419012252954,0.8908562000010781,0.8692720207974557,-0.49996125458418894,0.9539392014169435
56.01459701350602,0.4290151956106108,-0.6519173382395227,0.8770159921489034,0.8908711722384584,-0.4999624587144532,0.9539392014169435
56.03030497677396,0.44267997739082265,-0.6377543579253028,0.8624962860760939,0.9123485517867902,-0.49996369480393743,0.9539392014169435
56.04601294004191,0.4561113155714622,-0.623255063161456,0.8472894410441469,0.933679461096852,-0.4999649615720938,0.9539392014169434
56.06172090330986,0.4692983602253076,-0.6084219525674073,0.831388787095895,0.9548382227763982,-0.49996625747567447,0.9539392014169434
56.07742886657781,0.4822301646296361,-0.5932579357010452,0.8147887153947538,0.9757982071709383,-0.4999675806941105,0.9539392014169434
56.09313682984576,0.4948957026504278,-0.5777663477770641,0.7974847699569618,0.9965318668758725,-0.4999689291161955,0.9539392014169434
56.10884479311371,0.5072838875761014,-0.5619509637805916,0.7794737401418015,1.0170107794429006,-0.4999703003284347,0.9539392014169434
56.12455275638166,0.5193835924073843,-0.5458160118438696,0.7607537531843435,1.0372056987046065,-0.4999716916054453,0.9539392014169435
56.14026071964961,0.5311836715980495,-0.5293661857474731,0.7413243659755389,1.0570866150865144,-0.4999730999028088,0.9539392014169435
56.15596868291756,0.5426729842281429,-0.5126066564022307,0.7211866552171868,1.0766228252087249,-0.499974521852782,0.9539392014169434
56.1716766461855,0.5538404185770226,-0.49554308216384485,0.7003433050062962,1.0957830109990607,-0.49997595376327497,0.9539392014169437
56.18738460945345,0.5646749180481287,-0.47818161782939916,0.678798690836702,1.1145353284463222,-0.4999773916205026,0.9539392014169435
56.2030925727214,0.5751655083810122,-0.4605289221637123,0.656558958947702,1.1328475060159564,-0.4999788310956699,0.9539392014169435
56.21880053598935,0.5853013260689155,-0.44259216380402666,0.6336320999022449,1.150686952631677,-0.49998026755605807,0.9539392014169437
56.2345084992573,0.5950716478823279,-0.4243790253940192,0.6100280152431995,1.1680208749962664,-0.49998169608078524,0.9539392014169437
56.25021646252525,0.6044659213806354,-0.4058977058027487,0.5857585760577935,1.1848164038842766,-0.499983111481491,0.9539392014169435
56.2659244257932,0.6134737962755316,-0.387156920291064,0.5608376722796755,1.2010407288904164,-0.4999845083280976,0.9539392014169434
56.28163238906115,0.6220851564915376,-0.3681658984973061,0.5352812515772853,1.2166612409623143,-0.49998588097972485,0.9539392014169434
56.2973403523291,0.6302901527511271,-0.34893438012591754,0.509107346718094,1.2316456818877797,-0.49998722362072023,0.9539392014169434
56.313048315597044,0.6380792354949192,-0.3294726082368637,0.4823360903622111,1.2459622997477477,-0.49998853030166523,0.9539392014169434
56.328756278864994,0.6454431879315585,-0.30979132005054383,0.45498971632679625,1.2595800091902902,-0.4999897949850962,0.9539392014169433
56.34446424213294,0.6523731589976308,-0.28990173520205587,0.4270925464750408,1.2724685552321735,-0.4999910115955408,0.9539392014169433
56.36017220540089,0.658860695995648,-0.2698155414001297,0.39867096251996265,1.28459867915645,-0.4999921740733564,0.9539392014169433
56.37588016866884,0.6648977766681538,-0.24954487746956533,0.3697533621929277,1.2959422849515754,-0.49999327643171976,0.9539392014169433
56.39158813193679,0.6704768404587023,-0.2291023137813273,0.34037009940799295,1.3064726046336064,-0.4999943128159956,0.9539392014169432
56.40729609520474,0.6755908187061715,-0.20850083010123271,0.3105534082534016,1.316164360712055,-0.4999952775646106,0.9539392014169434
56.42300405847269,0.6802331635178639,-0.1877537909160303,0.28033731085765295,1.3249939240055058,-0.49999616527045554,0.9539392014169432
56.438712021740635,0.6843978750693468,-0.16687491832416462,0.24975750940560912,1.3329394649882578,-0.49999697084176753,0.9539392014169433
56.454419985008585,0.6880795270851394,-0.14587826260716014,0.2188512628155492,1.3399810968564727,-0.49999768956139645,0.9539392014169434
56.470127948276534,0.6912732902642486,-0.12477817062582976,0.18765724882587997,1.3461010085433343,-0.49999831714333165,0.9539392014169434
56.485835911544484,0.6939749534281819,-0.10358925221286464,0.1562154124749211,1.351283585988365,-0.4999988497853831,0.9539392014169435
56.501543874812434,0.6961809421863357,-0.08232634475925456,0.12456680218314489,1.3555155200762092,-0.4999992842169384,0.9539392014169437
56.517251838080384,0.6978883349343794,-0.06100447621588096,0.09275339485878374,1.3587858998037317,-0.4999996177408026,0.9539392014169437
56.53295980134833,0.6990948760251744,-0.03963882675300656,0.06081791163930582,1.361086289409063,-0.4999998482682152,0.9539392014169437
56.54866776461628,0.6997989859785065,-0.018244689338787926,0.02880362604776042,1.3624107883991055,-0.4999999743462886,0.9539392014169437
56.56437572788423,0.6999997686250583,0.0031625704870545204,-0.003245833520170993,1.3627560736389341,-0.49999999517725535,0.9539392014169435
56.580083691152176,0.6996970151110891,0.024567555357001544,-0.035286684959241234,1.3621214229126382,-0.4999999106290903,0.9539392014169435
56.595791654420125,0.6988912047226834,0.04595487704225072,-0.0672751951817322,1.3605087196249168,-0.49999972123727354,0.9539392014169435
56.611499617688075,0.6975835025215715,0.06730919734418649,-0.09916788229391801,1.3579224385802109,-0.49999942819764975,0.9539392014169435
56.627207580956025,0.695775753817817,0.08861526861413399,-0.13092171511782488,1.354369613045035,-0.49999903335054996,0.9539392014169433
56.642915544223975,0.6934704755374761,0.10985797361006182,-0.16249430800365042,1.349859783563209,-0.4999985391565255,0.9539392014169433
56.658623507491924,0.6906708445750727,0.13102236440831885,-0.193844108965057,1.3444049292467124,-0.4999979486642425,0.9539392014169432
56.674331470759874,0.6873806832508133,0.1520937001017756,-0.22493057929133387,1.3380193825011744,-0.4999972654712376,0.9539392014169432
56.690039434027824,0.6836044420203791,0.17305748303258325,-0.2557143629436882,1.3307197283593852,-0.4999964936783847,0.9539392014169431
56.705747397295774,0.6793471796104003,0.19389949332778408,-0.2861574442234163,1.3225246897842489,-0.49999563783903533,0.953939201416943
56.721455360563716,0.6746145407749559,0.21460582152875643,-0.31622329240251285,1.3134550004607135,-0.4999947029038796,0.9539392014169431
56.737163323831666,0.6694127318873431,0.23516289913046565,-0.34587699222703244,1.3035332667218533,-0.4999936941626282,0.953939201416943
56.752871287099616,0.663748494596694,0.2555575268731892,-0.3750853594345962,1.292783820345813,-0.49999261718363597,0.9539392014169431
56.768579250367566,0.6576290777906549,0.2757769006572472,-0.4038170406641515,1.2812325640172217,-0.4999914777525759,0.953939201416943
56.784287213635515,0.6510622081132453,0.2958086349797544,-0.4320425973728958,1.2689068112693487,-0.4999902818112364,0.9539392014169431
56.799995176903465,0.6440560592912096,0.31564078382098554,-0.4597345736069239,1.2558351227130307,-0.4999890353974473,0.9539392014169431
56.815703140171415,0.6366192205227978,0.3352618589361073,-0.4868675476938736,1.2420471403173965,-0.4999877445870502,0.953939201416943
56.831411103439365,0.628760664180146,0.354660845535319,-0.5134181681334296,1.2275734214384695,-0.49998641543873124,0.953939201416943
56.847119066707315,0.6204897130705227,0.3738272153614392,-0.539365174151486,1.2124452741982048,-0.4999850539424141,0.953939201416943
56.86282702997526,0.611816007492981,0.3927509371983265,-0.5646894015532721,1.1966945957021773,-0.49998366597177824,0.9539392014169429
56.87853499324321,0.6027494723157248,0.4114224848659249,-0.5893737746577884,1.1803537144529577,-0.4999822572413525,0.953939201416943
56.89424295651116,0.593300284286147,0.4298328427779548,-0.6134032852192072,1.1634552381723033,-0.4999808332684933,0.953939201416943
56.90995091977911,0.5834788397703997,0.4479735091561516,-0.6367649593399031,1.1460319080926766,-0.4999793993404399,0.9539392014169429
56.925658883047056,0.5732957231028906,0.46583649701038926,-0.6594478134546105,1.1281164606211687,-0.49997796048651955,0.9539392014169428
56.941366846315006,0.5627616757086512,0.4834143330069634,-0.6814428005165513,1.1097414971202817,-0.4999765214554718,0.953939201416943
56.957074809582956,0.5518875661434461,0.5007000543577574,-0.7027427475454487,1.0909393623934733,-0.49997508669776536,0.953939201416943
56.972782772850906,0.5406843611781283,0.5176872038710362,-0.72334228570576,1.0717420323117803,-0.49997366035269786,0.953939201416943
56.988490736118855,0.5291630980354054,0.5343698233102984,-0.7432377740731612,1.052181010873656,-0.49997224624001,0.953939201416943
57.0041986993868,0.5173348578691415,0.5507424452111098,-0.762427218220462,1.0322872368553693,-0.49997084785568413,0.9539392014169429
57.01990666265475,0.5052107405588223,0.5668000833072918,-0.78091018471301,1.012091000085464,-0.4999694683715594,0.9539392014169431
57.0356146259227,0.49280184087506307,0.5825382217174383,-0.7986877125506181,0.9916218672649553,-0.4999681106383824,0.953939201416943
57.05132258919065,0.4801192260562077,0.5979528030406777,-0.8157622225304364,0.9709086171558625,-0.49996677719186966,0.953939201416943
57.0670305524586,0.46717391482128606,0.6130402155070772,-0.8321374254352482,0.9499791848746278,-0.49996547026139027,0.9539392014169431
57.08273851572655,0.45397685783096275,0.6277972793233312,-0.8478182298765187,0.9288606149539766,-0.49996419178085105,0.9539392014169431
57.0984464789945,0.44053891959569036,0.6422212323485603,-0.8628106505431189,0.9075790227765146,-0.499962943401401,0.953939201416943
57.114154442262446,0.4268708618191098,0.6563097152284002,-0.8771217175267519,0.8861595639353168,-0.49996172650557735,0.9539392014169431
57.129862405530396,0.4129833281548293,0.6700607561082357,-0.8907593873152765,0.8646264110402315,-0.49996054222254926,0.9539392014169432
57.14557036879834,0.39888683034605166,0.6834727550386372,-0.9037324559666909,0.8430027374627346,-0.49995939144413837,0.9539392014169432
57.16127833206629,0.38459173571007316,0.6965444681779258,-0.9160504749006259,0.8213107074959884,-0.4999582748413224,0.9539392014169432
57.17698629533424,0.3701082559233992,0.7092749918884776,-0.9277236696717063,0.7995714723992617,-0.4999571928809672,0.9539392014169432
57.19269425860219,0.3554464370580532,0.7216637468150208,-0.9387628620207955,0.7778051717960237,-0.4999561458425592,0.9539392014169432
57.20840222187014,0.3406161508155246,0.733710462024863,-0.9491793954364371,0.7560309399018015,-0.49995513383473755,0.9539392014169433
57.22411018513809,0.32562708690163406,0.7454151592818417,-0.958985064400135,0.7342669160702726,-0.4999541568114657,0.9539392014169433
57.23981814840604,0.3104887464833066,0.7567781375178669,-0.9681920474356566,0.7125302591631008,-0.4999532145876999,0.9539392014169432
57.25552611167399,0.2952104366667549,0.7677999575583138,-0.9768128440343934,0.6908371652697979,-0.49995230685444414,0.9539392014169432
57.27123407494194,0.2798012659358006,0.7784814271502508,-0.9848602154859284,0.6692028883275907,-0.49995143319310786,0.9539392014169432
57.28694203820988,0.2642701404889204,0.788823586335624,-0.9923471296052371,0.64764176321711,-0.4999505930890956,0.9539392014169432
57.30265000147783,0.24862576141401332,0.7988276932050589,-0.9992867093151747,0.6261672309370481,-0.49994978594458916,0.9539392014169431
57.31835796474578,0.2328766226407757,0.808495210061929,-1.0056921850148488,0.6047918654891289,-0.49994901109048995,0.9539392014169432
57.33406592801373,0.21703100961186017,0.8178277900207741,-1.0115768506408331,0.5835274021332997,-0.4999482677975139,0.9539392014169432
57.34977389128168,0.20109699861562827,0.8268272640590321,-1.016954023308647,0.5623847667015376,-0.4999475552864322,0.9539392014169432
57.36548185454963,0.1850824567252099,0.8354956285363776,-1.021837006406149,0.5413741056866959,-0.49994687273747496,0.9539392014169431
57.38118981781758,0.16899504229071083,0.8438350331917227,-1.0262390559981525,0.5205048168500919,-0.4999462192989159,0.9539392014169431
57.39689778108553,0.15284220593370268,0.851847769624121,-1.0301733503922896,0.4997855801178205,-0.49994559409486183,0.9539392014169431
57.41260574435348,0.1366311919955468,0.8595362602604052,-1.0336529627096427,0.47922438856086935,-0.49994499623228394,0.953939201416943
57.42831370762142,0.12036904039360329,0.8669030478093599,-1.0366908362995382,0.45882857927788373,-0.49994442480732637,0.953939201416943
57.44402167088937,0.1040625888419219,0.8739507851995697,-1.0392997628359189,0.4386048640217764,-0.49994387891092873,0.9539392014169431
57.45972963415732,0.0877184753955739,0.8806822259957556,-1.0414923629325281,0.41855935943224676,-0.4999433576338085,0.953939201416943
57.47543759742527,0.07134314128033484,0.8871002152864057,-1.0432810691155243,0.3986976167556322,-0.4999428600708443,0.953939201416943
57.49114556069322,0.054942833971947526,0.8932076810337881,-1.044678110994826,0.37902465095136345,-0.49994238532490287,0.953939201416943
57.50685352396117,0.03852361049166076,0.899007625875988,-1.0456955024792547,0.35954496910065525,-0.49994193251014973,0.953939201416943
57.52256148722912,0.022091340887140386,0.904503119369406,-1.0463450308851783,0.3402625980479687,-0.49994150075489296,0.9539392014169429
57.53826945049707,0.005651711870170145,0.9096972906591767,-1.0466382477936929,0.3211811112192871,-0.49994108920399016,0.9539392014169429
57.55397741376502,-0.010789769415207203,0.9145933215641892,-1.0465864615172407,0.30230365457341274,-0.4999406970208664,0.953939201416943
57.56968537703296,-0.027227771518320856,0.9191944400627886,-1.0462007310428187,0.2836329716533871,-0.4999403233891758,0.9539392014169431
57.58539334030091,-0.04365713472345111,0.9235039141648104,-1.045491861325443,0.2651714277148386,-0.49993996751414105,0.9539392014169431
57.60110130356886,-0.06007286702760016,0.9275250461552971,-1.0444703998122107,0.2469210329166448,-0.49993962862360697,0.953939201416943
57.61680926683681,-0.07647014007287146,0.9312611671950877,-1.0431466340840436,0.22888346456684117,-0.49993930596883784,0.9539392014169431
57.63251723010476,-0.09284428505015367,0.9347156322634107,-1.0415305905089172,0.2110600884232955,-0.4999389988250851,0.9539392014169429
57.64822519337271,-0.10919078858918999,0.937891815427654,-1.0396320338070404,0.1934519790543714,-0.49993870649195316,0.953939201416943
57.66393315664066,-0.1255052886486018,0.9407931054256069,-1.0374604674349652,0.17605993926970473,-0.49993842829359225,0.9539392014169431
57.67964111990861,-0.14178357041802517,0.9434229015456658,-1.0350251347019603,0.1588845186353829,-0.49993816357873133,0.9539392014169432
57.69534908317656,-0.15802156224320643,0.9457846097907476,-1.0323350205381225,0.14192603109132204,-0.49993791172058055,0.9539392014169431
57.7110570464445,-0.1742153315836855,0.9478816393119623,-1.0293988538396124,0.1251845716915433,-0.49993767211661555,0.953939201416943
57.72676500971245,-0.1903610810115692,0.9497173990984371,-1.026225110322058,0.10866003249042047,-0.49993744418826747,0.953939201416943
57.7424729729804,-0.206455144258857,0.9512952949100697,-1.0228220158185655,0.09235211759986571,-0.49993722738052226,0.953939201416943
57.75818093624835,-0.22249398231982428,0.9526187264403891,-1.0191975499638912,0.07626035744388829,-0.4999370211614589,0.953939201416943
57.7738888995163,-0.23847417961408976,0.9536910846971283,-1.0153594502111805,0.06038412223805725,-0.499936825021723,0.9539392014169429
57.78959686278425,-0.2543924402151884,0.9545157495885546,-1.01131521613223,0.04472263472216383,-0.4999366384739571,0.9539392014169429
57.8053048260522,-0.2702455841487356,0.9550960877040515,-1.0070721139565306,0.029274982174857796,-0.49993646105219436,0.9539392014169429
57.82101278932015,-0.2860305437635982,0.9554354502778997,-1.0026371813083568,0.014040127739260494,-0.4999362923112214,0.9539392014169429
57.83672075258809,-0.3017443601788788,0.9555371713256628,-0.9980172321049258,-0.000983078911429713,-0.49993613182592395,0.953939201416943
57.85242871585604,-0.3173841798089668,0.9554045659430392,-0.9932188615821451,-0.015795891539494927,-0.49993597919061483,0.9539392014169429
57.86813667912399,-0.33294725096841166,0.955040928757489,-0.9882484514177187,-0.030399657910901056,-0.49993583401835584,0.953939201416943
57.88384464239194,-0.3484309205579208,0.9544495325233939,-0.9831121749243952,-0.04479581093808887,-0.49993569594027454,0.953939201416943
57.89955260565989,-0.3638326308323833,0.9536336268519421,-0.9778160022889352,-0.05898586036986289,-0.49993556460488464,0.953939201416943
57.91526056892784,-0.37914991625145544,0.9525964370673576,-0.9723657058349443,-0.07297138500154556,-0.49993543967740733,0.953939201416943
57.93096853219579,-0.39438040041292055,0.9513411631815109,-0.9667668652900978,-0.08675402537929337,-0.49993532083910325,0.9539392014169431
57.94667649546374,-0.40952179306874953,0.9498709789793484,-0.9610248730404608,-0.10033547697325748,-0.4999352077866129,0.9539392014169431
57.96238445873169,-0.42457188722353034,0.9481890312079747,-0.9551449393566128,-0.1137174837950994,-0.4999351002313123,0.9539392014169431
57.978092421999634,-0.4395285563147116,0.9462984388625943,-0.94913209757812,-0.12690183243623218,-0.499934997898679,0.9539392014169431
57.99380038526758,-0.45438975147390726,0.9442022925628871,-0.9429912092445727,-0.1398903465040373,-0.4999349005276775,0.953939201416943
58.00950834853553,-0.4691534988683366,0.9419036540137421,-0.93672696916294,-0.15268488143419967,-0.4999348078701597,0.953939201416943
58.02521631180348,-0.4838178971213245,0.939405555544608,-0.9303439104023823,-0.1652873196581991,-0.4999347196902843,0.9539392014169431
58.04092427507143,-0.4983811148106579,0.9367109997220447,-0.923846409208931,-0.17769956610589097,-0.49993463576395336,0.9539392014169432
58.05663223833938,-0.5128413880434853,0.9338229590303645,-0.9172386898335924,-0.1899235440239943,-0.4999345558782695,0.9539392014169431
58.07234020160733,-0.5271970181063532,0.9307443756155495,-0.9105248292684717,-0.20196119109217997,-0.49993447983101036,0.9539392014169431
58.08804816487528,-0.5414463691888945,0.92747816108791,-0.9037087618864528,-0.21381445581930858,-0.49993440743012413,0.9539392014169431
58.10375612814323,-0.5555878661796253,0.9240271963792172,-0.8967942839808135,-0.22548529420320668,-0.49993433849324354,0.9539392014169432
58.119464091411174,-0.569619992532249,0.9203943316502968,-0.8897850582019184,-0.23697566663818553,-0.4999342728472192,0.9539392014169431
58.135172054679124,-0.5835412882008365,0.9165823862453165,-0.8826846178888125,-0.24828753505529993,-0.49993421032767116,0.9539392014169432
58.150880017947074,-0.5973503476422112,0.9125941486892204,-0.8754963712941477,-0.25942286028111167,-0.4999341507785613,0.9539392014169432
58.166587981215024,-0.6110458178838586,0.9084323767249926,-0.8682236057014218,-0.270383599601463,-0.49993409405178113,0.9539392014169431
58.18229594448297,-0.6246263966556593,0.9040997973876291,-0.8608694914339883,-0.28117170451747947,-0.49993404000675845,0.953939201416943
58.19800390775092,-0.6380908305837445,0.8995991071118982,-0.8534370857557287,-0.29178911868170676,-0.4999339885100843,0.9539392014169431
58.21371187101887,-0.6514379134447721,0.8949329718711502,-0.845929336663655,-0.3022377760029461,-0.49993393943515185,0.9539392014169431
58.22941983428682,-0.6646664844789307,0.8901040273446165,-0.8383490865730423,-0.31251959890898073,-0.4999338926618156,0.9539392014169432
58.24512779755477,-0.677775426759988,0.8851148791107974,-0.8306990758959851,-0.3226364967569912,-0.4999338480760648,0.9539392014169432
58.260835760822715,-0.6907636656207173,0.8799681028646994,-0.8229819465145223,-0.3325903643820306,-0.4999338055697122,0.9539392014169432
58.276543724090665,-0.7036301671320585,0.8746662446568241,-0.8152002451496945,-0.34238308077448165,-0.4999337650400986,0.9539392014169432
58.292251687358615,-0.7163739366343861,0.869211821151954,-0.8073564266280894,-0.3520165078779379,-0.49993372638981004,0.9539392014169432
58.307959650626564,-0.7289940173192916,0.8636073199059074,-0.7994528570475868,-0.3614924894994504,-0.4999336895264104,0.9539392014169432
58.323667613894514,-0.7414894888603069,0.8578551996585604,-0.7914918168441534,-0.3708128503245518,-0.49993365436218573,0.9539392014169432
58.339375577162464,-0.7538594660910319,0.8519578906415445,-0.7834755037616479,-0.37997939502991934,-0.49993362081390225,0.9539392014169432
58.355083540430414,-0.7661030977291584,0.8459177948991454,-0.7754060357266926,-0.38899390748696216,-0.49993358880257494,0.9539392014169432
58.370791503698364,-0.7782195651449136,0.8397372866210221,-0.7672854536307373,-0.3978581500500219,-0.4999335582532495,0.9539392014169432
58.38649946696631,-0.7902080811724849,0.8334187124854657,-0.7591157240215016,-0.4065738629232563,-0.49993352909479405,0.9539392014169433
58.402207430234256,-0.8020678889630181,0.8269643920120089,-0.7508987417060271,-0.41514276360063684,-0.4999335012597013,0.9539392014169432
58.417915393502206,-0.8137982608778196,0.8203766179222785,-0.7426363322675951,-0.42356654637383123,-0.49993347468390226,0.9539392014169432
58.433623356770156,-0.8253984974204255,0.8136576565080647,-0.7343302544987913,-0.43184688190306525,-0.499933449306587,0.9539392014169432
58.449331320038105,-0.8368679262062407,0.8068097480056552,-0.7259822027530028,-0.439985416846361,-0.49993342507003646,0.9539392014169432
58.465039283306055,-0.8482059009684831,0.7998351069755529,-0.7175938092166336,-0.44798377354283647,-0.4999334019194629,0.9539392014169432
58.480747246574005,-0.8594118005992056,0.7927359226867591,-0.7091666461043183,-0.4558435497460216,-0.4999333798028577,0.9539392014169431
58.496455209841955,-0.8704850282242055,0.7855143595048689,-0.700702227779397,-0.46356631840340073,-0.4999333586708474,0.9539392014169431
58.512163173109904,-0.8814250103106632,0.7781725572832812,-0.6922020128018923,-0.4711536274786325,-0.49993333847655713,0.9539392014169431
58.527871136377854,-0.8922311958063904,0.7707126317568783,-0.6836674059062081,-0.4786069998131227,-0.499933319175482,0.953939201416943
58.5435790996458,-0.9029030553096006,0.7631366749375855,-0.6750997599107316,-0.4859279330238411,-0.49993330072536346,0.953939201416943
58.55928706291375,-0.9134400802681484,0.7554467555112606,-0.6665003775614932,-0.4931178994344698,-0.4999332830860736,0.953939201416943
58.574995026181696,-0.9238417822072207,0.7476449192354159,-0.6578705133119968,-0.500178346037164,-0.49993326621950535,0.953939201416943
58.590702989449646,-0.9341076919844915,0.7397331893373101,-0.6492113750412934,-0.5071106944823777,-0.4999332500894674,0.953939201416943
58.606410952717596,-0.9442373590717872,0.7317135669119894,-0.6405241257123301,-0.5139163410943771,-0.49993323466158623,0.953939201416943
58.622118915985546,-0.9542303508623403,0.7235880313198918,-0.6318098849725603,-0.5205966569102202,-0.4999332199032118,0.953939201416943
58.637826879253495,-0.9640862520027393,0.7153585405836639,-0.623069730698758,-0.5271529877401249,-0.4999332057833291,0.953939201416943
58.653534842521445,-0.9738046637487142,0.7070270317838688,-0.6143047004879288,-0.5335866542472903,-0.49993319227247346,0.9539392014169429
58.669242805789395,-0.9833852033439249,0.6985954214532953,-0.6055157930961668,-0.5398989520453616,-0.49993317934265236,0.953939201416943
58.68495076905734,-0.9928275034209494,0.6900656059696034,-0.5967039698272552,-0.5460911518118504,-0.4999331669672682,0.9539392014169429
58.70065873232529,-1.0021312114236967,0.6814394619460703,-0.5878701558727636,-0.5521644994159395,-0.4999331551210481,0.953939201416943
58.71636669559324,-1.011295989050495,0.6727188466202213,-0.5790152416053438,-0.5581202160592026,-0.4999331437799759,0.9539392014169428
58.73207465886119,-1.0203215117171351,0.6639055982401548,-0.5701400838268799,-0.5639594984278744,-0.49993313292122754,0.9539392014169428
58.74778262212914,-1.029207468039171,0.6550015364483893,-0.5612455069731004,-0.5696835188553956,-0.49993312252311106,0.953939201416943
58.763490585397086,-1.0379535593328049,0.6460084626630819,-0.552332304276212,-0.5752934254940486,-0.49993311256500855,0.9539392014169429
58.779198548665036,-1.0465594991337155,0.6369281604564833,-0.5434012388870696,-0.5807903424945808,-0.4999331030273222,0.9539392014169428
58.794906511932986,-1.0550250127331968,0.6277623959305131,-0.5344530449583479,-0.5861753701927875,-0.4999330938914216,0.9539392014169427
58.810614475200936,-1.0633498367310137,0.6185129180893538,-0.52548842869014,-0.591449585302101,-0.4999330851395961,0.9539392014169428
58.82632243846888,-1.0715337186043905,0.6091814592089749,-0.5165080693393578,-0.5966140411112983,-0.4999330767550077,0.9539392014169426
58.84203040173683,-1.0795764162925774,0.599769735203516,-0.5075126201942698,-0.6016697676865034,-0.4999330687216472,0.9539392014169427
58.85773836500478,-1.0874776977964549,0.5902794459884649,-0.4985027095154676,-0.606617772076718,-0.49993306102429313,0.9539392014169428
58.87344632827273,-1.0952373407926614,0.5807122758405837,-0.4894789414445106,-0.611459038522172,-0.4999330536484716,0.9539392014169428
58.88915429154068,-1.1028551322617448,0.5710698937545416,-0.48044189688145855,-0.6161945286648329,-0.4999330465804202,0.9539392014169428
58.90486225480863,-1.110330868129857,0.5613539537962271,-0.47139213433246097,-0.6208251817604653,-0.49993303980705117,0.9539392014169429
58.92057021807658,-1.1176643529235337,0.5515660954527194,-0.46233019072853476,-0.6253519148916726,-0.49993303331591876,0.953939201416943
58.93627818134453,-1.1248553994371124,0.5417079439789072,-0.4532565822166235,-0.6297756231813993,-0.49993302709518767,0.953939201416943
58.951986144612476,-1.1319038284123633,0.5317811107407532,-0.4441718049239953,-0.634097180006407,-0.49993302113360255,0.9539392014169429
58.96769410788042,-1.1388094682299217,0.5217871935552059,-0.4350763356970008,-0.6383174372102771,-0.49993301542045965,0.9539392014169428
58.98340207114837,-1.1455721546121278,0.5117277770267724,-0.4259706328151796,-0.6424372253155254,-0.4999330099455799,0.9539392014169428
58.99911003441632,-1.1521917303368934,0.5016044328807672,-0.4168551366816682,-0.6464573537344456,-0.49993300469928326,0.9539392014169429
59.01481799768427,-1.1586680449622309,0.49141872029326006,-0.40773027049083255,-0.6503786109783302,-0.49993299967236493,0.9539392014169428
59.03052596095222,-1.165000954561095,0.4811721862177526,-0.3985964408740162,-0.6542017648647418,-0.4999329948560717,0.9539392014169428
59.04623392422017,-1.1711903214661992,0.4708663657086145,-0.3894540385242645,-0.6579275627225357,-0.49993299024208104,0.9539392014169427
59.06194188748812,-1.177236014024482,0.46050278224131896,-0.38030343880085815,-0.6615567315943581,-0.4999329858224799,0.9539392014169426
59.07764985075607,-1.1831379063609162,0.45008294802951737,-0.37114500231445874,-0.665089978436366,-0.49993298158974525,0.9539392014169426
59.09335781402402,-1.1888958781513586,0.43960836433900013,-0.361979075493645,-0.6685279903149351,-0.499932977536726,0.9539392014169426
59.10906577729196,-1.1945098144041566,0.42908052179859185,-0.35280599113358996,-0.6718714346001439,-0.4999329736566254,0.9539392014169424
59.12477374055991,-1.199979605250236,0.41850090070803364,-0.34362606892760544,-0.6751209591558343,-0.49993296994298436,0.9539392014169424
59.14048170382786,-1.2053051457414057,0.40787097134290723,-0.3344396159822561,-0.6782771925260738,-0.49993296638966567,0.9539392014169426
59.15618966709581,-1.2104863356566284,0.3971921942566594,-0.32524692731672156,-0.6813407441178507,-0.4999329629908397,0.9539392014169424
59.17189763036376,-1.2155230793160143,0.3864660205797868,-0.3160482863470641,-0.6843122043798555,-0.4999329597409696,0.9539392014169426
59.18760559363171,-1.2204152854023043,0.3756938923162435,-0.3068439653560358,-0.6871921449772096,-0.4999329566347983,0.9539392014169426
59.20331355689966,-1.2251628667896233,0.36487724263713667,-0.2976342259490412,-0.689981118962018,-0.4999329536673366,0.9539392014169428
59.21902152016761,-1.2297657403792883,0.35401749617177614,-0.2884193194968497,-0.6926796609396316,-0.49993295083385025,0.9539392014169428
59.23472948343555,-1.2342238269424701,0.3431160692961466,-0.2791994875656336,-0.6952882872305172,-0.49993294812984934,0.9539392014169428
59.2504374467035,-1.2385370509695108,0.33217437041887193,-0.2699749623348912,-0.6978074960276399,-0.49993294555107715,0.953939201416943
59.26614540997145,-1.242705340525715,0.3211938002647433,-0.2607459670037935,-0.7002377675492757,-0.4999329430935012,0.9539392014169429
59.2818533732394,-1.2467286271134337,0.31017575215588267,-0.25151271618648063,-0.7025795641871758,-0.4999329407533022,0.953939201416943
59.29756133650735,-1.2506068455402735,0.2991216122906158,-0.24227541629681532,-0.7048333306500146,-0.4999329385268663,0.9539392014169428
59.3132692997753,-1.2543399337932684,0.28803276002012956,-0.2330342659230868,-0.7069994941020593,-0.4999329364107764,0.9539392014169428
59.32897726304325,-1.25792783291886,0.27691056812298853,-0.22378945619314417,-0.7090784642970048,-0.4999329344018034,0.9539392014169427
59.3446852263112,-1.2613704869085407,0.2657564030775875,-0.21454117113042404,-0.7110706337069246,-0.4999329324969001,0.9539392014169427
59.36039318957915,-1.2646678425900189,0.2545716253326174,-0.20528958800132463,-0.7129763776462915,-0.4999329306931929,0.9539392014169427
59.37610115284709,-1.267819849523775,0.24335758957562104,-0.19603487765436584,-0.7147960543910306,-0.499932928987976,0.9539392014169427
59.39180911611504,-1.270826459904882,0.2321156449997191,-0.1867772048515632,-0.7165300052925655,-0.49993292737870426,0.9539392014169427
59.40751707938299,-1.2736876284699719,0.22084713556858326,-0.1775167285924323,-0.7181785548868302,-0.4999329258629885,0.9539392014169427
59.42322504265094,-1.2764033124092347,0.2095534002797371,-0.16825360243102944,-0.7197420109982149,-0.4999329244385892,0.9539392014169426
59.43893300591889,-1.2789734712833454,0.1982357734262639,-0.15898797478642507,-0.7212206648384232,-0.49993292310341164,0.9539392014169426
59.45464096918684,-1.2813980669452163,0.18689558485700172,-0.14971998924699625,-0.7226147911002184,-0.4999329218555007,0.9539392014169426
59.47034893245479,-1.2836770634664845,0.17553416023530619,-0.14044978486891596,-0.7239246480460393,-0.4999329206930376,0.9539392014169426
59.48605689572274,-1.285810427068641,0.16415282129646158,-0.13117749646920865,-0.7251504775914688,-0.4999329196143339,0.9539392014169427
59.50176485899069,-1.2877981260587243,0.15275288610382132,-0.12190325491373377,-0.7262925053835411,-0.49993291861782996,0.9539392014169428
59.51747282225863,-1.2896401307694978,0.14133566930375902,-0.11262718740045152,-0.727350940873874,-0.4999329177020894,0.9539392014169428
59.53318078552658,-1.2913364135040417,0.12990248237951146,-0.1033494177383184,-0.7283259773866158,-0.4999329168657965,0.9539392014169428
59.54888874879453,-1.2928869484846928,0.11845463390399504,-0.09407006662215402,-0.729217792181196,-0.4999329161077542,0.953939201416943
59.56459671206248,-1.2942917118062705,0.10699342979167732,-0.08478925190381446,-0.730026546509873,-0.49993291542687995,0.953939201416943
59.58030467533043,-1.2955506813935367,0.0955201735495856,-0.07550708886000285,-0.7307523856700698,-0.4999329148222039,0.953939201416943
59.59601263859838,-1.2966638369628358,0.08403616652753426,-0.06622369045704227,-0.7313954390514932,-0.49993291429286707,0.953939201416943
59.61172060186633,-1.2976311599878714,0.07254270816765308,-0.05693916761293233,-0.7319558201780286,-0.49993291383811866,0.9539392014169431
59.62742856513428,-1.298452633669579,0.061041096253298406,-0.04765362945700661,-0.7324336267444087,-0.49993291345731566,0.953939201416943
59.64313652840223,-1.2991282429100615,0.049532627157429454,-0.03836718358750485,-0.7328289406476494,-0.49993291314991944,0.953939201416943
59.65884449167017,-1.2996579742905532,0.038018596090531945,-0.029079936327370718,-0.7331418280132505,-0.4999329129154964,0.953939201416943
59.67455245493812,-1.3000418160533906,0.02650029734817126,-0.019791992978583563,-0.7333723392161582,-0.49993291275371615,0.9539392014169429
59.69026041820607,-1.3002797580879675,0.014979024558257501,-0.010503458075330437,-0.7335205088964862,-0.4999329126643504,0.953939201416943
59.70596838147402,-1.3003717919206583,0.0034560709281047813,-0.0012144356363230514,-0.7335863559699934,-0.49993291264727374,0.9539392014169431
59.72167634474197,-1.3003179107087008,-0.008067270508632882,0.008074970583436883,-0.7335698836333152,-0.499932912702462,0.9539392014169431
59.73738430800992,-1.3001181092380294,-0.019589706645066644,0.01736465684114117,-0.7334710793639481,-0.4999329128299928,0.9539392014169429
59.75309227127787,-1.2997723839250583,-0.03110994405413644,0.026654519154605164,-0.733289914914985,-0.4999329130300458,0.9539392014169429
59.76880023454582,-1.2992807328224185,-0.04262668874155066,0.035944453050341746,-0.7330263463046,-0.4999329133029029,0.9539392014169428
59.78450819781377,-1.2986431556286557,-0.054138645898519425,0.04523435331097624,-0.7326803138002815,-0.49993291364894904,0.9539392014169428
59.800216161081714,-1.297859653701902,-0.06564451965419894,0.05452411372169818,-0.7322517418978136,-0.49993291406867285,0.9539392014169428
59.815924124349664,-1.29693023007754,-0.07714301282776444,0.06381362681544443,-0.731740539295004,-0.49993291456266775,0.9539392014169429
59.83163208761761,-1.295854889489879,-0.08863282668002913,0.07310278361650639,-0.7311465988601599,-0.49993291513163357,0.9539392014169428
59.84734005088556,-1.294633638397874,-0.10011266066452686,0.08239147338225154,-0.7304697975953102,-0.4999329157763783,0.9539392014169428
59.86304801415351,-1.2932664850149176,-0.11158121217797563,0.09167958334264699,-0.7297099965941768,-0.4999329164978185,0.9539392014169428
59.87875597742146,-1.2917534393427397,-0.12303717631003985,0.10096699843726928,-0.7288670409948947,-0.49993291729698347,0.9539392014169428
59.89446394068941,-1.2900945132094623,-0.13447924559230856,0.11025360104948141,-0.7279407599274837,-0.49993291817501556,0.9539392014169429
59.91017190395736,-1.288289720311851,-0.1459061097464074,0.11953927073745338,-0.7269309664560735,-0.4999329191331745,0.9539392014169429
59.92587986722531,-1.2863390762618196,-0.15731645543116185,0.12882388396169842,-0.7258374575158865,-0.49993292017283897,0.9539392014169429
59.941587830493255,-1.2842425986372412,-0.16870896598872942,0.13810731380879188,-0.7246600138449832,-0.4999329212955101,0.9539392014169427
59.957295793761205,-1.2820003070371324,-0.18008232118961862,0.14738942971093397,-0.7233983999107748,-0.49993292250281474,0.9539392014169428
59.973003757029154,-1.2796122231412748,-0.19143519697651246,0.15667009716101196,-0.72205236383131,-0.49993292379650967,0.9539392014169428
59.988711720297104,-1.27707837077435,-0.2027662652068145,0.16594917742281037,-0.7206216372913458,-0.4999329251784853,0.9539392014169428
60.004419683565054,-1.2743987759746669,-0.21407419339383588,0.17522652723601112,-0.7191059354532116,-0.4999329266507694,0.9539392014169427
60.020127646833004,-1.271573467067563,-0.2253576444465408,0.18450199851561777,-0.7175049568624785,-0.4999329282155327,0.9539392014169428
60.03583561010095,-1.2686024747435738,-0.23661527640777014,0.19377543804542988,-0.7158183833484489,-0.49993292987509286,0.9539392014169427
60.0515435733689,-1.2654858321414661,-0.2478457421908609,0.20304668716518506,-0.7140458799194825,-0.49993293163192065,0.9539392014169427
60.06725153663685,-1.2622235749362347,-0.25904768931458116,0.21231558145097698,-0.7121870946531782,-0.4999329334886452,0.9539392014169426
60.082959499904796,-1.2588157414321757,-0.27021975963629974,0.2215819503885477,-0.7102416585814345,-0.49993293544805995,0.9539392014169424
60.098667463172745,-1.2552623726611472,-0.28136058908330985,0.23084561703904272,-0.7082091855704146,-0.4999329375131291,0.9539392014169426
60.114375426440695,-1.251563512486143,-0.292468807382228,0.2401063976968058,-0.7060892721954444,-0.4999329396869949,0.9539392014169424
60.130083389708645,-1.2477192077103052,-0.3035430377863876,0.24936410153877941,-0.7038814976108783,-0.49993294197298477,0.9539392014169424
60.145791352976595,-1.2437295081915105,-0.3145818968011492,0.2586185302650642,-0.7015854234149698,-0.4999329443746184,0.9539392014169423
60.161499316244544,-1.239594466962676,-0.3255839939070491,0.2678694777301783,-0.6992005935097906,-0.49993294689561674,0.9539392014169423
60.177207279512494,-1.2353141403579297,-0.336547931280709,0.27711672956454364,-0.6967265339562455,-0.49993294953991074,0.9539392014169422
60.192915242780444,-1.2308885881448077,-0.34747230351342934,0.2863600627857127,-0.6941627528242387,-0.4999329523116498,0.9539392014169421
60.208623206048394,-1.2263178736626386,-0.358355697327392,0.29559924539883303,-0.6915087400380505,-0.4999329552152121,0.9539392014169421
60.224331169316336,-1.2216020639672913,-0.3691966912893961,0.30483403598583386,-0.688763967216994,-0.499932958255215,0.9539392014169421
60.240039132584286,-1.2167412299824665,-0.37999385552205467,0.31406418328279945,-0.6859278875114249,-0.4999329614365261,0.9539392014169422
60.255747095852236,-1.211735446657722,-0.3907457514123787,0.32328942574497976,-0.6829999354341901,-0.4999329647642743,0.9539392014169421
60.271455059120186,-1.2065847931334295,-0.40145093131767823,0.3325094910988697,-0.6799795266876071,-0.49993296824386246,0.9539392014169422
60.287163022388135,-1.201289352912871,-0.41210793826871117,0.34172409588076963,-0.6768660579860758,-0.4999329718809802,0.9539392014169421
60.302870985656085,-1.195849214041693,-0.4227153056700116,0.35093294496122124,-0.6736589068744375,-0.4999329756816172,0.9539392014169421
60.318578948924035,-1.190264469294943,-0.4332715569973318,0.36013573105469143,-0.670357431542205,-0.4999329796520791,0.9539392014169421
60.334286912191985,-1.1845352163719267,-0.44377520549213473,0.369332134213857,-0.6669609706338003,-0.49993298379900075,0.953939201416942
60.349994875459934,-1.1786615580991338,-0.4542247538530745,0.37852182130782,-0.6634688430549526,-0.4999329881293636,0.953939201416942
60.36570283872788,-1.172643602641486,-0.46461869392440636,0.3877044454835607,-0.6598803477754189,-0.4999329926505127,0.9539392014169421
60.38141080199583,-1.1664814637221812,-0.4749555063812698,0.39687964560991307,-0.6561947636282115,-0.4999329973701742,0.9539392014169421
60.39711876526378,-1.1601752608514118,-0.48523366041179117,0.40604704570331934,-0.6524113491055272,-0.49993300229647486,0.953939201416942
60.412826728531726,-1.1537251195642475,-0.49545161339595517,0.4152062543345988,-0.6485293421515969,-0.4999330074379613,0.9539392014169421
60.428534691799676,-1.1471311716679908,-0.5056078105812,0.4243568640159355,-0.6445479599526888,-0.4999330128036228,0.9539392014169423
60.444242655067626,-1.140393555499319,-0.5157006847546918,0.43349845056726477,-0.6404663987245254,-0.4999330184029112,0.9539392014169423
60.459950618335576,-1.133512416191544,-0.5257286559122408,0.4426305724612074,-0.6362838334973913,-0.4999330242457667,0.9539392014169423
60.475658581603525,-1.1264879059523352,-0.5356901309238253,0.4517527701456722,-0.6319994178992372,-0.499933030342642,0.9539392014169423
60.491366544871475,-1.1193201843522593,-0.5455835031956936,0.4608645653432162,-0.6276122839371113,-0.49993303670452793,0.9539392014169426
60.50707450813942,-1.1120094186245142,-0.5554071523290208,0.4699654603262193,-0.623121541777276,-0.4999330433429826,0.9539392014169426
60.52278247140737,-1.1045557839762412,-0.565159443775104,0.4790549371668989,-0.6185262795243992,-0.49993305027015894,0.9539392014169424
60.53849043467532,-1.0969594639118196,-0.5748387284870816,0.48813245696115365,-0.6138255630002434,-0.4999330574988371,0.9539392014169426
60.55419839794327,-1.0892206505685622,-0.5844433425681759,0.4971974590251919,-0.6090184355223075,-0.4999330650424565,0.9539392014169426
60.56990636121122,-1.081339545065249,-0.593971606916458,0.5062493600638643,-0.6041039176829174,-0.49993307291515054,0.9539392014169426
60.58561432447917,-1.0733163578639506,-0.6034218268661506,0.5152875533095814,-0.5990810071292985,-0.49993308113178203,0.9539392014169427
60.60132228774712,-1.0651513091456128,-0.6127922918254839,0.5243114076306588,-0.593948678345209,-0.4999330897079831,0.9539392014169428
60.617030251015066,-1.0568446291998927,-0.6220812749111373,0.5333202666078946,-0.5887058824347566,-0.49993309866019486,0.9539392014169428
60.632738214283016,-1.048396558829754,-0.6312870325793051,0.5423134475781409,-0.5833515469090729,-0.4999331080057091,0.9539392014169429
60.64844617755096,-1.0398073497713485,-0.6404078042534351,0.5512902406435907,-0.57788457547657,-0.49993311776271654,0.9539392014169428
60.66415414081891,-1.0310772651297375,-0.6494418119487055,0.5602499076454575,-0.5723038478375652,-0.4999331279503507,0.953939201416943
60.67986210408686,-1.0222065798310154,-0.6583872598933118,0.5691916811006842,-0.5666082194841123,-0.4999331385887412,0.953939201416943
60.69557006735481,-1.0131955810914341,-0.6672423341466543,0.5781147631002691,-0.5607965215059533,-0.49993314969906544,0.953939201416943
60.71127803062276,-1.0040445689041393,-0.67600520221453,0.587018324167754,-0.5548675604035621,-0.4999331613036044,0.953939201416943
60.72698599389071,-0.9947538565441542,-0.6846740126614457,0.595901502076372,-0.5488201179093373,-0.49993317342580335,0.9539392014169431
60.74269395715866,-0.9853237710922768,-0.6932468947201926,0.6047634006233058,-0.5426529508180701,-0.49993318609033327,0.9539392014169432
60.75840192042661,-0.9757546539785725,-0.7017219578988344,0.6136030883594584,-0.5363647908279056,-0.4999331993231565,0.9539392014169431
60.77410988369455,-0.9660468615461759,-0.7100972915852843,0.6224195972730922,-0.5299543443931014,-0.49993321315159733,0.953939201416943
60.7898178469625,-0.9562007656361379,-0.718370964649668,0.631211921425639,-0.5234202925899865,-0.49993322760441505,0.953939201416943
60.80552581023045,-0.946216754194085,-0.7265410250446895,0.6399790155379407,-0.5167612909976235,-0.49993324271188133,0.953939201416943
60.8212337734984,-0.9360952318994816,-0.7346054994042451,0.6487197935251249,-0.5099759695947922,-0.49993325850586257,0.9539392014169432
60.83694173676635,-0.9258366208183167,-0.7425623926405529,0.6574331269782745,-0.5030629326750224,-0.4999332750199068,0.9539392014169431
60.8526497000343,-0.9154413610800665,-0.7504096875400971,0.666117843591001,-0.4960207587815362,-0.4999332922893339,0.9539392014169432
60.86835766330225,-0.9049099115798112,-0.7581453443587141,0.6747727255289802,-0.488848000664087,-0.49993331035133276,0.9539392014169432
60.8840656265702,-0.8942427507064203,-0.7657673004161806,0.6833965077404652,-0.4815431852598298,-0.4999333292450628,0.953939201416943
60.89977358983815,-0.8834403770977474,-0.7732734696906991,0.6919878762057431,-0.47410481370050356,-0.4999333490117613,0.953939201416943
60.91548155310609,-0.8725033104238087,-0.7806617424137111,0.7005454661234559,-0.46653136134837175,-0.4999333696948566,0.953939201416943
60.93118951637404,-0.8614320921989566,-0.7879299846655119,0.7090678600316668,-0.4588212778635358,-0.49993339134008763,0.953939201416943
60.94689747964199,-0.8502272866240874,-0.7950760379721787,0.7175535858615067,-0.45097298730542046,-0.4999334139956301,0.953939201416943
60.96260544290994,-0.8388894814599612,-0.8020977189043734,0.7260011149212048,-0.44298488827142285,-0.4999334377122304,0.953939201416943
60.97831340617789,-0.8274192889327429,-0.8089928186786267,0.7344088598082652,-0.4348553540759251,-0.49993346254334337,0.953939201416943
60.99402136944584,-0.8158173466729122,-0.8157591027617646,0.7427751722475278,-0.4265827329730886,-0.4999334885452838,0.9539392014169428
61.00972933271379,-0.8040843186887255,-0.8223943104791919,0.7510983408528199,-0.41816534842708114,-0.49993351577737977,0.953939201416943
61.02543729598174,-0.7922208963754451,-0.828896154627808,0.7593765888098899,-0.40960149943363794,-0.4999335443021383,0.9539392014169428
61.04114525924969,-0.7802277995615933,-0.8352623210943927,0.7676080714782955,-0.4008894608971174,-0.4999335741854188,0.9539392014169429
61.05685322251763,-0.7681057775935207,-0.8414904684803675,0.7757908739099156,-0.39202748406749416,-0.49993360549661614,0.9539392014169428
61.07256118578558,-0.7558556104596192,-0.8475782277339099,0.783923008281755,-0.38301379704202654,-0.4999336383088526,0.9539392014169428
61.08826914905353,-0.743478109955541,-0.853523201790475,0.7920024112407198,-0.3738466053366492,-0.49993367269918154,0.9539392014169428
61.10397711232148,-0.7309741208918268,-0.8593229652228609,0.8000269411580679,-0.3645240925324746,-0.49993370874880005,0.9539392014169427
61.11968507558943,-0.7183445223453799,-0.8649750639020402,0.8079943752912663,-0.3550444210031373,-0.49993374654327555,0.9539392014169428
61.13539303885738,-0.7055902289562576,-0.8704770146700758,0.8159024068510379,-0.34540573272908875,-0.499933786172781,0.9539392014169427
61.15110100212533,-0.6927121922712853,-0.875826305026535,0.8237486419714425,-0.335606150205341,-0.49993382773234496,0.9539392014169427
61.16680896539328,-0.6797114021360369,-0.8810203928299222,0.8315305965809134,-0.32564377744957573,-0.49993387132211287,0.9539392014169426
61.18251692866123,-0.6665888881367479,-0.8860567060157631,0.8392456931722727,-0.31551670111797075,-0.4999339170476235,0.9539392014169424
61.19822489192917,-0.653345721093768,-0.8909326423330931,0.846891257469865,-0.30522299173655953,-0.49993396502009696,0.9539392014169423
61.21393285519712,-0.6399830146081804,-0.8956455691012258,0.8544645149920957,-0.29476070505642554,-0.49993401535673937,0.9539392014169424
61.22964081846507,-0.6265019266632447,-0.9001928229888153,0.8619625875078266,-0.2841278835415455,-0.4999340681810619,0.9539392014169424
61.24534878173302,-0.612903661282342,-0.9045717098173672,0.8693824893852833,-0.27332255799863325,-0.4999341236232152,0.9539392014169423
61.26105674500097,-0.5991894702451205,-0.9087795043915041,0.8767211238323585,-0.26234274935890245,-0.49993418182033983,0.9539392014169424
61.27676470826892,-0.5853606548635547,-0.9128134503584521,0.883975279027462,-0.25118647062225713,-0.49993424291693334,0.9539392014169424
61.29247267153687,-0.5714185678196438,-0.9166707600993845,0.8911416241403769,-0.2398517289750408,-0.499934307065237,0.9539392014169426
61.30818063480482,-0.5573646150664798,-0.9203486146554402,0.8982167052429278,-0.2283365280931233,-0.4999343744256348,0.9539392014169427
61.32388859807277,-0.5432002577944157,-0.9238441636914202,0.9051969411096683,-0.21663887064278028,-0.49993444516707686,0.9539392014169426
61.33959656134071,-0.5289270144640589,-0.9271545255003737,0.9120786189092418,-0.20475676099252726,-0.4999345194675166,0.9539392014169426
61.35530452460866,-0.5145464629077997,-0.9302767870524898,0.9188578897875794,-0.19268820814980173,-0.49993459751436914,0.9539392014169426
61.37101248787661,-0.5000602425015621,-0.9332080040919417,0.9255307643446684,-0.18043122893714852,-0.49993467950498705,0.9539392014169427
61.38672045114456,-0.4854700564084341,-0.9359452012855611,0.9320931080072635,-0.16798385142335068,-0.4999347656471587,0.9539392014169426
61.40242841441251,-0.4707776738957891,-0.9384853724274749,0.9385406363006298,-0.15534411862575997,-0.49993485615962113,0.9539392014169426
61.41813637768046,-0.4559849327274586,-0.9408254807040919,0.9448689100231987,-0.14251009250091873,-0.4999349512725958,0.9539392014169427
61.43384434094841,-0.44109374163244636,-0.9429624590241078,0.951073330328909,-0.12947985824142086,-0.4999350512283433,0.9539392014169426
61.44955230421636,-0.42610608285159385,-0.9448932104184828,0.9571491337229798,-0.11625152889783764,-0.49993515628173374,0.9539392014169427
61.46526026748431,-0.4110240147635069,-0.946614608515648,0.9630913869779588,-0.1028232503454247,-0.4999352667008387,0.9539392014169426
61.480968230752254,-0.3958496745909383,-0.9481234980975168,0.9688949819780778,-0.08919320661622991,-0.49993538276753974,0.9539392014169426
61.4966761940202,-0.3805852811886835,-0.9494166957422047,0.9745546305012819,-0.07535962561813105,-0.49993550477815213,0.9539392014169426
61.51238415728815,-0.36523313791389084,-0.9504909905597088,0.9800648589497457,-0.061320785263241216,-0.49993563304406374,0.9539392014169426
61.5280921205561,-0.3497956355795031,-0.9513431450271581,0.9854200030412898,-0.04707502002902324,-0.4999357678923896,0.9539392014169424
61.54380008382405,-0.33427525549134135,-0.9519698959306164,0.9906142024758624,-0.0326207279763416,-0.49993590966663504,0.9539392014169424
61.559508047092,-0.31867457256910425,-0.9523679554208104,0.9956413955931596,-0.017956378249544665,-0.4999360587273703,0.9539392014169424
61.57521601035995,-0.30299625855128776,-0.952534012190555,1.000495314039552,-0.00308051908449777,-0.49993621545290934,0.9539392014169424
61.5909239736279,-0.28724308528372755,-0.9524647327820615,1.005169477464753,0.012008213648731406,-0.4999363802399929,0.9539392014169426
61.60663193689585,-0.27141792809112814,-0.952156763032739,1.0096571882711385,0.027311087341115863,-0.49993655350446853,0.9539392014169424
61.622339900163794,-0.2555237692305602,-0.9516067296685374,1.013951526441311,0.04282926294978171,-0.4999367356819666,0.9539392014169426
61.638047863431744,-0.23956370142548633,-0.950811242054322,1.0180453444723971,0.05856378468438901,-0.4999369272285641,0.9539392014169426
61.653755826699694,-0.22354093147840245,-0.9497668941112285,1.0219312624487058,0.07451556904575588,-0.4999371286214307,0.9539392014169426
61.669463789967644,-0.20745878395966036,-0.9484702664114,1.025601663287751,0.09068539318741863,-0.4999373403594497,0.9539392014169426
61.68517175323559,-0.19132070496945974,-0.9469179284609736,1.0290486881982692,0.1070738825707071,-0.4999375629638081,0.9539392014169426
61.70087971650354,-0.1751302659693614,-0.9451064411826453,1.0322642323927596,0.12368149788399763,-0.49993779697854235,0.9539392014169427
61.71658767977149,-0.15889116767897377,-0.9430323596096001,1.0352399411012327,0.14050852119712037,-0.4999380429710344,0.9539392014169427
61.73229564303944,-0.1426072440326978,-0.9406922358030488,1.0379672059372964,0.15755504132247847,-0.49993830153244134,0.9539392014169426
61.74800360630739,-0.12628246619057643,-0.9380826220060526,1.0404371616724246,0.17482093835532264,-0.49993857327805014,0.9539392014169424
61.763711569575335,-0.10992094659637874,-0.9352000740467412,1.0426406834792565,0.19230586736686198,-0.4999388588475412,0.9539392014169424
61.779419532843285,-0.09352694307505369,-0.9320411550044331,1.0445683847100578,0.21000924122552528,-0.4999391589051433,0.9539392014169423
61.795127496111235,-0.07710486296060601,-0.9286024391525404,1.046210615282026,0.22793021252377063,-0.4999394741396631,0.9539392014169423
61.810835459379184,-0.06065926724427699,-0.9248805161924748,1.0475574607469482,0.24606765459042906,-0.49993980526437287,0.9539392014169423
61.826543422647134,-0.0441948747316481,-0.9208719957930669,1.0485987421287801,0.26442014157172133,-0.4999401530167291,0.9539392014169423
61.842251385915084,-0.02771656619592425,-0.9165735124502459,1.0493240166190165,0.28298592756786994,-0.49994051815790186,0.9539392014169423
61.857959349183034,-0.011229388513191732,-0.9119817306819017,1.0497225792262073,0.30176292481670736,-0.4999409014720908,0.9539392014169423
61.87366731245098,0.0052614412361195765,-0.9070933505729466,1.0497834654826255,0.3207486809209317,-0.49994130376559587,0.9539392014169423
61.88937527571893,0.021750531717010777,-0.9019051136856036,1.0494954553178555,0.33994035512175313,-0.49994172586561747,0.9539392014169423
61.905083238986876,0.03823231336014407,-0.8964138093498545,1.0488470782158767,0.3593346936286893,-0.49994216861875085,0.9539392014169422
61.920791202254826,0.05470103447363195,-0.8906162813487652,1.0478266197790231,0.37892800402328275,-0.49994263288914054,0.9539392014169423
61.936499165522775,0.0711507574694801,-0.8845094350130646,1.0464221298288825,0.398716128763611,-0.49994311955626314,0.9539392014169422
61.952207128790725,0.08757535522987396,-0.8780902447388501,1.044621432180704,0.41869441782671546,-0.4999436295122949,0.9539392014169422
61.967915092058675,0.1039685076406936,-0.87135576194163,1.042412136234052,0.43885770053757156,-0.4999441636590256,0.9539392014169422
61.983623055326625,0.12032369832193138,-0.8643031234590486,1.0397816505281812,0.4592002566460289,-0.4999447229042828,0.9539392014169421
61.999331018594575,0.13663421158706163,-0.8569295604135728,1.0367171984157337,0.4797157867273369,-0.49994530815781435,0.9539392014169421
62.015038981862524,0.152893129665862,-0.8492324075451121,1.0332058360127188,0.5003973819974941,-0.4999459203265968,0.9539392014169421
62.030746945130474,0.1690933302276982,-0.8412091130219839,1.0292344725861278,0.5212374936517685,-0.49994656030952056,0.9539392014169421
62.04645490839842,0.18522748424484142,-0.8328572487367925,1.0247898935427504,0.542227901853359,-0.49994722899140853,0.953939201416942
62.06216287166637,0.2012880542379679,-0.8241745210916446,1.0198587861835502,0.5633596845193157,-0.49994792723633297,0.9539392014169419
62.077870834934316,0.21726729294857386,-0.815158782274647,1.0144277683870784,0.584623186072505,-0.49994865588018955,0.953939201416942
62.093578798202266,0.23315724248559125,-0.8058080420268082,1.0084834203825632,0.6060079863515376,-0.49994941572248974,0.9539392014169421
62.109286761470216,0.24894973399598355,-0.7961204798952597,1.0020123197682178,0.6275028698951187,-0.4999502075173493,0.9539392014169421
62.124994724738166,0.26463638791149424,-0.786094457965118,0.9950010799226339,0.6490957958430903,-0.499951031963645,0.953939201416942
62.140702688006115,0.28020861482597215,-0.7757285340582929,0.9874363919465463,0.6707738687233833,-0.499951889694322,0.953939201416942
62.156410651274065,0.29565761705975907,-0.765021475383104,0.9793050702584258,0.6925233104219402,-0.4999527812648542,0.9539392014169419
62.17211861454201,0.3109743909694432,-0.7539722726136804,0.9705941019499204,0.7143294336611596,-0.4999537071408544,0.9539392014169421
62.18782657780996,0.3261497300627936,-0.7425801543727756,0.9612906999857979,0.736176617341206,-0.4999546676848634,0.9539392014169421
62.20353454107791,0.3411742289798389,-0.7308446020858432,0.951382360307397,0.7580482841272144,-0.4999556631423472,0.9539392014169421
62.21924250434586,0.3560382884017599,-0.7187653651679715,0.940856922868361,0.7799268806935372,-0.4999566936269627,0.9539392014169421
62.23495046761381,0.3707321209494623,-0.706342476498603,0.9297026365963439,0.8017938610631491,-0.4999577591051674,0.9539392014169421
62.25065843088176,0.38524575813330125,-0.6935762681318777,0.9179082282342005,0.8236296735055304,-0.4999588593802685,0.9539392014169421
62.266366394149706,0.3995690584143642,-0.6804673871829676,0.9054629749687462,0.8454137514790578,-0.4999599940760444,0.9539392014169419
62.282074357417656,0.41369171643589503,-0.6670168118229736,0.8923567807044129,0.867124509123351,-0.49996116262008217,0.9539392014169419
62.297782320685606,0.4276032734807844,-0.6532258673068718,0.8785802557830497,0.8887393418222829,-0.49996236422702056,0.9539392014169419
62.31349028395355,0.4412931292074657,-0.6390962419507225,0.864124799889858,0.9102346323685249,-0.4999635978819079,0.9539392014169418
62.3291982472215,0.4547505547119717,-0.6246300029659522,0.8489826878192865,0.9315857632645702,-0.49996486232391724,0.9539392014169419
62.34490621048945,0.4679647069582456,-0.6098296120501143,0.8331471577040641,0.9527671356921351,-0.4999661560306987,0.9539392014169419
62.3606141737574,0.48092464461199474,-0.5946979406252302,0.8166125012360439,0.9737521956706322,-0.4999674772036736,0.9539392014169419
62.37632213702535,0.493619345305373,-0.5792382846067565,0.7993741553299509,0.9945134679050083,-0.49996882375460294,0.9539392014169419
62.3920301002933,0.506037724350536,-0.5634543785785654,0.7814287946014957,1.0150225977926437,-0.4999701932937931,0.9539392014169419
62.40773806356125,0.518168654909609,-0.5473504092422266,0.7627744239508475,1.0352504020173112,-0.49997158312032486,0.953939201416942
62.4234460268292,0.5300009896168377,-0.5309310280025308,0.7434104704626054,1.0551669281045797,-0.49997299021470076,0.9539392014169421
62.43915399009715,0.5415235836356795,-0.514201362545784,0.7233378737558194,1.0747415232468984,-0.4999744112343181,0.9539392014169421
62.45486195336509,0.5527253191193832,-0.49716702726312717,0.7025591738441581,1.0939429126274653,-0.4999758425121825,0.9539392014169419
62.47056991663304,0.5635951310282887,-0.4798341323682133,0.6810785954990485,1.1127392873797144,-0.49997728005925623,0.9539392014169421
62.48627787990099,0.5741220342407539,-0.46220929155719864,0.65890212804971,1.1310984022139772,-0.4999787195708236,0.9539392014169421
62.50198584316894,0.5842951518774453,-0.44429962805938744,0.6360375995057909,1.1489876826250776,-0.4999801564372205,0.9539392014169421
62.51769380643689,0.5941037447408967,-0.4261127789291976,0.612494743853129,1.1663743414651757,-0.499981585759225,0.9539392014169421
62.53340176970484,0.6035372417539588,-0.4076568974345612,0.5882852603533609,1.1832255045264135,-0.49998300236835236,0.9539392014169421
62.54910973297279,0.6125852712623095,-0.388940653403595,0.5634228636759308,1.199508344629557,-0.4999844008522225,0.9539392014169421
62.56481769624074,0.6212376930478472,-0.3699732314004825,0.5379233237085941,1.2151902235601189,-0.4999857755850703,0.9539392014169422
62.58052565950869,0.6294846308818848,-0.35076432661308893,0.5118044939315722,1.2302388410350107,-0.4999871207633866,0.9539392014169421
62.59623362277663,0.6373165054299439,-0.3313241383489184,0.4850863273025361,1.2446223897237216,-0.4999884304465445,0.9539392014169422
62.61194158604458,0.6447240673039899,-0.3116633610525948,0.4577908786855732,1.2583097151917897,-0.49998969860216824,0.9539392014169423
62.62764954931253,0.6516984300435341,-0.2917931727770464,0.42994229296765535,1.2712704794847027,-0.49999091915585225,0.9539392014169422
62.64335751258048,0.6582311027945372,-0.2717252210618476,0.4015667781406762,1.2834753269313064,-0.49999208604472545,0.9539392014169421
62.65906547584843,0.6643140224448587,-0.25147160619553494,0.37269256278499047,1.29489605062141,-0.499993193274223,0.953939201416942
62.67477343911638,0.669939584967466,-0.231044861863901,0.34334983756992,1.3055057579066334,-0.4999942349773012,0.9539392014169421
62.69048140238433,0.6751006757180678,-0.21045793321294837,0.3135706805855142,1.315279033190535,-0.49999520547522913,0.953939201416942
62.70618936565228,0.6797906984325519,-0.1897241523829803,0.283388966534815,1.3241920962173177,-0.4999960993389835,0.953939201416942
62.72189732892023,0.6840036026718095,-0.16885721159876843,0.2528402600431314,1.332222954041039,-0.49999691145021385,0.9539392014169419
62.73760529218817,0.6877339094673842,-0.14787113392939005,0.22196169357587986,1.3393515448618034,-0.4999976370606707,0.9539392014169419
62.75331325545612,0.6909767349309728,-0.1267802418596486,0.1907918306943738,1.3455598719536401,-0.49999827184898726,0.9539392014169419
62.76902121872407,0.6937278116041281,-0.10559912384244227,0.15937051561413318,1.3508321259816056,-0.49999881197369656,0.9539392014169419
62.78472918199202,0.6959835073414946,-0.08434259902747965,0.12773871025718458,1.3551547941130375,-0.499999254121407,0.953939201416942
62.80043714525997,0.6977408415413582,-0.0630256803858172,0.0959383202027497,1.3585167544687944,-0.4999995955491342,0.953939201416942
62.81614510852792,0.6989974985609616,-0.04166353647130151,0.06401201113413324,1.3609093546326767,-0.49999983411987614,0.9539392014169419
62.83185307179587,0.6997518381805632,-0.020271452078660757,0.03200301754834405,1.36232647313797,-0.49999996833066407,0.953939201416942
