project_id,id,statement,rationale,verification,evidence,execution_status
A01,A01-R1,"Every pixel shall retain certified-interior, certified-exterior, escaped-point or unresolved status.",Finite nonescape is not an interior proof.,Audit status and certificate identifiers.,Mathematical contract; rendering results pending.,specified; evidence pending
A01,A01-R2,Proposed coordinate target: absolute construction error below one eighth of pixel width.,Precision must resolve neighboring pixels.,Compare exact-decimal parsing at doubled precision.,Proposed numerical design tolerance.,specified; evidence pending
A01,A01-R3,"Julia scenes shall record fixed c, z0 and a justified escape radius.",Radius two is not a universal arbitrary-Julia bound.,Replay analytic exterior/fixed-point fixtures.,Quadratic-map inequality below.,specified; evidence pending
A01,A01-R4,Proposed benchmark gate: zero contradictory certified classifications; count all unresolved pixels.,Performance gains require auditable fidelity.,Independent precision and certificate comparisons.,"Proposed acceptance, not observed performance.",specified; evidence pending
A02,A02-R1,All solutions shall conserve every species and reject negative phase amounts.,A plausible minimum can still be infeasible.,Proposed residual target below 10^-8 of total molar inventory.,Numerical target; not laboratory precision.,specified; evidence pending
A02,A02-R2,Equilibrium output shall retain competing minima and a stability assessment.,Local minima may represent metastability.,Multistart and tangent-plane comparisons.,Gibbs minimization; published phase sections.,specified; evidence pending
A02,A02-R3,Proposed seasonal energy-closure target: 0.1% of integrated incident energy.,Latent/conductive sign errors mimic transitions.,Compare accumulated fluxes with storage change.,Proposed solver gate.,specified; evidence pending
A02,A02-R4,"Spectral comparisons shall declare temperature, composition and grain-size assumptions.",Band behavior is not uniquely compositional.,Repeat inference with alternate grain models.,PDS product context and optical nuisance model.,specified; evidence pending
A03,A03-R1,"Every run shall identify EOS, mass, envelope, gap channel and redshift convention.",Structural choices can mimic pairing.,Reject incomplete manifests and reproduce a baseline.,NSCool configuration contract.,specified; evidence pending
A03,A03-R2,Isolated rotation shall conserve total angular momentum; proposed relative drift target is 10^-8.,Internal friction transfers angular momentum.,Zero-torque integration and analytic comparison.,Derived conservation; proposed tolerance.,specified; evidence pending
A03,A03-R3,Likelihoods shall preserve temperature/age and timing covariance and censoring.,Derived temperature is atmosphere dependent.,Audit correlated synthetic recovery and age bounds.,Observation-model requirement.,specified; evidence pending
A03,A03-R4,Gap conclusions shall include at least two declared envelope/EOS alternatives.,Fixed nuisance assumptions overstate identification.,Compare posterior/profile shifts and predictive residuals.,Proposed inference gate; no new constraint claimed.,specified; evidence pending
A04,A04-R1,"Every rule shall enumerate its finite state count, message alphabet and scheduler assumptions.",Unbounded likelihood accumulation cannot support constant-memory claims.,Inspect transition table and model-check small instances.,Amoebot model contract.,specified; evidence pending
A04,A04-R2,"Proposed independent-case false-alarm target is 0.01, with binomial interval and sample count.",Threshold quality depends on a declared null model.,Held-out target-absent Monte Carlo trials.,Design target; measured performance unknown.,specified; evidence pending
A04,A04-R3,Check graph connectivity after every permitted movement.,Disconnected components lose global evidence.,Assert invariants and enumerate small graph moves.,Declared legal-motion assumptions.,specified; evidence pending
A04,A04-R4,The offline evaluator shall count each observation only once.,Cycles can recirculate evidence into false confidence.,Replay duplicate message IDs and compare single delivery.,Provenance requirement; bounded approximations flag residual error.,specified; evidence pending
A05,A05-R1,Each inferred viscosity/velocity pair shall include joint covariance or an identifiability warning.,Passive drag often constrains their product.,Examine sensitivity rank and profile likelihood.,Inverse-model requirement; no claimed device accuracy.,specified; evidence pending
A05,A05-R2,Proposed linear-model gate: peak displacement below 0.1L and reported Reynolds number below 0.1.,The reduced beam/drag assumptions need an explicit envelope.,Compute nondimensional indicators and compare nonlinear simulations.,"Proposed screening thresholds, not universal limits.",specified; evidence pending
A05,A05-R3,Temperature and actuation response shall be separately identified or marked unconstrained.,Thermal readout changes can imitate flow.,Fit temperature-only and drive-only reference records.,Existing sensor precedent plus proposed calibration decomposition.,specified; evidence pending
A05,A05-R4,Proposed fusion target: held-out error below passive-only error at equal bandwidth and energy budget.,An active array must earn its added complexity.,Compare paired held-out prediction intervals.,Design objective; gains not measured.,specified; evidence pending
A06,A06-R1,Every P66 claim shall cite specimen/preparation context and an identifiable published observation.,Different literature preparations are not interchangeable.,Audit claim-to-evidence records against source tables/figures.,Existing P66 primary studies.,specified; evidence pending
A06,A06-R2,"Sequence analyses shall preserve accession, version and residue numbering.",Untracked isoforms corrupt topology comparison.,Hash retrieved public sequence and map annotated residues.,Reproducibility requirement.,specified; evidence pending
A06,A06-R3,Purity and state-homogeneity outputs shall be reported separately.,One dominant band does not establish a unique oligomer.,Check separate mixture and state-evidence fields.,"Analytical distinction, not a new measurement.",specified; evidence pending
A06,A06-R4,Proposed digitization gate: extraction uncertainty below one quarter of plotted separation being interpreted.,Low-resolution figures can create spurious state distinctions.,Repeat independent digitization and propagate axis/pixel errors.,Proposed screening criterion; inadequate data marked unavailable.,specified; evidence pending
A07,A07-R1,"Every fraction record shall retain input mass, recovered mass and detection limits.",Compositional shifts can arise from unequal recovery.,Check total recovery and species-specific ledgers.,Operational fractionation measurement contract.,specified; evidence pending
A07,A07-R2,"Zeros shall be classified as below detection, structural zero or missing before log-ratio analysis.",A common pseudocount changes biological conclusions.,Audit zero policy and repeat sensitivity alternatives.,Compositional-analysis requirement.,specified; evidence pending
A07,A07-R3,"Cell-line identity, batch and copy-number provenance shall accompany all status contrasts.",A single line pair does not isolate cancer.,Inspect design matrix rank and confounding report.,Causal limitation established in dossier.,specified; evidence pending
A07,A07-R4,Proposed statistical gate: report effect intervals and false-discovery control at q=0.05 for genomic families.,Multiple genomic tests otherwise inflate positives.,Recompute correction with declared family and independent holdout.,Proposed reporting threshold; no new discovery.,specified; evidence pending
A08,A08-R1,"Each run shall specify envelope/Fourier convention, input phase retrieval and energy normalization.",Sign or normalization errors can produce fictitious compression.,Round-trip transforms and energy checks.,Envelope model contract.,specified; evidence pending
A08,A08-R2,Proposed numerical gate: lossless propagation energy drift below 10^-6.,Splitting and window errors must be controlled.,"Refine time window, grid and step independently.",Proposed solver target.,specified; evidence pending
A08,A08-R3,Main-pulse energy shall use a fixed preregistered time window or reproducible pulse-selection rule.,Changing windows can inflate compression quality.,Apply one rule to all candidate and baseline outputs.,Metric-definition requirement.,specified; evidence pending
A08,A08-R4,Report phase/amplitude sensitivity and supplied fluence constraints for every selected design.,Optimum performance may be fragile or outside authorized limits.,Perturb input and mirror phase; reject unspecified constraint status.,Proposed design gate; no hardware qualification.,specified; evidence pending
A09,A09-R1,"Flux, spectral-index sign and rest-frequency conventions shall be explicit.",K-corrections change with sign convention.,Recompute luminosities from catalog metadata and synthetic limits.,Existing catalog/source definitions.,specified; evidence pending
A09,A09-R2,Each weighted fraction shall retain completeness uncertainty and effective sample size.,Large inverse weights can dominate the majority claim.,Inspect weight distribution and selection-model sensitivity.,Population-estimator requirement.,specified; evidence pending
A09,A09-R3,Nondetections shall enter as limits rather than disappear from the sample.,Discarding faint counterparts biases classes.,Compare sample ledger before and after likelihood assembly.,Censored-data requirement.,specified; evidence pending
A09,A09-R4,Proposed majority criterion: interval lower bound above 0.5 under the primary label and stated flux range.,A point estimate alone is weak evidence.,Bootstrap by sky region and vary predefined class alternatives.,Proposed inferential criterion; no new fraction claimed.,specified; evidence pending
A10,A10-R1,"All profiles shall record air/vacuum convention, rest wavelength and barycentric time/correction provenance.",Convention offsets can dominate subtle cycle changes.,Round-trip wavelength/velocity and time tests.,Spectroscopic measurement contract.,specified; evidence pending
A10,A10-R2,Bisector depth and continuum rule shall remain fixed across cycles.,Changing estimator definitions produces false variability.,Replay common synthetic and archived profiles.,Published bisector approach; proposed consistency gate.,specified; evidence pending
A10,A10-R3,Delay kernels shall be nonnegative and integrate to one.,An unconstrained kernel can invent gain or anti-causal response.,Numerical normalization and support checks.,Physical response interpretation.,specified; evidence pending
A10,A10-R4,Proposed selection gate: added wind terms improve withheld-cycle predictive likelihood with uncertainty.,Extra parameters can fit dense periastron sampling only.,Leave-one-cycle-out comparison at unchanged orbit priors.,Proposed model-selection criterion; outcomes unknown.,specified; evidence pending
A11,A11-R1,Each functional-group assignment shall cite at least two distinguishable evidence classes or remain tentative.,Mass formula alone admits constitutional isomers.,Audit assignment-to-spectrum/exchange links.,Existing organosulfur primary studies.,specified; evidence pending
A11,A11-R2,"Every GRA/Murchison comparison shall preserve specimen, fraction and method provenance.",Operational extracts need not represent bulk composition.,Reject unmatched quantitative comparisons.,Specimen-context requirement.,specified; evidence pending
A11,A11-R3,"XANES mixture coefficients shall be nonnegative and normalized, with residuals retained.",An unconstrained fit can create nonphysical components.,Constrained fitting and independent reconstruction.,Spectral-mixture contract.,specified; evidence pending
A11,A11-R4,Proposed assignment gate: confidence classification remains stable under calibration uncertainty and alternate plausible standards.,Closely overlapping sulfur features can be indistinguishable.,Sensitivity ensemble and leave-standard-out fitting.,Proposed robustness criterion; no new thiol identification.,specified; evidence pending
A12,A12-R1,"Mixtures shall be formed in isotope-number space, with yield normalization and condensation assumptions documented.",Averaging ratios generally violates physical weighting.,Reconstruct ratios from mixed counts and check endmembers.,Corrected isotope-model contract.,specified; evidence pending
A12,A12-R2,Every mass-50 observation shall retain Ti/Cr attribution and interference uncertainty.,Unresolved contributions can change source interpretation.,Audit correction and alternate interference scenarios.,Existing coupled isotope study.,specified; evidence pending
A12,A12-R3,Beam dilution shall use isotope/element-specific response or state a justified common factor.,Elemental concentrations alter denominator weighting.,Compare full count mixing with ratio approximation.,Measurement-model requirement.,specified; evidence pending
A12,A12-R4,Proposed acceptance: synthetic known-source intervals cover truth at nominal 95% frequency within sampling uncertainty.,Mixture inference should not appear precise under nonidentifiability.,Repeat simulated recovery over source/dilution ensembles.,Proposed calibration target; no measured source result.,specified; evidence pending
B01,B01-R1,"Every modeled chemistry value shall retain sample identifier, collection date, method, qualifier and source-table row; proposed completeness target is 100%.",Renamed springs otherwise create artificial trends.,Validate foreign keys and audit a stratified sample.,Archive metadata; proposed contract.,specified; evidence pending
B01,B01-R2,Use only predictors available before each held-out annual deformation target; reserve a complete final temporal block.,Prevents lag selection and smoothing from borrowing future information.,Inspect chronological dependency graph.,Proposed forecast protocol.,specified; evidence pending
B01,B01-R3,Report hydrology-only and chemistry-augmented RMSE in mm with paired year-block intervals.,Added chemistry must show incremental skill.,Recompute scores from saved predictions.,Existing governing comparison.,specified; evidence pending
B01,B01-R4,"Flag failed charge balance using a predeclared method-specific tolerance, TBD from assay guidance, rather than deleting silently.",Assay bias can resemble mixing.,Review ion-equivalent calculations and exclusions.,USGS methods; tolerance TBD.,specified; evidence pending
B02,B02-R1,Each occupancy site-season shall contain repeat-visit histories with effort and weather; proposed minimum is three visits when feasible.,Single observations cannot separate absence and nondetection.,Audit history completeness and sensitivity to fewer visits.,Proposed sampling target.,specified; evidence pending
B02,B02-R2,Candidate portfolios shall satisfy declared lifecycle budget B and annual water cap Q in every accepted scenario.,Plans must be maintainable.,Independent cost/water ledger calculation.,Community constraints TBD.,specified; evidence pending
B02,B02-R3,Bloom-resource coverage shall be resolved by week and by pollinator group.,Seasonal gaps are hidden in annual totals.,Recompute species-week matrix.,Proposed temporal resolution.,specified; evidence pending
B02,B02-R4,Publish raw encounter locations only under site-owner and community permissions; aggregated outputs must pass access review.,Private gardens and vulnerable taxa require governed release.,Inspect export policy and sample maps.,Study governance requirement.,specified; evidence pending
B03,B03-R1,"Every fix shall retain timestamp, coordinate reference, location uncertainty and transmitter status.",Straight lines between uncertain fixes can invent crossings.,Check metadata and reconstruct uncertainty buffers.,Authorized telemetry contract.,specified; evidence pending
B03,B03-R2,"Classify crossing evidence as observed, plausible or unresolved; no unresolved interval shall count as a confirmed crossing.",Avoid false precision from sparse cadence.,Review trajectory-road intersections across error draws.,Proposed evidence classes.,specified; evidence pending
B03,B03-R3,Movement validation shall hold out complete individuals; mortality evaluation shall preserve interval censoring.,Repeated fixes are not independent animals.,Audit split and likelihood construction.,Proposed inference protocol.,specified; evidence pending
B03,B03-R4,Exported maps shall omit precise refuges and individual identifiers and obey investigator-approved spatial suppression.,Protect vulnerable wildlife and private sites.,Inspect generated release layers.,Access agreement required.,specified; evidence pending
B04,B04-R1,"Every series shall have verified platform, receiver frequency, antenna footprint, gain history and clock convention before absorption is published.",Geometry determines the observable.,Metadata gate with unresolved-platform state.,Instrument provenance requirement.,specified; evidence pending
B04,B04-R2,Quiet-day power shall be positive and sidereal-time indexed; disturbed intervals and gain transitions shall be excluded by a recorded rule.,A calendar-time average biases cosmic-noise baseline.,Inspect baseline residuals by sidereal phase.,Riometer processing source.,specified; evidence pending
B04,B04-R3,"Absorption output shall preserve RFI, saturation and baseline uncertainty flags at original cadence.",Power contamination otherwise becomes physical absorption.,Synthetic interference and clipping tests.,Proposed quality contract.,specified; evidence pending
B04,B04-R4,"Any link attenuation extrapolation shall state path, frequency ratio and validity domain and remain separate from measured absorption.",f^-2 scaling is conditional.,Review model assumptions and compare regime limits.,Existing collisional model.,specified; evidence pending
B05,B05-R1,Represent onset between the last valid absence and first presence; never replace the interval with an exact observation date.,Sampling cadence limits timing precision.,Inspect reconstructed onset bounds.,NPN observation semantics.,specified; evidence pending
B05,B05-R2,Proposed resource accounting uses weekly bins and separately reports establishment-year and mature planting scenarios.,Annual overlap hides restoration gaps.,Recompute weekly balance from species matrix.,Proposed design resolution.,specified; evidence pending
B05,B05-R3,"Species transfer outside observed temperature, moisture or elevation support shall carry an extrapolation flag.",Desert climate relationships may differ.,Compare deployment envelope with training ranges.,Proposed applicability gate.,specified; evidence pending
B05,B05-R4,"Each optimized mixture shall satisfy declared water, area and cost bounds across retained uncertainty draws or disclose violation probability.",Planting advice must remain feasible.,Independent portfolio ledger.,Local constraints TBD.,specified; evidence pending
B06,B06-R1,"Every ozone record shall retain AQS parameter, method, duration, units, qualifier and local/UTC timestamps.",Mixed averaging durations bias daily maxima.,Audit API fields and daily aggregation.,EPA AQS documentation.,specified; evidence pending
B06,B06-R2,Compute maximum daily eight-hour ozone only from windows satisfying the applicable documented data-completeness rule; rule version must be recorded.,Missing hours must not create false low exposure.,Synthetic missing-window test.,AQS convention; version verified at execution.,specified; evidence pending
B06,B06-R3,Chemistry sensitivity runs shall use identical meteorology and boundary conditions across vegetation/anthropogenic perturbations.,Separates forcing changes from source scenarios.,Compare frozen scenario manifests.,Proposed attribution protocol.,specified; evidence pending
B06,B06-R4,Report plant-emission effects with transport/deposition sensitivity and species-factor ranges; no universal satellite-ratio regime threshold.,Sparse VOC measurements limit inference.,Review uncertainty panels and assumptions.,Existing model limitations.,specified; evidence pending
B07,B07-R1,Track parent and identified products on an element-specific molar basis with molecular identity and analytical recovery.,Total analyte mass changes across transformations.,Audit stoichiometry and mg-to-g conversions.,Existing carbon-accounting model.,specified; evidence pending
B07,B07-R2,Every nondetection shall retain its reporting limit and method; missing benchmarks shall remain unresolved.,Zero substitution understates concentration and hazard.,Censored-likelihood and benchmark-null tests.,Proposed analytical contract.,specified; evidence pending
B07,B07-R3,"Distinguish dissolved loss, sorption, identified transformation and verified mineralization in all outputs.",Parent removal alone is ambiguous.,Review endpoint lineage and measured pools.,Primary remediation evidence.,specified; evidence pending
B07,B07-R4,Rate transfer shall remain within published matrix/redox support or be tagged extrapolated.,Controlled studies may not represent field transport.,Compare scenario metadata to source envelope.,Proposed applicability gate.,specified; evidence pending
B08,B08-R1,"Each treated reach shall retain installation-date uncertainty, structure condition, contributing area and matched-control rationale.",Placement and maintenance confound treatment effects.,Audit reach register and date ranges.,Primary field design context.,specified; evidence pending
B08,B08-R2,Cover fractions shall use consistent functional-group definitions and sum to 100% within stated classification error.,NDVI is not herb/shrub composition.,Compare field and imagery compositional ledger.,Proposed endpoint contract.,specified; evidence pending
B08,B08-R3,Estimate pretreatment trend differences and publish failures before interpreting a treatment coefficient.,Nonrandom placement violates causal assumptions.,Event-study pretrend review.,Proposed comparison design.,specified; evidence pending
B08,B08-R4,Water accounting shall include upstream inflow and downstream outflow; any downstream deficit is a reported tradeoff.,Local retention can redistribute water.,Independent catchment balance calculation.,Existing hydrologic model.,specified; evidence pending
B09,B09-R1,"Every displayed concentration shall resolve to a sample, method, date, qualifier and exact archive row.",Historical assays cannot be silently merged.,Relational lineage audit with proposed 100% join completeness.,USGS release metadata; proposed target.,specified; evidence pending
B09,B09-R2,Charge balance shall use equivalents rather than mg/L sums and preserve incomplete-ion flags.,Different ion valences alter electroneutrality accounting.,Known-ion conversion tests.,Existing geochemical equation.,specified; evidence pending
B09,B09-R3,Do not interpolate across hydrothermal-basin boundaries without a separately evaluated cross-basin model.,Smooth surfaces can join disconnected systems.,Boundary-masking integration test.,Proposed geologic support rule.,specified; evidence pending
B09,B09-R4,Spatial validation shall hold out complete features and time windows; pixel-level random splits are prohibited.,Nearby replicates otherwise leak site chemistry.,Audit feature/date folds.,Proposed evaluation design.,specified; evidence pending
B10,B10-R1,"Reflectance comparisons shall use documented sensor harmonization, cloud masks and matched seasonal windows.",Sensor/season changes resemble vegetation loss.,Scene-manifest and composite audit.,HLS product documentation.,specified; evidence pending
B10,B10-R2,"Separate tree canopy, general greenness, surface temperature and air-temperature estimates in every output.",NDVI and thermal imagery have different meanings.,"Inspect field names, labels and validation routes.",Existing measurement distinctions.,specified; evidence pending
B10,B10-R3,Population-weighted exposure shall use contemporaneous population surfaces and retain boundary-version sensitivity.,Changing neighborhoods bias trends.,Recalculate on stable and historical boundaries.,Proposed demographic contract.,specified; evidence pending
B10,B10-R4,Publish only community-approved aggregation and uncertainty; precise household or culturally sensitive locations remain governed.,Data linkage can exceed consent.,Release-policy audit against data authority register.,Local governance requirement.,specified; evidence pending
B11,B11-R1,"Every confirmed obligation shall link to document hash, page, quoted support, reviewer and effective-date evidence; proposed traceability target is 100%.",Text summaries can lose controlling authority.,Foreign-key/provenance audit.,Proposed ledger requirement.,specified; evidence pending
B11,B11-R2,Preserve immutable prior versions and explicit supersedes/conflict links; no extraction may silently overwrite status.,Institutional history is essential.,Replay revision-chain fixtures.,Proposed append-only design.,specified; evidence pending
B11,B11-R3,"Roster shall identify each site, state, scope and roster-source date; differences from the ten-site 2023 baseline require reviewed evidence.",Historical nine-site descriptions are not current proof.,Roster reconciliation report.,Verified DOE fact sheet.,specified; evidence pending
B11,B11-R4,"Coverage denominator shall be an independently reviewed obligation corpus, and monitoring nondetection shall retain reporting limit.",Public completeness and zero concentration cannot be assumed.,Corpus and analytical-field audit.,Existing coverage/monitoring distinctions.,specified; evidence pending
B12,B12-R1,"Every morphometric metric shall cite DEM resolution, vertical datum, mask and mapped unit/contact version.",Terrain support controls inferred volume.,Recompute metrics from frozen raster/vector inputs.,USGS map and DEM contract.,specified; evidence pending
B12,B12-R2,"Rheology shall specify yield rule, consistency units and regularization; numerical flow shall preserve nonnegative thickness.",Ambiguous viscosity/yield implementations alter runout.,Constitutive and conservation tests.,Existing Herschel–Bulkley model.,specified; evidence pending
B12,B12-R3,Hold out complete contact segments or transects from calibration.,Nearby DEM pixels do not provide independent evidence.,Audit spatial split and score retained metrics.,Proposed reconstruction protocol.,specified; evidence pending
B12,B12-R4,Report parameter families and erosional alternatives; no extrusion duration or age shall be called measured without independent evidence.,Inverse geometry is nonunique.,Profile discharge/rheology and chronology lineage.,Existing model limitations.,specified; evidence pending
B13,B13-R1,"Each reference object shall declare box, polygon or raster-mask annotation type and biological instance definition.",Box overlap cannot validate mask boundaries.,Annotation/license audit.,NEON benchmark metadata.,specified; evidence pending
B13,B13-R2,Tiles sharing crowns or acquisition/site context shall stay in the same split.,Adjacent tiles otherwise leak validation objects.,Spatial-object split audit.,Proposed evaluation requirement.,specified; evidence pending
B13,B13-R3,"Report instance precision/recall, mask IoU, centroid error m and ecological count bias separately by crown size/overlap.",Image averages conceal small-object omission.,Stratified object evaluation.,Proposed ecological score contract.,specified; evidence pending
B13,B13-R4,Abundance correction shall use independently calibrated truth and detection probabilities with uncertainty; unfamiliar habitats shall support abstention.,Raw counts and model confidence are biased.,Holdout calibration and support tests.,Existing corrected-count model.,specified; evidence pending
B14,B14-R1,"Every infiltration series shall retain device geometry, imposed tension, contact protocol, elapsed time and cumulative volume.",Tension-device coefficients do not automatically equal saturated conductivity.,Metadata and device-equation audit.,Primary parameterization guidance.,specified; evidence pending
B14,B14-R2,"Preserve the historical greater-infiltration direction as a reported sampled-plot context, with all new effect estimates explicitly pending raw data.",A universal reduced-infiltration premise would reverse evidence.,Narrative/evidence lineage review.,Historical symposium abstract.,specified; evidence pending
B14,B14-R3,"Fit plot-level distributions and report burn contrasts conditional on moisture, litter, carbon and texture support.",Point measurements are heterogeneous.,Hierarchical residual and covariate support checks.,Proposed inference protocol.,specified; evidence pending
B14,B14-R4,"Watershed runoff products shall state spatial aggregation, rainfall intensity and tension-to-effective-parameter assumptions.",Point means may not represent storm infiltration.,Independent runoff ledger and scale-sensitivity test.,Existing scale limitation.,specified; evidence pending
B15,B15-R1,"Each run shall freeze force/thermal boundaries, rheology, density law, time conversion and mesh configuration.",Different boundary histories invalidate comparisons.,Manifest and dimensional audit.,Proposed reproducibility contract.,specified; evidence pending
B15,B15-R2,"Proposed solver target: discrete normalized divergence and energy-balance residuals below 10^-5, subject to demonstrated mesh convergence.",Numerical artifacts must not mimic flattening.,Independent residual calculator.,"Proposed numerical target, not geologic threshold.",specified; evidence pending
B15,B15-R3,Score slab geometry and at least one independent upper-plate/thermal observation group with covariance.,One shape cannot identify a mechanism.,Observation-group score audit.,Primary modeling context.,specified; evidence pending
B15,B15-R4,Surrogates shall flag outside-ensemble inputs and retain failed/unstable runs in the audit trail.,Regime boundaries can defeat interpolation.,Held-out and failure-envelope review.,Proposed emulator contract.,specified; evidence pending
B16,B16-R1,"Every sample shall retain study, exposure platform, strain label, biological-replicate identity and available batch/oxygen metadata.",Exposure confounding can overwhelm a small study.,Metadata matrix and design-rank audit.,NASA archive provenance.,specified; evidence pending
B16,B16-R2,"Classify evidence separately as author-reported susceptibility, expression association or mechanistic speculation.",Transcripts cannot establish resistance.,Evidence-table lineage review.,Existing scope distinction.,specified; evidence pending
B16,B16-R3,"Proposed inferential reporting uses Benjamini–Hochberg adjusted q<=0.05 for declared expression families, alongside effect intervals and replication.",Multiple comparisons need transparent control.,Recompute adjusted values on synthetic p-values.,Proposed analysis convention.,specified; evidence pending
B16,B16-R4,Release only retrospective aggregate evidence and pipeline provenance; no prioritized enhancement targets or biological procedures.,Keeps the work within its authorized analytical scope.,Deliverable content review.,Nonoperational project boundary.,specified; evidence pending
B17,B17-R1,"No household/harvest linkage or public release shall occur without recorded community data authority, permitted purpose and aggregation rules.",Subsistence knowledge is not automatically public data.,Governance-policy and export audit.,CARE framework and local rules.,specified; evidence pending
B17,B17-R2,"Catch shall retain species, period, effort unit, gear/access context and reporting coverage; informal harvest is not assigned zero.",Recorded catch may omit subsistence activity.,Completeness and missing-harvest review.,FAO context; proposed contract.,specified; evidence pending
B17,B17-R3,"Model ecological biomass change, access restriction and household dependence as separate pathways.",A smaller catch may reflect effort or access.,Endpoint/model-structure review.,Existing vulnerability distinction.,specified; evidence pending
B17,B17-R4,Adaptation rankings shall publish scenario distributions and sensitivity to locally selected weights/costs.,Values and uncertain futures shape priorities.,Independent multiobjective recomputation.,Participatory design requirement.,specified; evidence pending
B18,B18-R1,"Every carbon estimate shall retain observation platform, calibration/QC flags, carbonate-system inputs and covariance.",Derived float pCO2 has shared model uncertainty.,Provenance and carbonate-input audit.,SOCCOM reference documentation.,specified; evidence pending
B18,B18-R2,Preserve positive ocean-to-air sign and convert microatmospheres to atmospheres before multiplying by solubility.,Sign/unit errors reverse carbon-budget interpretation.,Known-gradient flux tests.,Existing flux equation.,specified; evidence pending
B18,B18-R3,Separate measured-support integration from gap-filled regional/annual estimates with explicit area-time coverage.,Winter sampling is uneven.,Independent coverage ledger.,Proposed budget contract.,specified; evidence pending
B18,B18-R4,Storm comparisons shall hold out whole events/floats and use matched seasonal/background intervals.,Repeated profiles are correlated.,Event/float split audit.,Primary storm study context.,specified; evidence pending
B19,B19-R1,"Every interval shall retain data level, cadence, antenna/bias state, receiver response and quality flags.",Instrument state changes alter spectral inference.,Metadata/product audit.,SPASE/FIELDS documentation.,specified; evidence pending
B19,B19-R2,Density shall use one explicit SI or cm^-3 convention and temperature shall preserve K/eV conversion.,Plasma-frequency conversions are easy to mis-scale.,Analytic unit fixture.,Existing plasma-frequency model.,specified; evidence pending
B19,B19-R3,Structure boundaries shall be defined independently of the QTN response being tested.,Response-selected intervals create circular association.,Boundary-source and selection audit.,Proposed study design.,specified; evidence pending
B19,B19-R4,Hold out complete encounters and match radial/context ranges; unconstrained temperature/tail parameters shall be flagged.,Radial trends and fit degeneracy mimic structure effects.,Encounter-fold and likelihood-profile checks.,Primary QTN context.,specified; evidence pending
B20,B20-R1,"Each target result shall identify the actual element, validated assay and analytical recovery; Al-only records shall be labeled surrogate.",Al and Y are different analytes.,Element/assay provenance audit.,Existing corrected provenance.,specified; evidence pending
B20,B20-R2,"Account separately for feed, residual dissolved, sorbed, precipitated, product and unmeasured target mass.",Removal may be precipitation or contaminated biomass.,Independent elemental ledger.,Primary recovery evidence.,specified; evidence pending
B20,B20-R3,Recovery and purity shall require measured product mass/composition; sorption capacity alone is insufficient.,Useful recovered material is the objective.,Endpoint evidence gate.,Primary desorption context.,specified; evidence pending
B20,B20-R4,"Compare costs per kg recovered target with cycle degradation and waste inventories, all on a stated dry-mass/price basis.",Capacity does not establish economic benefit.,Units and lifecycle scenario review.,Proposed assessment contract.,specified; evidence pending
B21,B21-R1,"Freeze proteome, coding-sequence, domain and phylogeny releases with one-to-one identifiers and taxon crosswalks.",Annotation changes can mimic species effects.,Checksum and join-completeness audit.,UniProt documentation.,specified; evidence pending
B21,B21-R2,Reproduce published CAIS normalization exactly on available author benchmarks; proposed numerical tolerance is 10^-8 for identical inputs.,Conceptual codon divergence is not the complete published index.,Reference-vector comparison.,Primary study; proposed computational tolerance.,specified; evidence pending
B21,B21-R3,Separate within-homologous-domain association from changes in domain composition and sequence length.,Proteome mixtures confound comparative effects.,Matched-domain and aggregate decomposition.,Primary comparative context.,specified; evidence pending
B21,B21-R4,Validate across complete clades and multiple supported disorder predictors; thresholds shall be chosen within training analyses.,Related species and predictor biases inflate certainty.,Clade split and predictor-sensitivity audit.,Proposed generalization protocol.,specified; evidence pending
B22,B22-R1,"Each sequence/expression record shall retain accession, genome release, ortholog/paralog status and sample/batch metadata.",Duplications and annotation shifts alter evolutionary conclusions.,Identifier/alignment audit.,Primary genome and expression sources.,specified; evidence pending
B22,B22-R2,Stoichiometric models shall conserve atoms/charge and explicitly account for ATP and electron requirements.,Unbalanced reactions create false energetic feasibility.,Element/charge matrix checks.,Canonical nitrogenase accounting.,specified; evidence pending
B22,B22-R3,Tree and ancestral outputs shall retain model/branch uncertainty; point reconstructions shall not be called historical sequences.,Deep-time alternatives are nonunique.,Alternative-tree and posterior-support review.,Proposed computational contract.,specified; evidence pending
B22,B22-R4,Compare predictions only with existing published phenotypes; deliverables shall contain no operational genetic or adaptation design.,Keeps the original evolutionary question within retrospective scope.,Artifact/scope review.,Nonexperimental project boundary.,specified; evidence pending
B23,B23-R1,"Freeze basin boundary, action units, decision horizon, loss function and delivery deadline before model selection.",An accurate late forecast can be useless.,Stakeholder decision-contract review.,Proposed operational-analysis gate.,specified; evidence pending
B23,B23-R2,"Gauge records shall retain station/rating changes, units, qualifiers and retrieval/availability times.",Reference flow and operational latency differ.,API metadata and latency audit.,USGS Water Data documentation.,specified; evidence pending
B23,B23-R3,Forecast evaluation shall use chronological whole-event folds and a persistence baseline.,Random time splits leak hydrologic memory.,Fold/dependency audit.,Proposed validation protocol.,specified; evidence pending
B23,B23-R4,"Report interval coverage, water-balance residual and decision regret; complexity is accepted only with meaningful held-out decision improvement.",Hydrograph skill alone is insufficient.,Independent scoring and policy replay.,Existing decision-loss model.,specified; evidence pending
B24,B24-R1,Every land-cover exposure shall use a map effective/acquisition date appropriate to the telemetry interval.,Modern cover can mislabel historical movement.,Temporal GIS join audit.,HLS and study provenance.,specified; evidence pending
B24,B24-R2,"Fix records shall retain individual, UTC time, error and transmitter status; long-gap steps shall be flagged.",Sparse fixes cannot reveal exact paths.,Cadence/location-error diagnostics.,Authorized telemetry contract.,specified; evidence pending
B24,B24-R3,"Report core-use area and home-range extent with estimator/cadence settings, separately from step-selection effects.",Space-use endpoints are not interchangeable.,Independent metric and label audit.,Primary movement study.,specified; evidence pending
B24,B24-R4,Public outputs shall suppress exact refuge coordinates and individual tracks under investigator-approved rules.,Sensitive habitat requires controlled release.,Spatial export-policy check.,Study permissions.,specified; evidence pending
B25,B25-R1,"Each record shall retain species, seed lot, viability evidence, pellet identity, microsite, stage definition and follow-up horizon.",Lots and endpoints are not interchangeable.,Stage/lot metadata audit.,Primary pellet context.,specified; evidence pending
B25,B25-R2,Treat unobserved transitions and unfinished follow-up as censored; nongerminated viable seed shall not be coded dead.,Delayed germination changes success rates.,Known-censoring likelihood test.,Existing multistage distinction.,specified; evidence pending
B25,B25-R3,Hold out complete species and seed lots and flag traits outside training support.,Random seed splits overstate transfer.,Trait-range and split audit.,Proposed generalization protocol.,specified; evidence pending
B25,B25-R4,Report established plants per input seed and cost per established plant with zero-success cases explicit.,Intermediate improvement may fail economically.,Independent transition/cost ledger.,Proposed decision contract.,specified; evidence pending
B26,B26-R1,Enforce power balance each interval and battery bounds using consistent kW/kWh/hour units; proposed relative residual target is 10^-8 in synthetic solver checks.,Hidden energy creation invalidates economics.,Independent dispatch-ledger residuals.,Proposed numerical target.,specified; evidence pending
B26,B26-R2,"Electrolyzer minimum load, ramp, start/stop and auxiliary limits shall come from the selected supported equipment map or remain TBD.",Generic unconstrained output is infeasible.,Constraint-source and feasibility audit.,Primary dispatch context.,specified; evidence pending
B26,B26-R3,Evaluate policies with imperfect forecast scenarios and a chronological holdout; perfect-hindsight optimum is labeled an upper benchmark.,Forecast error changes cycling and reliability.,Rolling-horizon replay.,Proposed dispatch protocol.,specified; evidence pending
B26,B26-R4,"Report hydrogen kg, unserved load kWh, water inventory and wear/cost distributions separately.",Hydrogen value alone hides resource losses.,Unit/economic scenario review.,Existing multiobjective model.,specified; evidence pending
B27,B27-R1,"Every sensor reading shall retain UTC clock basis, depth, calibration version, units and response/quality metadata.",Lag and calibration drift alter spatial maps.,Stream/calibration manifest audit.,Primary survey context.,specified; evidence pending
B27,B27-R2,Time synchronization target shall be derived from allowable spatial error/vessel speed; proposed map target is 1 m where supported.,A fixed clock tolerance is meaningless without speed.,Clock-offset and position propagation check.,Proposed spatial target.,specified; evidence pending
B27,B27-R3,"Compare fixed-transect and adaptive surveys under equal travel/energy budgets in simulation, with independent reference holdouts.",More samples are not automatically better coverage.,Budget-matched survey replay.,Proposed design protocol.,specified; evidence pending
B27,B27-R4,"Map unsupported depths, regions and times as unobserved/uncertain; no proxy shall be labeled a specific contaminant without validated chemistry.",Surface and proxy limitations matter.,Support-mask and endpoint review.,Existing measurement boundary.,specified; evidence pending
B28,B28-R1,"Methane shall retain gas temperature/pressure, water-vapor basis, methane fraction, blank correction and volatile solids added.",Raw biogas volume is not comparable methane yield.,Gas/solids normalization audit.,Primary digestion context.,specified; evidence pending
B28,B28-R2,"Compare ultimate yield and rate separately, and flag inadequate plateau/follow-up evidence.",Acceleration is not larger final yield.,Kinetic identifiability and holdout review.,Existing model limitations.,specified; evidence pending
B28,B28-R3,"Net-energy inventory shall include refrigeration, heat, mixing and dewatering within one declared boundary; heat recovery cannot be counted twice.",Pretreatment may consume more energy than gained.,Independent energy ledger.,Existing net-energy model.,specified; evidence pending
B28,B28-R4,Combined freeze-heat performance shall be labeled scenario-only unless direct primary measurements support it.,Separate treatments do not validate synergy.,Treatment-evidence provenance gate.,Corrected source interpretation.,specified; evidence pending
C01,C01-R1,"Every accepted spectrum shall carry wavelength convention, exposure midpoint, barycentric correction and declared time scale.",Daily phase comparisons are vulnerable to timing and wavelength mismatches.,Round-trip timestamp and velocity conversion fixtures.,Proposed data contract; CHIRON observing context.,specified; evidence pending
C01,C01-R2,"Exposure integration shall change predicted profile observables by less than 1% under grid refinement, a proposed numerical target.",Short exposures can still smear rapidly evolving substructure.,Double quadrature resolution on representative synthetic profiles.,Proposed convergence target.,specified; evidence pending
C01,C01-R3,Model comparison shall hold out an entire observing season and report predictive density and interval coverage by line.,Adjacent spectra share wind coherence and cannot provide independent validation.,Season-level split audit and posterior prediction tables.,Proposed validation design.,specified; evidence pending
C01,C01-R4,A period claim shall include the spectral window and alternative alias solutions within the searched interval.,Cadence can imitate coherent cycles.,Inject signals through actual observing timestamps.,Proposed period-identifiability requirement.,specified; evidence pending
C02,C02-R1,"Every scene shall distinguish sky, source electron rate, dark current and read noise before resampling.",Adding noise after drizzle loses detector and covariance structure.,Component-sum and noise-placement audit.,Proposed truth contract.,specified; evidence pending
C02,C02-R2,"Flat-sky fractional bias shall remain below 1% in the preregistered benchmark envelope, a proposed target.",Absolute sky work needs bias control beyond pixel precision.,Monte Carlo confidence interval on mean recovered bias.,Proposed target informed by SKYSURF method context.,specified; evidence pending
C02,C02-R3,"Estimator output shall state whether it targets reference, minimum or spatial mean sky.",Gradient comparisons otherwise mix distinct truths.,Schema and gradient analytic fixtures.,Proposed estimand requirement.,specified; evidence pending
C02,C02-R4,Holdout scenes shall use unseen morphology generators and detector configurations.,Tuning to one morphology can hide wing leakage.,Generator and configuration split manifest.,Proposed transferability requirement.,specified; evidence pending
C03,C03-R1,Rest frequencies and hyperfine offsets shall be pinned to a laboratory catalog version.,Frequency errors directly bias component velocities.,Catalog-version audit and frequency-to-velocity fixture.,CDMS is the existing rest-frequency source.,specified; evidence pending
C03,C03-R2,"Convolved synthetic spectra shall conserve integrated line brightness to 0.5%, a proposed numerical target.",Spectral smoothing must not change optical-depth diagnostics.,Kernel normalization and grid-refinement test.,Proposed integration target.,specified; evidence pending
C03,C03-R3,Tracer comparisons shall use a common effective beam and velocity convention.,Different resolutions can fabricate filament gradients.,Beam convolution and LSR convention audit.,Proposed comparison contract.,specified; evidence pending
C03,C03-R4,An inflow interpretation shall include a multiple-component and excitation-anomaly alternative.,Asymmetry alone is not a unique kinematic indicator.,Posterior predictive comparison in withheld positions.,Proposed scientific requirement.,specified; evidence pending
C04,C04-R1,All model fluxes shall be integrated through the actual filter or X-ray response.,Monochromatic substitutions bias temperature and luminosity.,Synthetic-spectrum response integration test.,Proposed response contract.,specified; evidence pending
C04,C04-R2,Rest-frame epochs shall equal observed intervals divided by 1+z.,Fallback timescales otherwise acquire redshift bias.,Redshift-zero and finite-redshift timestamp fixtures.,Cosmological time-dilation relation.,specified; evidence pending
C04,C04-R3,Nondetections shall enter a count or censored likelihood with exposure and background.,"Dropping limits favors luminous, unabsorbed states.",Likelihood normalization and limit-injection tests.,Proposed censoring requirement.,specified; evidence pending
C04,C04-R4,A black-hole mass result shall include a host-based comparison and sensitivity to stellar/reprocessing assumptions.,Luminosity does not uniquely identify mass.,Prior-sweep and independent host-comparator report.,Existing host-dispersion study supports comparator use.,specified; evidence pending
C04,C04-R5,Population outputs shall include cadence and host-surface-brightness selection.,Detected flares are an incomplete population.,Forward survey recovery audit.,Proposed selection requirement.,specified; evidence pending
C05,C05-R1,"Every feature shall retain reference, inferred/measured status, uncertainty type and censoring flag.",Composite entries can combine incompatible fits.,Snapshot-schema and provenance audit.,NASA Exoplanet Archive column definitions.,specified; evidence pending
C05,C05-R2,Minimum mass shall never populate the true-mass density field without an inclination model.,M sin i differs from M.,Construct minimum-mass fixture and verify density abstention.,Proposed physical typing rule.,specified; evidence pending
C05,C05-R3,Training transformations shall be fit inside host-grouped folds.,Multiplanet siblings and imputation can leak information.,Fold-assignment and preprocessing lineage check.,Proposed leakage requirement.,specified; evidence pending
C05,C05-R4,"A class shall be emitted only when probability exceeds a preregistered threshold, initially 0.8 as a proposed target.",Uncertain and unfamiliar planets need abstention.,Validation reliability diagram and threshold sensitivity.,"Proposed decision threshold, not physical certainty.",specified; evidence pending
C05,C05-R5,Catalog class fractions shall be labeled as observed-sample summaries.,Confirmed planets lack a searched-star denominator.,Output terminology and selection audit.,Proposed population-scope requirement.,specified; evidence pending
C06,C06-R1,Spin timing shall include barycentric and orbital corrections or explicitly retain their uncertainty.,Apparent period derivatives can be orbital.,Timing residual and injected acceleration tests.,Radio-pulsation primary study establishes target evidence.,specified; evidence pending
C06,C06-R2,Burst association shall be probabilistic using localization and competing source density.,A nearby short burst is not unique target identification.,Localization likelihood normalization and offset-source fixtures.,Proposed association requirement.,specified; evidence pending
C06,C06-R3,State predictions shall report uncertainty in all three characteristic radii.,A deterministic ordering conceals mass-flow/field ambiguity.,Posterior radius-ordering table.,Proposed state-contract requirement.,specified; evidence pending
C06,C06-R4,Dipole B shall be labeled conditional whenever torque decomposition is unavailable.,Isolated braking assumptions need not hold in a binary.,Parameter provenance and report-rule audit.,Existing governing model caveat.,specified; evidence pending
C06,C06-R5,A future orbit shall be held out for phase-resolved prediction.,Within-orbit fitting can overfit absorption and state changes.,Freeze ephemeris/model before holdout.,Proposed temporal validation.,specified; evidence pending
C07,C07-R1,Physical continuations shall retain a nonzero asymptotic offset when supplied memory is nonzero.,Zero-return tapering erases the target quantity.,Analytic tail integration and offset audit.,Memory definition and existing primary modeling study.,specified; evidence pending
C07,C07-R2,"Value and first derivative shall match the endpoint to relative 10^-6 where defined, a proposed numerical target.",Discontinuities create artificial high-frequency power.,Endpoint residual and grid-refinement fixtures.,Proposed matching target.,specified; evidence pending
C07,C07-R3,"FFT window, physical continuation and detector transfer function shall be separate artifacts.",Processing can otherwise be mistaken for physical decay.,Manifest and operator-order test.,Proposed reproducibility contract.,specified; evidence pending
C07,C07-R4,Frequency-domain comparisons shall stay within the selected strain release's calibrated band.,Low-frequency extrapolation is not measured detector response.,Band-mask integration audit.,GWOSC documentation at execution.,specified; evidence pending
C07,C07-R5,Each waveform family shall be tested at more than one truncation time without tuning against its hidden future.,Tail uncertainty must reflect endpoint information.,Artificial truncation of longer available waveforms.,Proposed continuation holdout.,specified; evidence pending
C08,C08-R1,"Every mixture shall distinguish weighed mass fraction, areal fraction and fitted optical fraction.",Optical abundance is not generally bulk mass abundance.,Sample manifest and conversion audit.,Proposed sample contract.,specified; evidence pending
C08,C08-R2,"Instrument kernels shall integrate to one and preserve constant reflectance to 0.1%, a proposed numerical target.",Band convolution must not introduce false absorption.,Constant-spectrum and grid-refinement fixtures.,Proposed operator target.,specified; evidence pending
C08,C08-R3,Blind mixtures shall remain excluded from fitting endmember and scattering parameters.,Calibration on every mixture hides inversion failure.,Sample-ID split audit.,Proposed blind-validation requirement.,specified; evidence pending
C08,C08-R4,A carbonate detection shall include competing dust/atmospheric residual models.,Overlapping residuals can imitate a diagnostic band.,Model comparison and zero-carbonate injection.,Proposed specificity requirement.,specified; evidence pending
C08,C08-R5,"Reported detection limits shall specify geometry, grain-size envelope and CRISM-like covariance.",One laboratory noise value cannot define orbital sensitivity.,Scenario-stratified recovery map.,Proposed domain requirement.,specified; evidence pending
C09,C09-R1,Deposited and incident energy shall use separate named fields and likelihood targets.,Thin-sensor charge cannot uniquely measure incoming energy.,Schema and penetrating-particle fixture.,Existing physical correction and NIST loss context.,specified; evidence pending
C09,C09-R2,"Gain linearity shall be calibrated over the accepted ADC range; saturated pixels shall be flagged, never extrapolated.",Clipped charge biases energy low.,Measured electronic-response sweep and saturation mask audit.,Proposed calibration requirement.,specified; evidence pending
C09,C09-R3,"Charge-to-energy closure shall agree within 1% in noiseless synthetic fixtures, a proposed numerical target.",Unit and charge-sharing mistakes invalidate response inference.,Sum known charge over clusters before conversion.,Proposed algorithm target.,specified; evidence pending
C09,C09-R4,Incident-energy intervals shall be reported only within the independently validated species/angle/temperature domain.,Response matrices extrapolate poorly.,Laboratory-condition holdout and domain checks.,Proposed inference-boundary requirement.,specified; evidence pending
C09,C09-R5,Compression shall publish deposited-energy-dependent recovery and retained-charge fraction.,Small tracks may vanish under thresholds.,Replay uncompressed qualified frames through encoder.,Proposed onboard processing requirement.,specified; evidence pending
C10,C10-R1,Stellar and dark-matter dispersion outputs shall have separate density and anisotropy inputs.,They are different dynamical populations.,Type-contract and tracer/DM substitution test.,Existing scientific distinction.,specified; evidence pending
C10,C10-R2,"Every likelihood shall forward apply the catalog's distance, velocity and spatial selection.",Selection affects measured radial profiles.,Mock-catalog recovery through selection operator.,Proposed observation requirement.,specified; evidence pending
C10,C10-R3,"Jeans integration shall converge to 0.5% in analytic fixtures, a proposed numerical target.",Outer boundaries and singular projections bias profiles.,Grid/tail refinement and analytic comparator.,Proposed solver target.,specified; evidence pending
C10,C10-R4,M31/Milky Way comparisons shall report matched tracer class and radial support.,Projected and 3D data contain unequal information.,Comparison-domain manifest and support audit.,SPLASH provides M31 tracer context.,specified; evidence pending
C10,C10-R5,Mass results shall include anisotropy and substructure sensitivity.,Equilibrium mass is not uniquely measured by dispersion.,Posterior branches and stream-contamination injections.,Proposed robustness requirement.,specified; evidence pending
C11,C11-R1,Training/test partitions shall separate physical simulations and progenitors.,Noise rotations of the same waveform leak morphology.,Registry split and hash audit.,Proposed leakage contract.,specified; evidence pending
C11,C11-R2,"Network injection shall include antenna response, arrival delay and declared distance normalization.",Unphysical coherence biases inference.,Known-direction timing and amplitude fixtures.,Existing detector observation model.,specified; evidence pending
C11,C11-R3,"Nominal 90% posterior intervals shall be assessed with coverage uncertainty across held-out simulations, a proposed validation target.",Point accuracy cannot establish uncertainty reliability.,Simulation-based calibration and interval coverage.,Proposed calibration level.,specified; evidence pending
C11,C11-R4,Astrophysical labels shall include code/EOS-conditioned status and an abstention flag.,Libraries do not span all physics.,Leave-code/family-out evaluation.,Proposed scope requirement.,specified; evidence pending
C11,C11-R5,Detector-quality and missing-detector configurations shall be reported separately.,Network information changes materially.,Configuration-stratified injection tables.,Proposed robustness requirement.,specified; evidence pending
C12,C12-R1,Every accepted product shall preserve or reconstruct its absolute sky level.,Ordinary sky subtraction can erase the estimand.,Processing-history audit and uniform-sky replay.,Proposed absolute-level contract.,specified; evidence pending
C12,C12-R2,"Sky, foreground components and residual shall use distinct output columns and covariance.",A model residual is not the raw measurement.,Export-schema and reconstruction test.,Existing SKYSURF methodology.,specified; evidence pending
C12,C12-R3,Calibration covariance shall retain correlations across visits and filters.,Common scale error does not average with pixel count.,Shared-error injection and ensemble variance test.,Proposed uncertainty requirement.,specified; evidence pending
C12,C12-R4,"Residual inference shall compare at least two documented zodiacal/foreground families, a proposed design requirement.",One foreground choice can determine the answer.,Frozen-model comparison and sensitivity report.,Proposed robustness choice.,specified; evidence pending
C12,C12-R5,Object masking and integrated galaxy-light subtraction shall share one explicit population ledger.,Double subtraction biases diffuse residual.,Catalog/mask accounting audit.,Proposed light-budget requirement.,specified; evidence pending
C13,C13-R1,"Every reconstruction shall use a pinned visibility release, station gains and common data exclusions.",Algorithm differences are uninterpretable if inputs change.,Dataset and exclusion hash audit.,EHT data-product provenance.,specified; evidence pending
C13,C13-R2,"Synthetic constant-flux and centered-source tests shall satisfy visibility identities to 0.1%, a proposed numerical target.",Fourier normalization errors bias ring geometry.,Analytic source/zero-baseline fixtures.,Proposed transform target.,specified; evidence pending
C13,C13-R3,Ring claims shall be compared with nonring alternatives through actual uv coverage.,Sparse coverage and regularization can imprint a ring.,Blind synthetic ring/nonring reconstruction challenge.,Proposed specificity requirement.,specified; evidence pending
C13,C13-R4,"Diameter uncertainty shall include calibration, imaging hyperparameters and source variability where applicable.",One reconstructed image understates error.,Visibility posterior and reconstruction-ensemble comparison.,Proposed uncertainty contract.,specified; evidence pending
C13,C13-R5,Shadow interpretation shall declare mass-distance and emission/scattering assumptions.,Emission geometry is not universally shadow geometry.,Physical-model provenance audit.,Existing Schwarzschild comparator.,specified; evidence pending
C14,C14-R1,Contrast shall use a declared dark-region area and unsaturated reference PSF peak.,Normalization and region changes can mimic improvement.,Reference-frame and region hash audit.,Proposed contrast contract.,specified; evidence pending
C14,C14-R2,"Linearization error shall stay below 5% of predicted probe-field change over accepted commands, a proposed target.",A local Jacobian fails under large excursions.,Independent positive/negative actuator probes.,Proposed model-validity target.,specified; evidence pending
C14,C14-R3,"Off-axis throughput shall retain at least 90% of its uncontrolled value in the selected synthetic pilot, a proposed design target.",Speckle suppression can also suppress desired sources.,Injected off-axis source replay.,"Proposed throughput trade, not mission capability.",specified; evidence pending
C14,C14-R4,Controller commands shall remain inside measured/calibrated actuator limits.,Unconstrained least squares may request unavailable states.,Command-bound and simulated actuator-fault tests.,Proposed control interface.,specified; evidence pending
C14,C14-R5,The detector noise floor shall accompany every reported contrast.,An apparent dark hole can be read/background limited.,Dark/reference acquisition and uncertainty propagation.,Proposed measurement requirement.,specified; evidence pending
C15,C15-R1,"Photon expectation shall include collecting area, exposure and registered-pixel throughput exactly once.",Flux is per unit area; omitted area breaks dimensional counts.,Unit and area-scaling fixtures.,Corrected governing photon model.,specified; evidence pending
C15,C15-R2,Simulated and observed products shall share ramp/exposure/mosaic level and pipeline context.,Resampling and calibration create apparent simulator residuals.,Product-level and context audit.,Proposed comparison contract.,specified; evidence pending
C15,C15-R3,"Monte Carlo PSF metric uncertainty shall be below one-quarter of the observed comparison uncertainty, a proposed target.",Sampling noise must not dominate discrepancy diagnosis.,Repeat-seed variance and photon-count convergence.,Proposed numerical allocation.,specified; evidence pending
C15,C15-R4,Optical/detector corrections shall be fit only on training observations.,Target-specific fitting can conceal simulator error.,Star/epoch holdout manifest.,Proposed validation requirement.,specified; evidence pending
C15,C15-R5,"Residual reports shall separate PSF, astrometry, ramp noise and resampling covariance.",A single chi-square cannot locate the faulty module.,Stage-specific metric/covariance outputs.,Proposed diagnostic interface.,specified; evidence pending
C16,C16-R1,"Calibration draws shall use detector, epoch and strain-variant-matched uncertainty products.",A generic envelope can misrepresent the data release.,Manifest and frequency-support audit.,GWOSC O4 technical details.,specified; evidence pending
C16,C16-R2,Pointwise envelopes shall never be labeled measured covariance.,Frequency-independent draws create unrealistic response roughness.,Prior documentation and smoothness diagnostics.,Proposed uncertainty typing rule.,specified; evidence pending
C16,C16-R3,"Small-error linearization shall agree with exact transfer to 1% for the chosen perturbation envelope, a proposed target.",Linear uncertainty propagation needs a validated range.,Analytic/exact response comparison.,Proposed numerical target.,specified; evidence pending
C16,C16-R4,"Ignored and marginalized analyses shall share waveforms, noise and nuisance priors.",Different inputs confound calibration impact.,Paired-injection hash audit.,Proposed experiment control.,specified; evidence pending
C16,C16-R5,Bias and coverage shall be reported by detector band and network configuration.,Calibration impact depends on morphology and coherence.,Stratified injection and held-out noise tables.,Proposed reporting requirement.,specified; evidence pending
C17,C17-R1,All completeness injections shall occur before PSF subtraction at the earliest supported calibrated stage.,Final-image injection misses self-subtraction.,Injection-stage and processing-lineage audit.,Proposed observation requirement.,specified; evidence pending
C17,C17-R2,"Recovery shall be tabulated by radius, azimuth, flux and spectrum with binomial uncertainty.",Disk brightness breaks azimuthal symmetry.,Scenario-grid and interval check.,Proposed completeness contract.,specified; evidence pending
C17,C17-R3,A detection threshold shall be selected on independent background controls and frozen before final recovery tests.,Tuned thresholds inflate efficiency.,Threshold provenance and false-positive replay.,Proposed false-alarm requirement.,specified; evidence pending
C17,C17-R4,"Injected sources shall be sparse enough that adding a second source changes single-source throughput by less than 5%, a proposed target.",Crowded injection alters subtraction basis.,Single-versus-multiple injection comparison.,Proposed independence target.,specified; evidence pending
C17,C17-R5,"Mass-orbit outputs shall retain age, evolutionary and projection priors.",Flux is not a direct mass measurement.,Conditional conversion and sensitivity audit.,Existing mass-conversion caveat.,specified; evidence pending
C18,C18-R1,O32 shall use the stated OIII 5007 divided by summed OII doublet convention.,Published alternate OIII sums differ numerically.,Line-ID/unit and ratio conversion fixtures.,Existing explicit ratio definition.,specified; evidence pending
C18,C18-R2,Direct LyC windows shall lie below rest-frame 912 angstrom after redshift uncertainty is applied.,Redward flux is not escaping ionizing radiation.,Rest-wavelength range audit.,Physical LyC definition.,specified; evidence pending
C18,C18-R3,Absolute escape shall correct Milky Way/IGM transmission once and retain internal attenuation in escaped flux.,Transmission conventions can double-correct photons.,Synthetic attenuation-chain fixture.,Existing escape-fraction definition.,specified; evidence pending
C18,C18-R4,Nondetections and contaminated candidates shall retain likelihood or mixture states.,Dropping difficult objects biases leakage predictors.,Censored/count and contamination integration tests.,Proposed inclusion contract.,specified; evidence pending
C18,C18-R5,Predictor validation shall hold out galaxies and assess O32-selection/domain shift.,Extreme selected samples lack population representativeness.,Galaxy-level and selection-stratified holdout.,Proposed generalization requirement.,specified; evidence pending
C19,C19-R1,Every model spectrum shall be convolved with the measured line-spread function before sampling.,Resolution mismatch changes gravity-sensitive lines.,Constant/line-profile convolution fixtures.,Proposed observation contract.,specified; evidence pending
C19,C19-R2,"Grid interpolation shall reproduce held-out grid nodes within 1% in accepted bands, a proposed numerical target.",Interpolation error must not masquerade as atmosphere discrepancy.,Leave-node-out interpolation test.,Proposed numerical target.,specified; evidence pending
C19,C19-R3,Physical logg shall explicitly mean log10(g in cm s^-2).,Gravity conventions can differ by units.,Unit-conversion and g=GM/R squared fixture.,Existing parameter definition.,specified; evidence pending
C19,C19-R4,Gravity claims shall compare cloud/metallicity/reddening and unresolved-binary alternatives.,Single features are not unique gravity measurements.,Matched-control and alternate-model predictions.,Proposed degeneracy requirement.,specified; evidence pending
C19,C19-R5,Benchmark validation shall identify atmosphere/evolution inputs shared with training.,Dependent benchmarks create circular accuracy.,Provenance-dependency audit.,Proposed independence requirement.,specified; evidence pending
C20,C20-R1,Temporal process parameters shall be stored outside native TRINITY configuration with explicit extension provenance.,Population predictions do not uniquely define variability.,Manifest and module-boundary audit.,TRINITY repository plus independent DRW study.,specified; evidence pending
C20,C20-R2,Observed lag shall map to rest lag through division by 1+z.,Timescale-redshift trends can be artificial.,Redshifted covariance fixture.,Cosmological dilation relation.,specified; evidence pending
C20,C20-R3,Covariance matrices shall remain positive semidefinite within numerical tolerance.,Invalid kernels produce unstable likelihoods.,Cholesky/eigenvalue and analytic-kernel checks.,Proposed covariance contract.,specified; evidence pending
C20,C20-R4,Irregular-cadence likelihood shall avoid filling gaps with measured-looking samples.,Interpolation biases autocorrelation.,Gap-injection integration fixture.,Proposed cadence requirement.,specified; evidence pending
C20,C20-R5,A second survey or held-out luminosity-redshift region shall test frozen variability laws.,Selection/cadence can imitate physical trends.,Domain holdout and forward-count comparison.,Proposed transferability requirement.,specified; evidence pending
C21,C21-R1,Magnetic vectors and plasma moments shall share a declared coordinate frame and overlap interval.,Frame/time mismatch can fabricate Alfvénic correlations.,RTN transform and timestamp overlap fixtures.,Proposed vector/time contract.,specified; evidence pending
C21,C21-R2,Events shall never bridge flagged data gaps without an explicit split.,A gap is not continuous reversal evidence.,Synthetic gap injection and interval-boundary audit.,Proposed interval requirement.,specified; evidence pending
C21,C21-R3,Reference-field window and angle thresholds shall accompany every event catalog.,Background choice changes boundaries and counts.,Configuration hash and parameter sensitivity table.,Proposed catalog reproducibility.,specified; evidence pending
C21,C21-R4,"Rates shall use quality-qualified exposure time, separately for magnetic and plasma classifications.",Downloaded duration overstates usable denominator.,Exposure-mask integration test.,Proposed occurrence requirement.,specified; evidence pending
C21,C21-R5,Blinded event labels shall include quiet and current-sheet controls.,Threshold success on rich intervals does not prove specificity.,Held-out encounter/control confusion assessment.,Proposed independent validation.,specified; evidence pending
C22,C22-R1,Line fits shall include measured line-spread function and PSF-smeared rotation alternatives.,Rotation can mimic broad outflow components.,Rotating-disk no-wind cube injection.,Proposed physical specificity requirement.,specified; evidence pending
C22,C22-R2,Wind labels shall retain probabilities and nondetection limits rather than hard deletion.,Borderline objects influence incidence.,Likelihood normalization and censored-fit integration.,Proposed inclusion contract.,specified; evidence pending
C22,C22-R3,"Environment definitions shall specify neighbor magnitude/redshift selection, scale and edge correction.",Environment estimators differ systematically.,Catalog/geometry audit and alternate-scale comparison.,Proposed environment contract.,specified; evidence pending
C22,C22-R4,"Synthetic recovery shall span inclination, line width, surface brightness and spatial resolution.",Detection selection correlates with environment/host properties.,Preregistered recovery grid.,Proposed completeness requirement.,specified; evidence pending
C22,C22-R5,Mass loading shall be reported only with its geometry/density assumptions and phase label.,One line does not measure total gas flow.,Rate-unit and provenance audit.,Existing physical proxy caveat.,specified; evidence pending
C23,C23-R1,"Every fitted occurrence model shall include all qualifying searched stars, including zero-candidate targets.",Occurrence requires the nondetection denominator.,Target/candidate linkage and count audit.,Kepler DR25 product context.,specified; evidence pending
C23,C23-R2,"Detection, window, transit geometry and vetting probabilities shall be separately versioned.",Hidden factor duplication biases exposure.,Selection-factor injection and reconstruction fixture.,Proposed selection contract.,specified; evidence pending
C23,C23-R3,"Metallicity shall retain measurement uncertainty, method offset and sample-inclusion state.",Noisy/incomplete abundances bias slopes.,Cross-method offset and missingness audit.,Proposed covariate requirement.,specified; evidence pending
C23,C23-R4,"Poisson exposure integration shall converge to 1%, a proposed target, within declared R/P support.",Numerical expected counts determine normalization.,Adaptive quadrature refinement.,Proposed integration target.,specified; evidence pending
C23,C23-R5,Candidate reliability shall enter a mixture or validated weighting treatment.,Arbitrary deletion shifts occurrence.,False-positive/control simulation comparison.,DR25 reliability simulations.,specified; evidence pending
C23,C23-R6,Host-block bootstrap or hierarchical multiplicity sensitivity shall accompany Poisson errors.,Planets within systems are correlated.,Synthetic correlated-multiplicity recovery.,Proposed uncertainty requirement.,specified; evidence pending
C24,C24-R1,Spectroscopic and photometric epochs shall use a common declared time scale with exposure provenance.,Long baseline fits still depend on precise phase conventions.,Timestamp/source-table audit.,WR125 primary publication context.,specified; evidence pending
C24,C24-R2,"Dust activation lag shall be a fitted or explicitly fixed parameter, never silently equated to periastron.",IR maxima need not mark closest approach.,Lag-zero and finite-lag fixtures.,Proposed response requirement.,specified; evidence pending
C24,C24-R3,"Kepler solver residual shall be below 10^-10 radians in the accepted eccentricity range, a proposed target.",Orbital numerical error can contaminate velocity predictions.,Residual and endpoint/eccentricity sweeps.,Proposed numerical target.,specified; evidence pending
C24,C24-R4,Line-specific zero points/jitter shall be retained for WR emission velocities.,Wind changes can mimic orbital shifts.,Alternate-line and season prediction diagnostics.,Existing wind-line caveat.,specified; evidence pending
C24,C24-R5,Dust mass shall include opacity/distance and optical-depth assumptions.,SED normalization alone is degenerate.,"Unit, thin/thick and prior-sensitivity audit.",Proposed physical inference contract.,specified; evidence pending
C25,C25-R1,Pipeline comparisons shall use the same frozen false-alarm-rate target and background intervals.,Higher efficiency at a looser threshold is not improvement.,Paired ranking/threshold provenance audit.,Proposed controlled comparison.,specified; evidence pending
C25,C25-R2,Signal/background test partitions shall exclude training physical waveforms and noise epochs.,Morphology and glitch leakage inflate performance.,Simulation/noise hash split audit.,Proposed independent testing.,specified; evidence pending
C25,C25-R3,"Network timing, polarization and searched sky trials shall enter both injections and background.",Incorrect trials underestimate false alarms.,Known-sky and sky-grid replay.,Existing coherent-burst observation model.,specified; evidence pending
C25,C25-R4,FAR estimates shall include finite-background confidence limits and effective live time.,Zero background events do not imply zero FAR.,Poisson-limit fixture and dependent-shift audit.,Proposed statistical requirement.,specified; evidence pending
C25,C25-R5,"Latency shall be reported as median and 95th percentile on a declared machine, a proposed reporting target.",Average runtime hides processing backlog.,Replay timing with input/configuration manifest.,Proposed operational measurement.,specified; evidence pending
C25,C25-R6,Missing-detector configurations shall either use separately calibrated thresholds or abstain.,Network rank/coherence changes with availability.,Detector-dropout replay.,Proposed fail-safe interface.,specified; evidence pending
C26,C26-R1,Displacement and force calibration shall have documented scale uncertainty and timestamp synchronization.,Transfer functions otherwise mix drive/sensor response.,Calibration ledger and known-gain replay.,Proposed metrology contract.,specified; evidence pending
C26,C26-R2,"Identified modal frequencies shall converge within 1% under sampling/fit refinement, a proposed target.",Numerical/aliasing errors can shift resonance.,Ringdown/transfer comparison and fit refinement.,Proposed identification target.,specified; evidence pending
C26,C26-R3,"Noise budgets shall distinguish passive thermal, ground, tilt, readout and active-loop contributions.",Low resonance does not identify the dominant noise.,Independent sensor/drive and coherence tests.,Primary suspension theory context.,specified; evidence pending
C26,C26-R4,"A controller shall demonstrate modeled stability margins of at least 6 dB gain and 30 degrees phase, proposed bench targets, before hardware-loop use.",Unidentified delays can destabilize damping.,Measured-model Bode/Nyquist and uncertainty sweep.,"Proposed control targets, not detector requirements.",specified; evidence pending
C26,C26-R5,Isolation claims shall state the verified frequency band and displacement readout floor.,An apparent attenuation below sensor noise is not measured isolation.,Bandwise coherence and noise-floor report.,Proposed performance contract.,specified; evidence pending
C27,C27-R1,"All inputs shall retain QR release, header-correction state and calibration-response version.",Quick-release changes affect extraction geometry.,Product/header manifest audit.,IRSA release documentation.,specified; evidence pending
C27,C27-R2,Extraction shall use per-exposure/pixel wavelength and PSF rather than one fixed field bandpass.,Linear-variable-filter response varies spatially.,Known-source response-forward fixture.,IRSA spectral-image semantics.,specified; evidence pending
C27,C27-R3,"Flux conservation shall close within 0.5% in noiseless isolated-source fixtures, a proposed target.",PSF normalization error biases SED/redshift.,Injected-source count/flux ledger.,Proposed numerical target.,specified; evidence pending
C27,C27-R4,Neighbor/background covariance shall propagate into the extracted spectrum.,Crowding produces correlated spectral uncertainty.,Blended-source recovery and covariance checks.,Proposed extraction contract.,specified; evidence pending
C27,C27-R5,Redshift validation shall hold out benchmark spectra and field regions.,Template/position tuning can leak benchmark truth.,Source/field split and frozen redshift prediction.,Proposed independent science validation.,specified; evidence pending
C27,C27-R6,Completeness shall use actual coverage and quick-release quality masks.,Nominal mission wavelengths do not ensure target coverage.,Coverage-aware source injection-recovery.,Proposed selection requirement.,specified; evidence pending
C28,C28-R1,T_sys shall contain optics/filter/QE and exclude atmosphere; T_atm shall be applied exactly once.,Double extinction corrupts count predictions.,Component-throughput ledger and unit-airmass fixture.,Corrected governing throughput model.,specified; evidence pending
C28,C28-R2,Standards shall include versioned spectral flux references and usable detector-range flags.,Reference pedigree and saturation affect absolute scale.,CALSPEC-file and frame-quality audit.,MAST reference-atlas context.,specified; evidence pending
C28,C28-R3,"Count integration shall conserve a flat reference spectrum to 0.1% under grid refinement, a proposed target.",Narrow passbands need stable numerical integration.,Response integration convergence fixture.,Proposed numerical target.,specified; evidence pending
C28,C28-R4,"Accepted count range shall demonstrate less than 1% corrected nonlinearity, a proposed pilot target.",Flux calibration assumes characterized response.,Measured exposure sweep and held-out flux levels.,"Proposed instrument target, not claimed hardware capability.",specified; evidence pending
C28,C28-R5,Nightly calibration shall retain zero-point/extinction covariance and withheld standards.,Airmass/zero-point degeneracy affects transfer.,Night/standard holdout and covariance report.,Proposed calibration validation.,specified; evidence pending
C28,C28-R6,Line-flux outputs shall include continuum and filter-transmission corrections.,A count-to-magnitude factor alone is insufficient.,Synthetic narrow-line and shifted-line fixtures.,Proposed line-source contract.,specified; evidence pending
C29,C29-R1,All energy-flux terms shall use the same shock frame and normal sign.,Mixed frames do not conserve the proposed budget.,Frame-transform and normal reversal fixtures.,Existing shock-frame model.,specified; evidence pending
C29,C29-R2,Proton integration shall report measured energy bounds and channel-response coverage.,Unmeasured tails prevent total pressure claims.,Response/channel and integration-domain audit.,Primary event-study context.,specified; evidence pending
C29,C29-R3,"Numerical pressure/energy integration shall converge to 1%, a proposed target, for analytic spectra.",Channel interpolation can bias partial budgets.,Analytic power-law and grid-refinement fixtures.,Proposed numerical target.,specified; evidence pending
C29,C29-R4,"Normal/speed uncertainty shall compare at least two physically applicable estimation methods, a proposed design requirement.",One geometric estimate can dominate flux uncertainty.,Posterior method comparison and window sweep.,Proposed shock-geometry robustness.,specified; evidence pending
C29,C29-R5,"Nonadvective particle flux shall be retained as measured, bounded or unknown rather than automatically zero.",Diffusive/anisotropic transport affects efficiency.,Budget-state and pitch-angle evidence audit.,Existing Q_ep caveat.,specified; evidence pending
C29,C29-R6,ACE/Wind comparisons shall retain spacecraft separation and sampling differences.,Related structures need not be identical patches.,Event-association and geometry manifest.,Proposed cross-spacecraft requirement.,specified; evidence pending
C30,C30-R1,Every seed branch shall share the same documented growth and survey-selection comparison envelope.,Different selection can manufacture seed preference.,Branch configuration and forward-observation audit.,Proposed model-comparison contract.,specified; evidence pending
C30,C30-R2,Mass inferred from assumed Eddington ratio shall be labeled conditional with lambda prior.,Luminosity alone does not measure mass.,Synthetic luminosity/mass inversion fixture.,UHZ1 primary-study convention.,specified; evidence pending
C30,C30-R3,"Growth integration shall reproduce constant-parameter exponential mass to 0.5%, a proposed target.",Time/unit errors bias early growth feasibility.,Analytic growth fixture and refinement.,Proposed numerical target.,specified; evidence pending
C30,C30-R4,Host and black-hole mass likelihoods shall include lensing covariance and AGN-classification uncertainty where applicable.,Magnification affects both numerator and host comparisons.,Joint observation-model audit.,Primary lensed-candidate context.,specified; evidence pending
C30,C30-R5,"Population rates shall include active fraction, obscuration and flux selection.",Rare luminous detections do not specify seed abundance.,Survey forward-count and zero-detection cases.,Proposed selection requirement.,specified; evidence pending
C30,C30-R6,Forecasts shall remain separate from measured high-redshift constraints.,Prospective merger sensitivity is not an observation.,Product-state/type audit.,Proposed evidence contract.,specified; evidence pending
D01,D01-R1,Report equal-lift and equal-angle comparisons separately with native force uncertainty.,Different operating constraints change drag benefit.,Check matched-condition ledgers and interpolate only within supported range.,Aerodynamic comparison contract.,specified; evidence pending
D01,D01-R2,Jet momentum shall be time-averaged over the actual pulse cycle.,Duty cycle changes C_mu even at equal peak speed.,Integrate measured mass flow times jet velocity.,Dimensionless momentum definition.,specified; evidence pending
D01,D01-R3,Proposed net-benefit gate: lower uncertainty bound of U Delta D minus actuation/auxiliary power exceeds zero.,Control may spend more power than it saves.,Joint force/power propagation at a declared condition.,Proposed engineering criterion; no gain claimed.,specified; evidence pending
D01,D01-R4,Controller evaluation shall include sensor delay and withheld disturbance conditions.,A response surface optimum is not a robust controller.,Replay logged delay/noise and held-out blocks.,Proposed closed-loop verification gate.,specified; evidence pending
D02,D02-R1,"Angle, force and pressure clocks shall share a documented offset uncertainty.",Timing lag can fabricate hysteresis.,Cross-check common events and propagate offset.,Synchronization contract.,specified; evidence pending
D02,D02-R2,"Every up/down comparison shall retain initial state, dwell and surface condition.",History differences can be protocol artifacts.,Inspect run metadata and repeated baseline sequences.,Experimental interpretation requirement.,specified; evidence pending
D02,D02-R3,Report loop area and angle difference versus nondimensional rate with uncertainty.,Persistent and dynamic loops scale differently.,Integrate curves on common angle grid; repeat slow-rate/dwell cases.,"Derived observables, no measured loop claimed.",specified; evidence pending
D02,D02-R4,Proposed model gate: predict a withheld sweep rate without refitting equilibrium branches.,A phenomenological fit needs external discrimination.,"Compare memory-free, relaxation and bistable predictions.",Proposed validation criterion.,specified; evidence pending
D03,D03-R1,D03a shall solve descent and rotor torque simultaneously with declared positive directions.,Prescribed rotation can hide unstable equilibrium.,Check force/torque residuals; proposed normalized target 10^-6.,Proposed numerical gate.,specified; evidence pending
D03,D03-R2,D03a stability shall use coupled V/Omega Jacobian eigenvalues and parameter uncertainty.,Zero mean torque does not ensure stable autorotation.,Linearize and compare small-perturbation trajectories.,Local dynamical criterion.,specified; evidence pending
D03,D03-R3,"D03b spectral claims shall report record duration, window, resolution and stationarity.",Low-frequency drift can imitate a bubble mode.,Repeat segmented spectra and detrending alternatives.,Spectral-analysis contract.,specified; evidence pending
D03,D03-R4,Proposed D03b record target: at least 20 cycles of a candidate lowest resolved mode.,Few cycles produce weak frequency/statistical evidence.,Compare duration to identified peak period and flag insufficient records.,"Proposed screening target, not universal guarantee.",specified; evidence pending
D03,D03-R5,Transferred D03b data shall pass a nondimensional compatibility and uncertainty gate.,Stationary/rotating flows differ.,"Review Re, Mach, reduced frequency, geometry and rotational effects.",Transfer requirement; no combined validation claimed.,specified; evidence pending
D04,D04-R1,"Every C_D shall identify D, rho, U, reference area, domain and force integration convention.",Normalization or surface-normal mistakes can mimic agreement.,Independent force reconstruction and dimensional audit.,Sphere force definition.,specified; evidence pending
D04,D04-R2,"Use at least three systematic mesh levels, with time-step and domain refinements separated.",Combined refinement hides the source of error.,Estimate observed order only in an asymptotic sequence.,NASA V&V guidance; proposed study structure.,specified; evidence pending
D04,D04-R3,Proposed conservation gate: normalized mass imbalance below 10^-6 in steady benchmark cases.,A converged residual alone does not prove conservation.,Boundary flux and control-volume ledgers.,Proposed numerical target.,specified; evidence pending
D04,D04-R4,Report validation discrepancy against combined experimental/numerical uncertainty.,Correlation agreement is not exact truth.,Compare matched Reynolds/Mach/roughness cases.,Validation requirement; new solver results pending.,specified; evidence pending
D05,D05-R1,"Every synthetic report shall include source confidence, owner, permitted audience and expiry/review status.",Incomplete reports invite misrouting or unreviewed sharing.,Schema validation and audience-policy fixtures.,Public ISAC purpose and proposed information contract.,specified; evidence pending
D05,D05-R2,Exercise events shall remain isolated synthetic records with no live endpoint or credential fields.,Governance evaluation needs no operational target.,Inspect fixture manifest and reject endpoint/secret fields.,Authorized defensive scope.,specified; evidence pending
D05,D05-R3,"Safety-relevant cases shall record escalation decision, responsible role and rationale.",Fast triage can still route to the wrong authority.,Compare labeled role decisions against preregistered tabletop truth.,Proposed decision-quality requirement.,specified; evidence pending
D05,D05-R4,Proposed comparison gate: response-time improvement without lower escalation recall or audience compliance.,Speed alone can reward unsafe shortcuts.,Paired scenarios and uncertainty intervals for quality/timing.,Proposed gate; exercise results pending.,specified; evidence pending
D06,D06-R1,Supersonic pitot inversion shall include the normal-shock total-pressure loss.,Subsonic total-pressure formulas are invalid across the probe shock.,Compare analytic shock limits and independent inversion.,Verified NASA Glenn normal-shock relations.,specified; evidence pending
D06,D06-R2,"Each core mask shall state Mach/pressure tolerance, confidence and spatial domain.",A uniformity claim needs an explicit threshold.,"Proposed starting tolerance: 1% Mach spread, subject to facility requirements.",Proposed screening target; not facility capability.,specified; evidence pending
D06,D06-R3,Reservoir/probe timestamps and shared calibration covariance shall be retained.,Run drift creates spatial gradients when traverses are sequential.,Fit drift and compare reversed traverse blocks.,Metrology requirement.,specified; evidence pending
D06,D06-R4,Surrogate predictions shall include held-out error and an extrapolation flag.,A response surface can fit its calibration points deceptively well.,Withhold condition/spatial blocks and evaluate intervals.,Original DOE calibration precedent; results pending.,specified; evidence pending
D07,D07-R1,"Every concept shall trace a science observable to footprint, calibration and successful data return.",Flight duration alone does not measure science value.,Audit measurement-to-mission requirement links.,Systems-engineering traceability.,specified; evidence pending
D07,D07-R2,"Earth/Mars aerodynamic transfer shall retain Re, Mach, gravity and dynamic-similarity limitations.",Matching one nondimensional number is insufficient.,Compare declared regime envelopes and incompatible branches.,Concept-analysis requirement.,specified; evidence pending
D07,D07-R3,"Energy accounting shall include payload, avionics and thermal demand as well as propulsion.",Thin-atmosphere concepts can hide support loads.,Integrate a time-resolved ledger; proposed closure target 0.1%.,"Proposed numerical target, not mission reserve requirement.",specified; evidence pending
D07,D07-R4,Proposed science-return criterion: only calibrated observations meeting resolution and data-delivery gates count as usable.,Raw acquisition is not verified returned science.,Monte Carlo event tree with separate sensing and return outcomes.,Proposed metric; probabilities TBD.,specified; evidence pending
E01,E01-R1,"Damage counts shall remain between zero and declared N_target, with the endpoint and denominator defined.",The finite-site model saturates; unlimited Poisson counts are inappropriate outside rare damage.,Boundary/likelihood checks and assay-definition audit.,Corrected Binomial model.,specified; evidence pending
E01,E01-R2,UV fluence shall use calibrated UV-band irradiance with timestamp/lag uncertainty.,A generic radiation counter cannot measure this exposure.,Integrate calibrated stream and inspect spectral response.,UV metrology requirement.,specified; evidence pending
E01,E01-R3,Proposed energy-ledger closure target: residual below 0.1% of cumulative supplied energy.,Streaming trade can hide missing loads.,"Compare solar, load and battery-storage terms.",Proposed numerical tolerance.,specified; evidence pending
E01,E01-R4,Proposed replay target: useful delivered-frame coverage at least 90% of a preregistered baseline at equal energy.,Higher encoding rate may worsen losses.,Compare coverage/quality under the same synthetic channel.,Proposed target; no original-flight result.,specified; evidence pending
E02,E02-R1,"Quaternion state shall retain multiplication order, frame direction and unit-norm constraint.",Different conventions can invert attitude.,Known-axis rotation and normalization tests; proposed norm error target 10^-10.,Proposed numerical target; Solà primary kinematics.,specified; evidence pending
E02,E02-R2,Position output shall require external constraints or carry an unbounded-drift warning.,Accelerometer bias integrates into large position errors.,Bias-only inertial fixture and missing-location replay.,Observability requirement.,specified; evidence pending
E02,E02-R3,"Acoustic speed shall be reported only when echo quality, path geometry and delay calibration pass.",Pressure-dependent signal loss can mimic a temperature change.,Quality-gate fixtures and independent thermal comparison.,Measurement validity requirement.,specified; evidence pending
E02,E02-R4,"Biological comparisons shall retain calibrated exposure, controls and endpoint provenance; uncalibrated counters yield no Gy.",Response assumptions determine dose.,Dose-interface and missing-calibration audit.,Corrected exposure boundary; no biological result claimed.,specified; evidence pending
E03,E03-R1,"Count observations shall preserve elapsed/live time, background and dead-time model.",Rate and correction depend on acquisition convention.,Replay nonparalyzable analytic fixtures and timing ledger.,Corrected instrument-response contract.,specified; evidence pending
E03,E03-R2,No Gy or Gy/s output shall be generated without validated energy/angular dose response.,A generic count cannot establish absorbed dose.,Schema rejects missing conversion/calibration.,Count-versus-dose requirement.,specified; evidence pending
E03,E03-R3,"Shield comparisons shall match geometry, exposure time and environmental conditions or model their differences.",Changing placement can imitate shielding benefit.,Paired-bin/geometry audit and nuisance sensitivity.,Detector comparison requirement.,specified; evidence pending
E03,E03-R4,Proposed profile gate: predicted count intervals cover held-out altitude bins at nominal 95% with uncertainty in coverage.,A good fitted profile needs external check.,Block holdout by flight/altitude segment.,Proposed calibration criterion; no new profile result.,specified; evidence pending
E04,E04-R1,"All gas values shall state dry/wet basis, calibration scale, species and ppm/ppb conversion.",Humidity and unit confusion can create altitude trends.,Round-trip conversion and source-column audit.,NOAA comparison schema; measurement contract.,specified; evidence pending
E04,E04-R2,Quantitative profile points shall remain inside analyzer pressure/temperature calibration domain.,Room calibration may fail aloft.,Domain flags and calibration-envelope review.,Instrument validity requirement.,specified; evidence pending
E04,E04-R3,Lag shall be independently characterized or jointly reported as confounded with vertical gradient.,Response time changes apparent ascent/descent slopes.,Known-step response and joint profile sensitivity.,Corrected first-order response model.,specified; evidence pending
E04,E04-R4,Proposed gradient gate: b interval excludes zero under lag/humidity/path alternatives and withheld-flight evaluation.,A single fitted slope can reflect drift or diurnal change.,Hierarchical block holdout and scenario comparison.,Proposed inferential criterion; no concentration trend claimed.,specified; evidence pending
E05,E05-R1,Final dimensions/clearances shall trace to a supplied deployer ICD revision.,Generic 3U volume does not define every interface.,Drawing/clearance inspection against controlled ICD.,Controlling input requirement; ICD currently TBD.,specified; evidence pending
E05,E05-R2,All load cases and safety factors shall identify provider/mission source and applicable environment.,Universal guessed load/factor values produce false margins.,Reject analysis without load/FOS provenance.,Mission-specific structural contract.,specified; evidence pending
E05,E05-R3,"Protected rails, fasteners, harness and thermal access regions shall remain feasible in all optimization candidates.",A light mesh can be impossible to integrate.,CAD interference/access and topology-region checks.,Design realization requirement.,specified; evidence pending
E05,E05-R4,Proposed numerical gate: surrogate/FE stiffness agrees within 5% on a simple common reference and mesh-refined stress is reported.,Model sophistication alone does not ensure correctness.,Analytic cantilever/plate fixture and independent refinement.,Proposed screening target; qualification margins TBD.,specified; evidence pending
E06,E06-R1,"Every thermal node shall record heat capacity, connection conductance, power and exposed-area/view-factor basis.",Fitted temperature alone can conceal missing pathways.,Inspect network topology and energy-term ledger.,Thermal-model contract.,specified; evidence pending
E06,E06-R2,"Proposed lumped screening gate: Bi_eff below 0.1 using the effective surface-transfer coefficient, or independently validated negligible internal gradients; failed nodes use spatial or bounded-gradient models.",Internal gradients undermine a single-node temperature.,"Compute h_eff L_c/k with convection, local linearized radiative exchange/view factors and parameter uncertainty, or measure spatial gradients independently.","Proposed screening choice, not universal validity.",specified; evidence pending
E06,E06-R3,Proposed closed-network energy residual target is 10^-6 of injected energy.,Internal conduction must not create heat.,Integrate storage and boundary terms.,Proposed numerical gate.,specified; evidence pending
E06,E06-R4,Hotspot predictions shall include withheld transient/flight validation and supplied component limits.,Nominal mean temperature is insufficient.,Compare prediction intervals and requirement-source limits.,Validation contract; temperatures/limits TBD.,specified; evidence pending
E07,E07-R1,All modules shall emit the same versioned units/time/quality dictionary while retaining native raw values.,Interoperability is more than matching column names.,Cross-module schema and conversion fixtures.,Telemetry interface requirement.,specified; evidence pending
E07,E07-R2,"Science success shall require two acceptable records meeting completeness, timing and calibration gates.",At-least-one availability does not satisfy comparison science.,Fault-tree/event scoring checks across all survival combinations.,Corrected two-of-three requirement.,specified; evidence pending
E07,E07-R3,"Clock offset, bias and response differences shall be identified or carried as uncertainty.",Misalignment can resemble sensor disagreement.,Shared-period calibration and withheld-segment residuals.,Measurement consistency contract.,specified; evidence pending
E07,E07-R4,Common-cause fault probabilities and conditional availabilities shall be documented or marked TBD.,Shared power invalidates independent reliability products.,Simulated shared-fault and dependency fixtures.,Reliability scope; no actual availability claimed.,specified; evidence pending
E08,E08-R1,Stimulus-enabled state shall require valid approved DUT/fixture limits and independent interlock status.,Missing limits cannot define a safe test envelope.,State-machine fixtures block unspecified limits.,Isolated harness contract; limits currently TBD.,specified; evidence pending
E08,E08-R2,DUT terminal voltage shall be observed or corrected with calibrated harness resistance.,Source voltage is not necessarily DUT voltage.,Known-resistance surrogate and independent sense comparison.,Measurement-path requirement.,specified; evidence pending
E08,E08-R3,Proposed energy-closure target: residual within propagated 95% measurement/loss interval.,A fixed tiny residual can ignore meter uncertainty.,Gain/offset/skew/loss ensemble and replay ledger.,"Proposed consistency criterion, not EPS efficiency spec.",specified; evidence pending
E08,E08-R4,"Fault labels shall retain separate DUT, stimulus, sensor and fixture hypotheses until discriminated.",A single failed voltage reading is not proof of DUT failure.,Inject benign synthetic faults in each path.,Diagnostic requirement; no live fault operation.,specified; evidence pending
F01,F01-R1,Every success/repair event shall link to a preregistered task rubric and blinded coder evidence.,Subjective impression can favor a preferred protocol.,Codebook audit and blind rescoring.,Analog evaluation requirement.,specified; evidence pending
F01,F01-R2,"Crossover assignment shall retain order, practice, task complexity and team clustering.",Learning/carryover can imitate protocol benefit.,Design-rank and order-interaction checks.,"Proposed study design, not conducted recruitment.",specified; evidence pending
F01,F01-R3,"Sensitive transcripts shall use consented access, pseudonymous team IDs and minimum contextual metadata.",Communication evidence can expose identities.,Inspect planned access/redaction and consent provenance.,Human-subjects boundary; review required before collection.,specified; evidence pending
F01,F01-R4,Proposed benefit criterion: improved task success/resolution with no supported subgroup deterioration under uncertainty.,Aggregate averages can conceal unequal usability.,Team-level interval and context interaction review.,Proposed interpretation gate; no outcome claimed.,specified; evidence pending
F02,F02-R1,Every factual article claim shall link to a primary source location and declared uncertainty.,Format comparisons are invalid if facts change.,Claim graph and blind expert accuracy audit.,Source-linked content requirement.,specified; evidence pending
F02,F02-R2,Formats shall match factual claim set and approximate reading burden; deviations are recorded.,Length/complexity can masquerade as format effect.,"Claim-set equality, accessibility and time-budget review.",Controlled comparison contract.,specified; evidence pending
F02,F02-R3,"Comprehension rubrics and confidence questions shall be fixed before exposure, with confidence in [0,1].",Outcome changes after reading bias results.,Score/range fixtures and preregistration audit.,Measurement requirement.,specified; evidence pending
F02,F02-R4,Proposed selection gate: retained adjusted understanding improves without worse expert accuracy or confidence calibration.,A format can engage readers while misleading them.,Joint delayed-score/Brier/accuracy intervals on held-out topics.,Proposed criterion; no format superiority claimed.,specified; evidence pending
G01,G01-R1,"Every strain estimate shall declare tensor basis, sensor orientation and observable rank.",A few channels cannot recover arbitrary six-component strain.,Rank-check H and constrain only justified components.,Measurement-model requirement.,specified; evidence pending
G01,G01-R2,Temperature and attachment coefficients shall be independently characterized or reported unidentifiable.,Fusion can misinterpret thermal/adhesive drift as load.,Profile thermal/transfer terms and holdout reference cases.,Proposed decomposition; no device calibration claimed.,specified; evidence pending
G01,G01-R3,Proposed accuracy target: fused held-out RMSE at most 80% of the best single modality at equal bandwidth.,Extra channels should provide measurable value.,Leave-one-specimen-out comparison with reference uncertainty.,"Proposed relative target, not clinical threshold.",specified; evidence pending
G01,G01-R4,"All raw/reference streams shall retain sampling, timing and covariance metadata.",Unsynchronized sensors give false transient strain.,Timestamp fixtures and joint residual analysis.,Reproducible acquisition contract.,specified; evidence pending
G02,G02-R1,"Store raw, reference and corrected streams with filter state/version and bypass flags.",Cancellation must be auditable and reversible.,Replay saved coefficients and compare samplewise output.,Processing provenance requirement.,specified; evidence pending
G02,G02-R2,Proposed preservation target: calibration-tone amplitude change below 1% and phase change below 1 degree in protected science bands.,Noise suppression can erase science.,Inject known tones/transients and compare held-out features.,"Proposed metrology targets, not instrument specs.",specified; evidence pending
G02,G02-R3,"Adaptation shall freeze or bypass when clipping, reference dropout or leakage validation fails.",Invalid reference estimates can damage data.,Script fault replay and inspect state transitions.,Fault-handling contract.,specified; evidence pending
G02,G02-R4,"Report residual interference and science-feature error separately, with common timing/band definitions.",A single SNR score hides distortion.,Matched baseline/cancellation feature tables.,Proposed comparison gate.,specified; evidence pending
G03,G03-R1,"All pattern records shall specify frequency, coordinate frame, polarization basis and installed configuration.",Patterns cannot be combined across incompatible geometry/chains.,Schema and coordinate/polarization round-trip checks.,Antenna measurement contract.,specified; evidence pending
G03,G03-R2,"Near-field reconstruction shall retain complex field, spacing, extent and probe response.",Power-only data lack transform phase.,Reject missing phase/probe metadata for full pattern claims.,Existing JPL range constraints.,specified; evidence pending
G03,G03-R3,Proposed initial pointing uncertainty target is 0.1 beamwidth; final gain/sidelobe tolerances are link-budget TBD.,Absolute arbitrary angle targets do not scale with aperture.,Propagate encoder/alignment uncertainty against measured beamwidth.,"Proposed target, not ground-station capability.",specified; evidence pending
G03,G03-R4,Gain and G/T shall retain calibration/cable loss and independently defined system temperature.,Receiver sensitivity includes more than antenna gain.,Reconstruct chain ledger and temperature boundary.,Radiometric/link definition.,specified; evidence pending
G04,G04-R1,All Darcy models shall use intrinsic permeability k in m^2 and fluid viscosity in Pa s.,Hydraulic conductivity is a different coefficient.,Unit check and analytic pressure-gradient flux.,Corrected transport definition.,specified; evidence pending
G04,G04-R2,"Target envelopes shall identify cartilage region, loading mode, rate and source population.",One universal cartilage modulus is misleading.,Audit target-to-data provenance.,Materials-comparison requirement.,specified; evidence pending
G04,G04-R3,Proposed numerical gate: closed-domain solid/fluid mass-balance residual below 10^-6 of imposed volume change.,Poroelastic fits can conceal conservation failure.,Integrate boundary flux and deformation ledger.,Proposed solver target.,specified; evidence pending
G04,G04-R4,"Report relaxation, peak strain/contact pressure and interface uncertainty separately; clinical suitability remains unclaimed.",Good bulk stiffness can coexist with harmful concentrations.,Multimetric contact/relaxation comparison.,Nonclinical design gate; no patient threshold.,specified; evidence pending
G05,G05-R1,Only qualified resource mass shall enter crew-use storage.,Production quantity can hide quality rejection.,Batch-state ledger rejects unqualified transfer.,Quality-boundary requirement.,specified; evidence pending
G05,G05-R2,"Every contaminant comparison shall identify requirement revision, analytical limit and uncertainty.",Below detection is not necessarily below an applicable limit.,Audit standard/evidence matrix; unresolved limits remain TBD.,Existing NASA standard record; no invented threshold.,specified; evidence pending
G05,G05-R3,Reserve sizing shall include declared outage and quality-rejection scenarios independently of mean production.,Average surplus cannot cover every failure.,Integrate demand through outage ensembles.,"Mission-specific reserve requirement, numerical value TBD.",specified; evidence pending
G05,G05-R4,Proposed numerical mass-closure target is 10^-6 of cumulative delivered/produced mass.,Resource loss accounting must be reproducible.,Production/storage/use/loss ledger.,Proposed computation tolerance.,specified; evidence pending
G06,G06-R1,"Every loading function shall identify sorbent, water activity, temperature and fitted domain.",Humidity changes both equilibrium and transport.,Check held-out loading/kinetic records and extrapolation flags.,Existing moisture-swing studies.,specified; evidence pending
G06,G06-R2,Cycle ledgers shall conserve CO2 and water separately.,Regeneration recovery can otherwise be overstated.,Proposed closure residual below 10^-6 of throughput.,Proposed numerical target.,specified; evidence pending
G06,G06-R3,"Net-removal output shall state permanent fate, leakage and full process-emission boundary.",Capture is not equivalent to durable removal.,Carbon-fate ledger audit; unknown fate prevents a durable claim.,Accounting requirement.,specified; evidence pending
G06,G06-R4,Proposed architecture gate: lower uncertainty bound of net durable removal is positive.,Gross working capacity can hide emissions.,Joint climate/utility/degradation ensemble.,Proposed screening criterion; no removal result claimed.,specified; evidence pending
G07,G07-R1,"The build package shall identify optical/mechanical datums, loads and constrained degrees of freedom.",Overconstraint can distort alignment and assembly repeatability.,Drawing review and constraint count.,Systems-engineering/interface contract.,specified; evidence pending
G07,G07-R2,Proposed mount allocation: wavelength drift below one quarter of instrument resolution over the declared temperature/load envelope.,A spectral budget must precede material selection.,Propagate tolerances and compare calibration-line centroid.,Proposed allocation; instrument resolution/envelope TBD.,specified; evidence pending
G07,G07-R3,"Every eigenfrequency claim shall identify mass, boundary conditions and attachment stiffness.",Fixed-boundary models can overstate rigidity.,Compare modal model with a declared fixture test.,Structural verification requirement; values TBD.,specified; evidence pending
G07,G07-R4,Adjustment repeatability shall be measured independently from resolution of the adjuster.,Fine screw pitch does not guarantee repeatable alignment.,Repeated return-to-setting calibration lines and hysteresis logs.,Metrology requirement; acceptance derived from R2.,specified; evidence pending
G08,G08-R1,All cell-state simulations shall preserve nonnegative populations and documented division/loss bookkeeping.,A sign error can falsely regenerate mass.,ODE boundary and total-population checks.,Corrected reduced-model contract.,specified; evidence pending
G08,G08-R2,Volume observations shall distinguish cell number/size and nonparenchymal/vascular contributions or flag their confounding.,Volume alone cannot identify mediator mechanism.,Compare observation mappings and sensitivity rank.,Biological identifiability requirement.,specified; evidence pending
G08,G08-R3,"Every mediator parameter shall carry measured, literature-assumed or latent status.",Unmeasured signals must not appear as observations.,Audit likelihood and source tables.,Existing human-pilot limitations.,specified; evidence pending
G08,G08-R4,Proposed model gate: added mediator terms improve withheld-time/subject prediction with calibrated uncertainty.,Flexible latent pathways can overfit sparse pilots.,Profile likelihood and subject/time holdout.,Proposed criterion; no clinical predictor claim.,specified; evidence pending
H01,H01-R1,Every scientific caption claim shall have an image/product identifier and reviewed source span; proposed traceability completeness is 100%.,Attractive captions can hide image/claim mismatches.,Graph foreign-key and curator audit.,Photojournal/USGS provenance; proposed target.,specified; evidence pending
H01,H01-R2,"Declare enhanced color, mosaics, artistic renderings and uncertain inference in the visible explanatory layer.",Visitors need observation-versus-processing distinctions.,Image-processing label review.,Mission product documentation.,specified; evidence pending
H01,H01-R3,"Digital normal text shall meet WCAG 2.2 minimum 4.5:1 contrast where applicable, with keyboard/screen-reader access and a printable alternative.",Device and visual access should not determine learning opportunity.,Contrast and assistive-technology task review.,W3C WCAG 2.2.,specified; evidence pending
H01,H01-R4,"Learning evaluation shall randomize companion groups/sessions, retain nonresponses and score comprehension separately from dwell time.",Companion exchange and engagement confound outcomes.,Assignment and missing-outcome audit.,Proposed visitor study design.,specified; evidence pending
H02,H02-R1,"Each image shall retain camera/filter, raw/calibrated product ID, exposure definition, temperature, readout direction and calibration-file versions.",A wrong detector convention reverses smear geometry.,PDS label and processing-order audit.,Golish et al.; OCAMS archive.,specified; evidence pending
H02,H02-R2,Derive smear operator from documented transfer sequence and row timing; proposed synthetic forward/inverse relative residual target is 10^-8 in noiseless supported cases.,Numerical correction must match physical acquisition.,Independent synthetic matrix checks.,Proposed computational target.,specified; evidence pending
H02,H02-R3,"Saturated/unsupported moving scenes shall be flagged, including downstream contamination where the transfer model requires it.",Clipped source charge is not recoverable truth.,Saturation/motion evidence gate.,Detector-model assumptions.,specified; evidence pending
H02,H02-R4,"Evaluate withheld cameras/campaign scenes with radiance bias, feature retention and covariance; no absolute-improvement claim from repeatability alone.",Regularization may erase real narrow features.,Held-out calibration comparison.,Published baseline context.,specified; evidence pending
H03,H03-R1,"Each vector observation shall retain mission/product flags, position, altitude, time, frame and external-condition selection rule.",External contamination and frame errors can mimic anomalies.,Pass/frame metadata audit.,JAXA/PDS archive context.,specified; evidence pending
H03,H03-R2,"Compute resolution after covariance-weighted nuisance projection, with rank/gauge constraints documented.",Source-only resolution exaggerates identifiable structure.,Projection/nullspace analytic checks.,Reviewed W_perp/R_m formulation.,specified; evidence pending
H03,H03-R3,Compare missions at matched modeled altitude and report continuation uncertainty separately.,Dipole fields decay rapidly with distance.,Geometry/altitude residual review.,Existing magnetic model.,specified; evidence pending
H03,H03-R4,Do not use the nonpolar 65°S–65°N crustal map as south-pole observations or infer astronaut shielding from orbital anomalies.,Coverage and physical endpoints differ.,Source-domain and claim audit.,PDS coverage limitation.,specified; evidence pending
H04,H04-R1,"Every target observation shall retain specimen/section key, preparation materials, instrument dose/history and custodian allocation.",Coatings or adhesives can contribute carbon.,Specimen/preparation manifest audit.,Primary correlative-study context.,specified; evidence pending
H04,H04-R2,Isotope estimates shall use declared reference and matrix-matched calibration/background evidence; raw count ratios are not anomalies.,Phase sensitivity biases isotope ratios.,Standard/blank evidence and count-model tests.,Existing isotope model.,specified; evidence pending
H04,H04-R3,Map registration shall retain transform and positional covariance in micrometres; phase attribution shall propagate overlap uncertainty.,Nearby minerals need not carry the isotope signal.,Landmark/registration residual checks.,Proposed correlative contract.,specified; evidence pending
H04,H04-R4,Report heterogeneity with spatial multiple-testing/model uncertainty and preserve material for independent confirmation when allocation permits.,Exploration can exhaust evidence or inflate anomaly claims.,Analysis/allocation review.,Proposed specimen-evidence design.,specified; evidence pending
H05,H05-R1,"Document Tribal authority, permitted purpose, knowledge-holder access, interpretation rights and public-output rules before linking local knowledge.",Public hazard maps do not authorize sensitive-site disclosure.,Governance and export-policy audit.,ITEP mission; CARE and local standards.,specified; evidence pending
H05,H05-R2,Heat indicators shall use locally selected thresholds and observed air-temperature validation; satellite surface temperature remains a separate field.,Surface radiance is not personal/two-metre heat exposure.,Threshold/measurement lineage review.,Existing climate-data distinctions.,specified; evidence pending
H05,H05-R3,Each climate run shall retain model/scenario/version/calendar and historical bias assessment; coarse projections shall not become parcel-level risk.,Scenario/calendar support limits precision.,Product/scale and calendar checks.,NEX-GDDP-CMIP6 metadata.,specified; evidence pending
H05,H05-R4,"Action comparisons shall include staffing, power, funding and maintenance stress scenarios with community-selected criteria.",Implementation failure can dominate nominal benefit.,Independent scenario/regret replay.,ITEP planning context; proposed design.,specified; evidence pending
H06,H06-R1,"Every profile shall retain terrain product/resolution/datum, centerline location and local-normal definition.",Oblique sections bias widths and asymmetry.,Geometry/product audit.,HiRISE/MOLA documentation.,specified; evidence pending
H06,H06-R2,Keep morphology continuous and report cluster stability instead of requiring a fixed three-class solution.,Noisy profiles can create arbitrary categories.,Bootstrap clustering and metric review.,Original classification context; proposed improvement.,specified; evidence pending
H06,H06-R3,"DTM, detrending and along-strike covariance shall enter model comparison; whole ridges/contiguous segments are held out.",Adjacent profiles are correlated.,Covariance/split audit.,Existing hierarchical model.,specified; evidence pending
H06,H06-R4,Report fault-family posterior and depth/slip tradeoffs; no unique deep detachment or global contraction claim from surface shape alone.,Inverse morphology is nonunique.,Profile-likelihood and claim review.,Primary tectonic context.,specified; evidence pending
H07,H07-R1,"Freeze all eligible archive targets, including nondetections, and retain actual project/product IDs, proprietary status and CASA configuration.",Promising-cube selection biases recovery rates.,Selection/product manifest audit.,ALMA and published survey context.,specified; evidence pending
H07,H07-R2,"Record spectral reference frame, rest frequency, channel convention, synthesized beam and primary-beam correction.",Misaligned units/frame can create or suppress a line.,Cube/velocity/beam adapter checks.,Archive imaging metadata.,specified; evidence pending
H07,H07-R3,"Every searched radius, velocity, isotopologue and geometry variant shall enter a declared global detection procedure.",Local SNR ignores look-elsewhere effects.,Search-ledger and null-replay audit.,Proposed significance contract.,specified; evidence pending
H07,H07-R4,"Report calibrated false-alarm/completeness, nondetection upper limits and aperture flux separately from stack SNR.",Correlated pixels and normalized stacks affect estimands.,Injection/null and flux comparison.,Existing covariance/flux distinction.,specified; evidence pending
H08,H08-R1,"Retain specimen/section, alteration/heating evidence, image resolution and rim-boundary annotation intervals.",Mineral replacement and boundary ambiguity affect thickness.,Curator/annotation metadata audit.,Primary rim study and supplements.,specified; evidence pending
H08,H08-R2,Unresolved thin rims shall be censored at image-specific resolution; no zero-thickness substitution.,Resolution-dependent omission biases size relations.,Synthetic censoring and label checks.,Proposed measurement contract.,specified; evidence pending
H08,H08-R3,"Correct or explicitly simulate sectioning geometry, and use tomography only where voxel resolution resolves the rim.",Apparent radius/thickness are not true 3D geometry.,Stereology/tomography support review.,Existing sectioning limitation.,specified; evidence pending
H08,H08-R4,Fit nested sample/section effects and compare mixed accretion-compaction/alteration histories with reserved specimens.,Many chondrules are not independent meteorites.,Split and posterior-predictive audit.,Proposed mechanism comparison.,specified; evidence pending
H09,H09-R1,"Every spectral/thermal/context product shall retain actual ID, processing level, geometry, masks and native footprint; Terby coverage is verified before mapping.",Portal presence does not establish basin products.,Archive/product support audit.,PDS CRISM/HiRISE/THEMIS context.,specified; evidence pending
H09,H09-R2,"Keep detected band depth, modeled fraction, optical size and geological grain-size interpretation in separate fields.",Different observables have different evidence.,Endpoint/units and figure-label review.,Reviewed spectral/thermal distinctions.,specified; evidence pending
H09,H09-R3,"Joint inversion shall include p(M), fraction constraints and transport/alteration/photometric uncertainty with prior sensitivity.",Hidden model priors overstate unique interpretation.,Posterior normalization and odds tests.,Reviewed Bayesian formulation.,specified; evidence pending
H09,H09-R4,Validate using laboratory mixtures degraded to CRISM response and full-basin/stratigraphic holdouts at common actual support.,Spectral fits alone do not establish physical identifiability.,Mixture and basin transfer benchmark.,Primary probabilistic/laboratory studies.,specified; evidence pending
I01,I01-R1,"Every thermal scenario shall identify an external heat-load source or inert electrical power measurement, separately from phi.",Equilibrium temperature does not determine incident wall heat flux.,Scenario/source and energy-boundary audit.,CEA boundary plus proposed thermal contract.,specified; evidence pending
I01,I01-R2,"Integrated heat balance shall close within 1% in synthetic conduction fixtures, a proposed target.",Numerical energy loss corrupts gradient/damage trends.,Stored-energy plus boundary-flux convergence.,Proposed numerical conservation target.,specified; evidence pending
I01,I01-R3,Sensor response and contact conductance shall be independently calibrated or marked unidentifiable.,Both can mimic delayed wall cooling.,Lag/contact synthetic identifiability and calibration ledger.,Proposed metrology requirement.,specified; evidence pending
I01,I01-R4,Damage shall be labeled a conditional screening index with material-cycle evidence and uncertainty.,Miner accumulation cannot certify life.,Constitutive provenance and applicability audit.,Proposed fatigue-scope rule.,specified; evidence pending
I01,I01-R5,Any measured validation shall use a noncombusting inert surrogate inside an independently approved material/instrument envelope.,A thermal-model validation needs a controlled known input.,Reviewable coupon/load/sensor manifest and holdout pulse data.,Proposed surrogate gate; no engine operation specified.,specified; evidence pending
I02,I02-R1,Applied electrical or supplied thermal power shall be independently measured and carry covariance.,Fitted h cannot compensate for unknown input energy.,Power-meter/calibration and heat-load ledger audit.,Proposed energy-input contract.,specified; evidence pending
I02,I02-R2,"Synthetic transient energy closure shall remain within 1% of integrated input, a proposed target.",Storage and heat loss affect apparent cooling.,Conservative graph/advection integration fixtures.,Proposed numerical target.,specified; evidence pending
I02,I02-R3,Single-phase applicability shall be verified from measured fluid state and independently set facility limits.,A single-phase correlation cannot describe boiling.,Domain flags and validated-state envelope.,Proposed noncombusting surrogate gate.,specified; evidence pending
I02,I02-R4,Outlet-temperature and wall-hotspot predictions shall be validated on withheld heat/flow histories.,Bulk temperature agreement can hide local errors.,Separate sensor/location/time holdouts.,Proposed prediction requirement.,specified; evidence pending
I02,I02-R5,"Contact, loss and convection parameters shall have identifiability diagnostics before calibration is accepted.",Multiple conductances can fit one trace.,Sensitivity rank and posterior correlation report.,Proposed calibration criterion.,specified; evidence pending
I02,I02-R6,Sensor lag and differential thermometer offsets shall propagate into energy balance.,Small outlet-inlet differences amplify bias.,Calibrated dynamic/offset injection.,Proposed metrology requirement.,specified; evidence pending
I03,I03-R1,"Every comparison shall declare equal pump power, equal flow or another controlled budget.",A channel can appear cooler merely by consuming more pumping work.,Scenario budget and solver constraint audit.,Proposed fair-comparison contract.,specified; evidence pending
I03,I03-R2,Darcy and Fanning friction-factor conventions shall be typed explicitly.,Their factor-four difference biases pressure loss.,Convention conversion and analytic fixture.,Proposed hydraulic interface.,specified; evidence pending
I03,I03-R3,"Conjugate heat and pressure calculations shall converge within 1%, a proposed target, in accepted synthetic cases.",Mesh/solver error can reorder Pareto solutions.,Mesh/time/quadrature refinement.,Proposed numerical target.,specified; evidence pending
I03,I03-R4,Manufacturing/roughness and branch-flow uncertainty shall accompany every candidate ranking.,Nominal optima can reverse under small deviations.,Posterior/range ensemble and rank-reversal map.,Proposed robust-design requirement.,specified; evidence pending
I03,I03-R5,CVaR temperature shall report confidence level and reference scale; 0.95 is a proposed comparison choice.,Tail-risk metric is not a safety threshold.,Tail integration and scaling fixtures.,Proposed multiobjective convention.,specified; evidence pending
I03,I03-R6,Validation shall use known-power inert single-phase coupons before model promotion.,Reactive coolant/engine transfer is unsupported.,Material/fluid/domain gate and withheld coupon predictions.,Proposed noncombusting validation gate.,specified; evidence pending
I04,I04-R1,"Every critical task shall have measured or justified worst-case execution, blocking, period and deadline bounds.",Response-time analysis needs bounded inputs.,Task manifest and execution-trace audit.,Proposed scheduling contract.,specified; evidence pending
I04,I04-R2,All accepted schedules shall satisfy R_i<=D_i or explicitly declare infeasibility.,A mean runtime cannot guarantee critical service.,Fixed-point response analysis and worst-case replay.,Existing fixed-priority model.,specified; evidence pending
I04,I04-R3,Science record IDs shall remain unique and recoverable across reset/duplicate replay.,Reset can corrupt or duplicate authoritative data.,Idempotent journal/reset fixture.,Proposed integrity requirement.,specified; evidence pending
I04,I04-R4,Buffer overflow shall yield a recorded loss/degradation state rather than silent truncation.,Finite storage affects useful science availability.,Burst-production/downlink-gap replay.,Proposed service contract.,specified; evidence pending
I04,I04-R5,TMR claims shall include voter and common-resource fault paths.,Independent-lane math omits shared failures.,Common-clock/voter emulator faults and fault-tree audit.,Existing TMR limitation.,specified; evidence pending
I04,I04-R6,Recovery time and degraded-science availability shall be reported separately from nominal uptime.,Booted electronics need not deliver useful science.,State-tagged trace integration.,Proposed availability metric.,specified; evidence pending
I05,I05-R1,"Each atmospheric sample shall retain source time, geodetic position/altitude covariance and calibration ID.",A moving biased sensor does not measure a stationary profile.,Track/sample schema and coordinate audit.,Proposed sampling contract.,specified; evidence pending
I05,I05-R2,Temperature/pressure lag and illumination bias shall be calibrated with independent chamber references.,Solar heating and response can imitate atmospheric gradients.,Supervised reference/illumination holdouts.,Proposed metrology gate.,specified; evidence pending
I05,I05-R3,"Energy accounting shall close to 1% in noiseless synthetic replay, a proposed numerical target.",Packet and sensing duty choices affect available energy.,Power integral and state-bound fixture.,Proposed conservation target.,specified; evidence pending
I05,I05-R4,Trajectory comparisons shall use declared space/time proximity criteria fixed before seeing residuals.,A radiosonde can sample a different air mass.,Collocation manifest and sensitivity audit.,IGRA spatial/time context.,specified; evidence pending
I05,I05-R5,Telemetry loss shall preserve missing observations and actual source timestamps.,Reception order can distort trajectory/gradients.,Delay/gap replay fixtures.,Proposed data-integrity requirement.,specified; evidence pending
I05,I05-R6,Planetary feasibility shall remain a separate environment/material/communications analysis.,Earth demonstrated behavior does not transfer directly.,Earth-versus-Venus requirement ledger.,Proposed domain separation.,specified; evidence pending
I06,I06-R1,"Every CAD revision shall link to analysis mesh, mass model, joint state and load/constraint manifest.",Untraceable model/CAD drift invalidates predictions.,Hash/revision and mass/load-path audit.,Proposed configuration contract.,specified; evidence pending
I06,I06-R2,"Static beam/modal fixtures shall agree with analytic limits to 1%, a proposed target.",Solver correctness precedes optimization.,Mesh-refined analytic beam tests.,Proposed numerical target.,specified; evidence pending
I06,I06-R3,Joint stiffness and geometric imperfections shall be uncertain inputs rather than perfect defaults.,Connections/imperfections control compliance and stability.,Sensitivity and measured-joint provenance.,Proposed model fidelity.,specified; evidence pending
I06,I06-R4,Subscale reports shall list matched and unmatched similarity groups.,Miniature performance cannot automatically establish full scale.,Dimensional similitude ledger.,Existing scale-transfer caveat.,specified; evidence pending
I06,I06-R5,Buckling values shall state column/shell applicability and nonlinear imperfection assumptions.,Euler columns do not certify shells.,Mode/geometry and imperfection sensitivity audit.,Proposed stability scope.,specified; evidence pending
I06,I06-R6,Measured tests shall be nonpropulsive inert loading/modal characterization within verified fixture limits.,Controlled structural evidence needs actual boundary conditions.,Fixture/load/sensor manifest and independent case holdout.,Proposed experimental gate.,specified; evidence pending
I07,I07-R1,The simulator shall expose no live-radio/mission adapter or external command transport.,The executable scope is owned synthetic replay.,Dependency/configuration and network-isolation integration check.,Proposed simulator-only boundary.,specified; evidence pending
I07,I07-R2,"Every engineering value shall retain source-valid time, receive time, quality and clock uncertainty.",Delayed packets can look current.,Synthetic delay/freshness fixture.,Proposed state-provenance contract.,specified; evidence pending
I07,I07-R3,Image completeness shall count valid unique chunks against a trusted synthetic manifest.,Duplicate receipts do not add science.,Duplicate/corrupt/missing chunk replay.,Proposed integrity requirement.,specified; evidence pending
I07,I07-R4,Abstract request handling shall be idempotent across restart and repeated event IDs.,Replay must reconstruct one authoritative state.,Checkpoint/replay state equivalence test.,Proposed event contract.,specified; evidence pending
I07,I07-R5,Freshness thresholds shall be versioned per field; stale or missing values shall produce unknown/stale states.,One global timer cannot establish all subsystem states.,Threshold and missing-data scenario audit.,Proposed operator evidence requirement.,specified; evidence pending
I07,I07-R6,Operator assessment shall include scenarios where state cannot be established.,Always choosing a state rewards false certainty.,Randomized synthetic-task scoring with unknown answer.,Proposed human-factors validation.,specified; evidence pending
I08,I08-R1,"Every state shall include epoch scale, center, frame, units, aberration option and source checksum/query.",Numerically similar arrays can represent different physical states.,Metadata/round-trip and matched-query audit.,NAIF and Horizons conventions.,specified; evidence pending
I08,I08-R2,"Point-mass acceleration and potential-gradient checks shall agree to 10^-6 relative error where conditioned, a proposed target.",Sign/unit errors invalidate all propagations.,Analytic and finite-difference convergence.,Proposed numerical target.,specified; evidence pending
I08,I08-R3,Harmonic coefficients and Legendre functions shall have matching normalization and reference radius.,Normalization mismatch changes gravity magnitude.,Monopole/selected-harmonic fixtures.,Proposed gravity contract.,specified; evidence pending
I08,I08-R4,Harmonic evaluation shall reject points outside its declared convergence validity.,Near irregular bodies the expansion can fail.,Domain-boundary fixtures and validity manifest.,Existing convergence caveat.,specified; evidence pending
I08,I08-R5,"Shape-based gravity shall require closed oriented mesh, positive volume and density/mass consistency.",A geometry kernel alone does not supply physical gravity.,Mesh topology and volume/mass checks.,Proposed higher-fidelity gate.,specified; evidence pending
I08,I08-R6,Runtime results shall separate compilation/kernel loading from repeated evaluation.,Warm-cache speed is not first-use latency.,Pinned-version timing categories.,Proposed reproducible benchmark.,specified; evidence pending
I09,I09-R1,"Shape gravity, spin frame and robot/contact state shall use consistent units and coordinates.",Coriolis/contact signs change hop outcomes.,Frame and zero-spin fixtures.,Proposed dynamics contract.,specified; evidence pending
I09,I09-R2,Contact shall not create mechanical energy in passive noncohesive fixtures.,Numerical impulses can generate unrealistic escapes.,Restitution/friction energy audit.,Proposed conservative/dissipative contact target.,specified; evidence pending
I09,I09-R3,"Ballistic integration shall conserve inertial energy to 0.1% in central-gravity fixtures, a proposed target.",Drift biases bounded/escape classification.,Step refinement and analytic orbit comparator.,Proposed numerical target.,specified; evidence pending
I09,I09-R4,Wheel momentum limits and foot-release assumptions shall be explicit by concept.,Different actuators do not share feasibility.,Separate actuation manifests and saturation replay.,Proposed concept separation.,specified; evidence pending
I09,I09-R5,Useful-hop probabilities shall include sample counts and terrain/contact prior domain.,"Simulation fraction is conditional, not certified reliability.",Ensemble/interval and OOD audit.,Proposed uncertainty contract.,specified; evidence pending
I09,I09-R6,Science gain shall require an acceptable landing and valid observation state.,Viewpoint reach alone is not usable science.,Landing/state truth-manifest check.,Proposed mission-utility metric.,specified; evidence pending
I10,I10-R1,"Pointing error shall use wrapped angular difference and meet plus/minus 0.5 degrees in the declared settled bench domain, a proposed target.",Raw subtraction fails across angle wrap.,Full-range reference/encoder calibration and held-out maneuvers.,Original goal retained as proposed criterion.,specified; evidence pending
I10,I10-R2,Wheel/body torque signs shall be verified before controller tuning.,Internal torque acts oppositely on body.,Known positive-torque synthetic/low-energy characterization.,Proposed plant-sign contract.,specified; evidence pending
I10,I10-R3,Wheel momentum/torque limits shall be measured and never exceeded in accepted commands.,Pointing can be infeasible under saturation.,Actuator/speed calibration and dropout/saturation replay.,Proposed constraint requirement.,specified; evidence pending
I10,I10-R4,Electrical input energy and wheel mechanical energy shall have separate ledgers.,Losses and body work prevent equality.,Voltage/current versus inertia/speed integration fixtures.,Corrected energy distinction.,specified; evidence pending
I10,I10-R5,"Sensor bias, friction and lag uncertainty shall propagate into settling/error claims.",An apparently small angle error can be calibration bias.,Independent sensor/plant holdouts.,Proposed metrology requirement.,specified; evidence pending
I10,I10-R6,Reset/sensor-dropout behavior shall reach a declared observable state without undefined commands.,Estimator/controller history affects recovery.,Deterministic simulator reset and missing-sensor traces.,Proposed bounded-service requirement.,specified; evidence pending
I11,I11-R1,"Primary variant comparisons shall use identical exposure pixels, object masks and sky statistic.",Mask/scene differences confound calibration effects.,Input/mask/estimator hash audit.,Proposed paired-comparison contract.,specified; evidence pending
I11,I11-R2,Every variant shall record dark/flat/persistence/reference versions and removed/restored sky maps.,Absolute sky can be erased silently.,Reference/history manifest and uniform-sky replay.,SKYSURF sky-preservation context.,specified; evidence pending
I11,I11-R3,"Paired covariance shall include shared photon, mask and calibration terms.",Reused exposure estimates are not independent.,Identical-variant zero-difference and covariance fixture.,Proposed uncertainty requirement.,specified; evidence pending
I11,I11-R4,"Synthetic calibration perturbations shall be recovered within 1% of inserted shift when conditioned, a proposed numerical target.",Audit estimator needs known systematic controls.,Dark/flat perturbation injection and refinement.,Proposed recovery target.,specified; evidence pending
I11,I11-R5,Filter/position/epoch/geometry effects shall be tested on withheld exposure groups.,Within-sample correction can overfit.,Stratified exposure-group holdout.,Proposed systematic-transfer requirement.,specified; evidence pending
I11,I11-R6,Mask changes shall be reported as separate sensitivity rather than folded into the primary calibration difference.,Source wings and calibrations are distinct effects.,Mask-variant lineage audit.,Proposed effect-attribution rule.,specified; evidence pending
I12,I12-R1,Primary system shall be Mars–Phobos with versioned mass/separation/mean-motion constants.,Wrong system/scaling invalidates cost comparison.,Body/constant manifest and dimensional round trip.,Original context and Horizons reference.,specified; evidence pending
I12,I12-R2,Physical delta-v shall equal nondimensional delta-v times a*n.,a/n has length-time units and is not velocity.,Unit-aware conversion fixture.,Corrected velocity scaling.,specified; evidence pending
I12,I12-R3,Target DRO shall satisfy a defined periodic-family and phase/tolerance contract.,An unspecified distant point is not an orbit target.,Periodic return and target-manifold residual.,Proposed boundary definition.,specified; evidence pending
I12,I12-R4,"All optimizers shall share representation, constraints and equal counted propagation budget.",Extra evaluations can manufacture success.,Budget ledger including failures/refinement.,Proposed fair-comparison requirement.,specified; evidence pending
I12,I12-R5,"Jacobi drift in unforced CR3BP coasts shall remain below 10^-8 scaled absolute, a proposed numerical target.",Integration drift corrupts feasibility.,Integrator refinement and invariant check.,Proposed numerical target.,specified; evidence pending
I12,I12-R6,Selected trajectories shall be rechecked independently after higher-fidelity promotion.,Simplified feasibility may disappear.,Ephemeris/J2 comparator with arrival and clearance errors.,Proposed promotion requirement.,specified; evidence pending
I13,I13-R1,Every public output shall state the safe Apophis premise and distinguish passive reference from synthetic offsets.,Historical title must not imply a current threat.,Figure/report metadata and scenario-state audit.,Verified NASA Apophis facts.,specified; evidence pending
I13,I13-R2,"State/ephemeris comparisons shall match center, frame, epoch/time scale and geometric correction.",Convention errors can imitate close-encounter sensitivity.,Matched reference/query round trip.,Horizons primary conventions.,specified; evidence pending
I13,I13-R3,Covariance shall be source-supported or explicitly illustrative; no impact probability shall be inferred from illustrative ensembles.,A state vector does not establish hazard uncertainty.,Covariance pedigree and output-type gate.,Proposed evidence contract.,specified; evidence pending
I13,I13-R4,"Variational sensitivities shall agree with central finite differences to 0.1% where linearization is conditioned, a proposed target.",Bad Jacobians corrupt encounter covariance.,Offset-size and step-refinement checks.,Proposed numerical target.,specified; evidence pending
I13,I13-R5,Linear and nonlinear encounter distributions shall be compared over increasing normalized uncertainty scales.,Close approaches can distort ellipsoids.,Monte Carlo versus STM mean/covariance diagnostics.,Proposed nonlinearity requirement.,specified; evidence pending
I13,I13-R6,"Information-gain rankings shall report assumed observation noise, cadence and independence.",Synthetic sensor models do not establish real scheduling capability.,Observation model/holdout and noise sensitivity.,Proposed passive-design requirement.,specified; evidence pending
